frame,DetObj#,x,y,z,v
15,0,-0.3276229798793793,0.9564940929412842,0.020223651081323624,0.3158400058746338
15,1,-0.29797059297561646,0.8991554975509644,0.037909891456365585,0.3158400058746338
15,2,-0.12150989472866058,2.0227341651916504,0.671521008014679,-4.93779993057251
22,0,0.5000623464584351,1.6757404804229736,0.9781851768493652,6.25324010848999
26,0,-1.201467514038086,1.794425368309021,0.7156389355659485,-3.3163201808929443
26,1,0.006171715445816517,0.3085446357727051,0.2297709584236145,0.28700000047683716
26,2,1.0730637311935425,1.3544437885284424,0.0,0.7459200024604797
26,3,-0.07166089117527008,1.7905666828155518,0.0,0.0008399999933317304
26,4,0.06539089232683182,0.6517277956008911,0.0,2.569000005722046
26,5,-1.5103281736373901,5.06120491027832,0.0,4.854640007019043
31,0,0.5126991271972656,0.5394269227981567,2.3169119358062744,4.315360069274902
33,0,-1.115336537361145,1.7789891958236694,0.6958212852478027,-1.579200029373169
47,0,2.1191372871398926,3.0975348949432373,0.1126256063580513,6.788880348205566
53,0,-0.3172086477279663,1.025449514389038,0.04295854642987251,0.0
53,1,-0.3069384694099426,1.0285701751708984,0.04295854642987251,0.0
53,2,1.6723847389221191,1.7595688104629517,0.17020592093467712,4.315360069274902
53,3,-1.9143778085708618,2.18270206451416,0.4387877285480499,4.581079959869385
56,0,-1.2532520294189453,1.8318735361099243,0.7355352640151978,-3.3163201808929443
77,0,-1.5941320657730103,1.9314943552017212,2.9089787006378174,1.3798400163650513
81,0,1.8838340044021606,2.7535927295684814,1.9102556705474854,4.702320098876953
85,0,0.0032143036369234324,0.3214196562767029,0.006429571192711592,0.21615999937057495
85,1,0.0032143036369234324,0.3214196562767029,0.006429571192711592,0.21615999937057495
85,2,0.0032143036369234324,0.3214196562767029,0.006429571192711592,0.21615999937057495
95,0,0.0,3.848750114440918,0.0,-2.936079978942871
95,1,1.9542945623397827,2.8565847873687744,1.2634069919586182,-3.6582000255584717
95,2,-0.34647807478904724,0.9491809010505676,0.040439214557409286,0.0
95,3,-0.3148662745952606,0.8901143670082092,0.08520486950874329,0.0
95,4,-0.3369691073894501,0.9525981545448303,0.040439214557409286,0.0
95,5,-0.32742640376091003,0.9559201598167419,0.040439214557409286,0.0
95,6,0.0,4.073000431060791,0.0,-8.253000259399414
106,0,2.2602999210357666,3.1660900115966797,1.3324648141860962,0.0
117,0,2.026237964630127,3.026243209838867,1.3294148445129395,-9.120160102844238
117,1,0.905838668346405,0.7337106466293335,0.3101034462451935,-5.050640106201172
117,2,0.020523499697446823,0.5128138661384583,0.0051324148662388325,0.4309200048446655
127,0,2.1690115928649902,3.170435667037964,0.3466615676879883,4.1661200523376465
127,1,0.013487177900969982,0.4494377374649048,0.0179952010512352,0.3600800037384033
129,0,0.0,4.7275004386901855,0.0,0.0
139,0,-0.34142401814460754,0.8802692890167236,0.08520486950874329,-0.3158400058746338
139,1,-0.3237515091896057,0.886921226978302,0.08520486950874329,-0.3158400058746338
139,2,-0.2943301498889923,0.8320595622062683,0.061881937086582184,-0.3158400058746338
139,3,-0.3148662745952606,0.8901143670082092,0.08520486950874329,-0.3158400058746338
139,4,-0.2859949469566345,0.8349612355232239,0.061881937086582184,-0.3158400058746338
139,5,-0.30594950914382935,0.893218457698822,0.08520486950874329,-0.3158400058746338
139,6,1.1785627603530884,3.33174991607666,2.070664644241333,0.01735999993979931
142,0,-1.4664875268936157,4.281404972076416,0.09052396565675735,-1.40447998046875
157,0,-0.25995978713035583,0.3719455599784851,0.14536044001579285,-4.987080097198486
159,0,0.0,1.346000075340271,0.0,1.0617600679397583
159,1,0.0,0.7757500410079956,0.0,1.1326000690460205
159,2,0.0,1.1360000371932983,0.0,0.9909200072288513
159,3,0.0,1.3672500848770142,0.0,1.0617600679397583
159,4,0.0,0.7772500514984131,0.0,1.1326000690460205
162,0,0.46295884251594543,2.407233953475952,0.9226942658424377,-4.497920036315918
165,0,0.5442513823509216,0.5285849571228027,0.07612298429012299,-4.903360366821289
165,1,-2.197693347930908,0.7793746590614319,2.2162604331970215,-4.782120227813721
165,2,0.8493876457214355,0.8416059017181396,1.4762420654296875,-4.924920082092285
165,3,0.013487177900969982,0.4494377374649048,0.0179952010512352,0.3600800037384033
165,4,2.041414260864258,2.9839272499084473,1.319727897644043,-2.936079978942871
168,0,-0.2741400897502899,0.7067959308624268,0.01516398973762989,-0.3158400058746338
168,1,-0.2970077097415924,0.7657538652420044,0.016428904607892036,-0.3158400058746338
168,2,1.0566247701644897,1.803369402885437,0.14654776453971863,-5.051199913024902
172,0,3.6744441986083984,2.206550121307373,0.1286206990480423,0.0005600000149570405
172,1,0.01516398973762989,0.7580984234809875,0.0,0.3158400058746338
172,2,-0.20320172607898712,0.7958024740219116,0.016428904607892036,0.3158400058746338
172,3,-0.2188469022512436,0.8570739030838013,0.01769382134079933,0.3158400058746338
172,4,-0.15019802749156952,0.6137629151344299,0.012639157474040985,-0.3158400058746338
172,5,-0.1652297079563141,0.6751877069473267,0.013904073275625706,-0.3158400058746338
175,0,0.43058696389198303,3.8986260890960693,2.193990707397461,4.480000019073486
175,1,-1.3063536882400513,2.335448980331421,1.7152204513549805,-4.753000259399414
181,0,0.347055584192276,1.0472742319107056,0.21218298375606537,1.0063199996948242
181,1,0.0,1.0180000066757202,0.0,1.0617600679397583
181,2,0.02554074302315712,0.31857794523239136,0.015993334352970123,0.2886800169944763
181,3,0.0,0.6659666895866394,0.006659889128059149,4.802560329437256
181,4,0.0,2.293750047683716,0.0,0.7168000340461731
181,5,-2.1415655612945557,0.711585283279419,0.4106490910053253,0.7327600121498108
181,6,0.020523499697446823,0.5128138661384583,0.0051324148662388325,0.4309200048446655
187,0,-0.9188921451568604,1.0476864576339722,0.32629284262657166,-4.848480224609375
187,1,-2.796992540359497,1.5674479007720947,2.337726593017578,-4.801720142364502
190,0,-2.0896778106689453,1.226614236831665,0.24311932921409607,-3.155320167541504
190,1,-2.8040428161621094,1.645937442779541,0.3262306749820709,-3.585400104522705
190,2,-2.249457836151123,1.3204030990600586,0.3145139217376709,-3.155320167541504
190,3,-1.5173627138137817,2.5897231101989746,0.36191993951797485,-3.4020001888275146
193,0,-1.237113356590271,1.7700384855270386,0.7156389355659485,4.737600326538086
193,1,-0.0328446701169014,0.8206788301467896,0.016428904607892036,-0.7896000146865845
195,0,1.9465687274932861,2.6144447326660156,2.4268531799316406,-1.4658000469207764
195,1,0.013487177900969982,0.4494377374649048,0.0179952010512352,0.3600800037384033
195,2,2.041414260864258,2.9839272499084473,1.319727897644043,-2.936079978942871
202,0,0.0,0.3616875112056732,0.49523499608039856,0.8492400050163269
202,1,0.0,1.227250099182129,0.0,0.9200800061225891
202,2,0.0,0.5867500305175781,0.0,0.8492400050163269
202,3,0.0,1.125,0.0,0.9200800061225891
202,4,0.0,0.5492500066757202,0.0,0.8492400050163269
202,5,-0.9531851410865784,0.47320014238357544,0.7923290729522705,1.5831199884414673
207,0,-2.572627305984497,3.1813406944274902,0.3692210912704468,4.613840103149414
214,0,-3.078514575958252,2.70440673828125,0.2873077690601349,-1.7371200323104858
214,1,-2.9459075927734375,2.5361740589141846,1.117789626121521,0.4737600088119507
216,0,-1.201467514038086,1.794425368309021,0.7156389355659485,1.2633600234985352
223,0,0.013487177900969982,0.4494377374649048,0.0179952010512352,0.3600800037384033
223,1,2.041414260864258,2.9839272499084473,1.319727897644043,-2.936079978942871
227,0,-1.201467514038086,1.794425368309021,0.7156389355659485,-5.8430399894714355
234,0,2.049626588821411,3.4981517791748047,2.5987329483032227,5.505080223083496
251,0,0.0,4.094250202178955,0.0,5.95028018951416
256,0,0.16319656372070312,2.0356035232543945,1.1156233549118042,-4.898600101470947
316,0,-0.025273261591792107,1.263494610786438,0.02527831494808197,0.3158400058746338
316,1,-0.026521997526288033,1.3259230852127075,0.053075842559337616,0.3158400058746338
316,2,-0.012637262232601643,1.2636841535568237,0.02527831494808197,0.3158400058746338
316,3,-0.013261661864817142,1.3261220455169678,0.053075842559337616,0.3158400058746338
321,0,1.349294662475586,2.059462308883667,2.9183990955352783,-8.870400428771973
321,1,-1.7157710790634155,2.73669695854187,2.1627144813537598,-8.67888069152832
321,2,-0.04405219852924347,0.5494773387908936,0.41042259335517883,0.6171200275421143
324,0,-0.23495468497276306,1.1023364067077637,0.045107968151569366,-0.6316800117492676
324,1,0.012937678024172783,0.32326945662498474,0.2725040912628174,-0.9321200251579285
324,2,0.05869876965880394,0.9771385788917542,0.5604807734489441,-1.0010000467300415
324,3,-2.107746124267578,2.6604418754577637,2.322092056274414,7.952840328216553
324,4,0.020523499697446823,0.5128138661384583,0.0051324148662388325,0.4309200048446655
324,5,-0.15027210116386414,0.7413156628608704,0.05303416773676872,-0.3158400058746338
324,6,-0.1625463217496872,0.8018662333488464,0.07383523136377335,0.3158400058746338
324,7,-0.11926335841417313,0.6201303005218506,0.025273259729146957,0.3158400058746338
324,8,-0.13098259270191193,0.6810664534568787,0.04862776771187782,0.3158400058746338
324,9,-0.1428515762090683,0.7427812814712524,0.05303416773676872,-0.3158400058746338
324,10,-0.1545196771621704,0.8034515380859375,0.07383523136377335,0.3158400058746338
324,11,-0.11305619031190872,0.6212918758392334,0.025273259729146957,0.3158400058746338
324,12,-0.12416548281908035,0.6823421716690063,0.04862776771187782,0.3158400058746338
324,13,-0.11340592801570892,0.867433488368988,0.13221539556980133,0.3158400058746338
324,14,-0.10472606867551804,0.8685241937637329,0.13221539556980133,0.3158400058746338
324,15,0.020523499697446823,0.5128138661384583,0.0051324148662388325,0.4309200048446655
328,0,-0.23963186144828796,0.8333446383476257,0.17577269673347473,-0.4737600088119507
328,1,-0.13121344149112701,0.6156138777732849,0.05680324137210846,-0.3158400058746338
328,2,-0.14434516429901123,0.6772239804267883,0.06248806044459343,-0.3158400058746338
328,3,-0.15692803263664246,0.7362589240074158,0.09077178686857224,-0.3158400058746338
328,4,-0.10028159618377686,0.6214024424552917,0.05680324137210846,0.3158400058746338
328,5,-0.11031768471002579,0.6835918426513672,0.06248806044459343,-0.3158400058746338
328,6,-0.1203141137957573,0.7455354332923889,0.06815040856599808,-0.3158400058746338
328,7,-0.12993870675563812,0.8051750063896179,0.09834358096122742,0.3158400058746338
328,8,-0.08464895188808441,0.5600875616073608,0.05111842602491379,0.3158400058746338
328,9,-0.09406265616416931,0.6223741769790649,0.05680324137210846,0.3158400058746338
328,10,-0.10347636044025421,0.6846608519554138,0.06248806044459343,0.3158400058746338
328,11,-0.11285286396741867,0.7467013001441956,0.06815040856599808,0.3158400058746338
328,12,-1.8250197172164917,1.882107138633728,1.9114803075790405,-4.793600082397461
328,13,0.020523499697446823,0.5128138661384583,0.0051324148662388325,0.4309200048446655
328,14,-2.6718602180480957,5.8258562088012695,0.7728320956230164,0.8604400157928467
328,15,1.9053399562835693,2.6132237911224365,2.2125513553619385,5.891479969024658
332,0,0.010270954109728336,0.3422624170780182,0.9970928430557251,-4.721920013427734
332,1,-0.16705317795276642,0.8686217069625854,0.3128942847251892,-4.864439964294434
336,0,0.013487177900969982,0.4494377374649048,0.0179952010512352,0.3600800037384033
336,1,2.041414260864258,2.9839272499084473,1.319727897644043,-2.936079978942871
341,0,-0.15696147084236145,0.42999789118766785,0.0,3.1567201614379883
341,1,-0.2977825701236725,0.7244350910186768,0.0,4.877320289611816
341,2,-0.20059522986412048,0.5495330691337585,0.0,-7.165200233459473
341,3,-0.20033805072307587,0.5488285422325134,0.0,-1.4308000802993774
341,4,-1.9792182445526123,3.801723003387451,0.1286206990480423,0.0
345,0,-0.06912826746702194,0.6889768838882446,0.06248806044459343,0.3158400058746338
345,1,-0.06787458807229996,0.7521247863769531,0.06815040856599808,0.3158400058746338
352,0,0.00626237690448761,0.3130771219730377,0.22355327010154724,0.28700000047683716
367,0,-0.05675780773162842,0.6289386749267578,0.025273259729146957,0.3158400058746338
367,1,-0.062438078224658966,0.691882312297821,0.027802584692835808,0.3158400058746338
371,0,-0.12050719559192657,0.7467319369316101,0.05303416773676872,0.3158400058746338
371,1,-0.48994898796081543,4.063291549682617,0.1637963205575943,-0.3158400058746338
382,0,-1.446777582168579,1.6832220554351807,0.7355352640151978,-0.7896000146865845
384,0,-0.6611076593399048,2.823516607284546,0.2033238559961319,0.0
384,1,-0.6328399181365967,2.829986333847046,0.2033238559961319,0.0
387,0,2.727407932281494,0.9062451720237732,1.249142050743103,-0.21503999829292297
387,1,-1.2722643613815308,1.7449439764022827,0.7156389355659485,-1.8950400352478027
387,2,2.713097333908081,4.630515098571777,0.8111128211021423,-0.9142000079154968
387,3,0.007694486994296312,0.3846730589866638,0.0,0.28700000047683716
387,4,0.0,3.328000068664551,0.0,0.0
387,5,0.06539089232683182,0.6517277956008911,0.0,2.569000005722046
387,6,-0.02594078704714775,0.5183833241462708,0.33268314599990845,0.6370000243186951
387,7,0.01323919277638197,0.3308032751083374,0.5640124082565308,0.7786800265312195
387,8,0.035395607352256775,0.884418249130249,1.5079138278961182,0.7078400254249573
387,9,0.015531758777797222,0.38808685541152954,0.6616796851158142,0.7786800265312195
387,10,0.012809018604457378,0.32005468010902405,0.5456863045692444,0.6370000243186951
387,11,0.030253781005740166,0.7559410929679871,1.288863182067871,0.7078400254249573
387,12,1.021389365196228,0.761734127998352,2.1706717014312744,4.6113200187683105
387,13,0.17363731563091278,4.338617324829102,0.30444374680519104,0.35840001702308655
387,14,0.0,2.56000018119812,0.0,0.0
392,0,-0.05676890164613724,0.5657954812049866,0.011374241672456264,0.3158400058746338
392,1,0.013487177900969982,0.4494377374649048,0.0179952010512352,0.3600800037384033
403,0,-0.08783432096242905,0.6232836842536926,0.05680324137210846,0.3158400058746338
403,1,-0.08990741521120071,0.6876951456069946,0.04862776771187782,0.3158400058746338
403,2,-0.08159719407558441,0.6241308450698853,0.05680324137210846,-0.3158400058746338
403,3,-0.08976336568593979,0.6865932941436768,0.06248806044459343,0.3158400058746338
403,4,-0.06218371540307999,0.5630245804786682,0.05111842602491379,-0.3158400058746338
403,5,0.47158679366111755,1.772739052772522,1.365786075592041,-3.3804399967193604
403,6,0.02554074302315712,0.31857794523239136,0.015993334352970123,0.2886800169944763
403,7,0.0,0.6659666895866394,0.006659889128059149,4.802560329437256
403,8,0.0,2.293635368347168,0.022937117144465446,0.7168000340461731
406,0,0.0,4.104000091552734,0.0,5.5064802169799805
411,0,2.1281633377075195,2.0259439945220947,0.2060166597366333,4.613840103149414
416,0,1.7858494520187378,4.223931312561035,1.5707985162734985,-4.832520008087158
423,0,-0.119066521525383,0.6191067695617676,0.04420388117432594,-0.3158400058746338
423,1,-0.11286959797143936,0.6202664971351624,0.04420388117432594,-0.3158400058746338
423,2,2.032895565032959,2.2263922691345215,2.24470853805542,-6.624800205230713
432,0,-0.04419504478573799,0.6303262114524841,0.012639157474040985,-0.3158400058746338
432,1,-0.04861804097890854,0.6934086680412292,0.013904073275625706,0.3158400058746338
435,0,0.0032143036369234324,0.3214196562767029,0.006429571192711592,0.21615999937057495
437,0,-0.47563350200653076,3.9445691108703613,2.546658515930176,0.16380000114440918
437,1,0.7449415922164917,2.3255624771118164,1.6706359386444092,0.6879600286483765
439,0,-0.06247556209564209,0.6922976970672607,0.013904073275625706,0.3158400058746338
439,1,-0.04544239118695259,0.5668176412582397,0.011374241672456264,-0.3158400058746338
439,2,-0.05049598589539528,0.6298527717590332,0.012639157474040985,0.3158400058746338
439,3,-0.05554957687854767,0.6928878426551819,0.013904073275625706,0.3158400058746338
439,4,-0.03977204114198685,0.5672436952590942,0.011374241672456264,-0.3158400058746338
439,5,-0.04419504478573799,0.6303262114524841,0.012639157474040985,0.3158400058746338
439,6,-0.04861804097890854,0.6934086680412292,0.013904073275625706,0.3158400058746338
439,7,0.0,3.848750114440918,0.0,-2.936079978942871
439,8,1.9542945623397827,2.8565847873687744,1.2634069919586182,-3.6582000255584717
442,0,0.71222323179245,0.9176895022392273,2.5275912284851074,-4.834199905395508
445,0,-0.10572393983602524,0.7502307295799255,0.030321914702653885,0.3158400058746338
445,1,-0.09011011570692062,0.6892455816268921,0.013904073275625706,-0.3158400058746338
445,2,-0.06803185492753983,0.5642082691192627,0.022743934765458107,0.3158400058746338
445,3,-0.0755975991487503,0.6269532442092896,0.025273259729146957,-0.3158400058746338
469,0,2.0937328338623047,3.1270484924316406,0.5687615275382996,-7.930160045623779
469,1,-2.5896377563476562,3.202375888824463,0.08237951248884201,-6.926360130310059
479,0,-0.278201699256897,0.35115209221839905,0.0,-3.0766401290893555
479,1,3.0102508068084717,2.4885013103485107,1.935058832168579,-4.95851993560791
479,2,-1.171642780303955,1.7498812675476074,2.083289384841919,-4.943120002746582
479,3,-3.6295812129974365,2.279592752456665,0.1286206990480423,0.0005600000149570405
479,4,0.10972730815410614,0.30059927701950073,0.0,0.0
479,5,0.27260127663612366,0.5790411233901978,0.0,0.0002800000074785203
482,0,1.4155874252319336,2.1142194271087646,2.8385796546936035,3.8043601512908936
487,0,-0.06308210641145706,0.6287169456481934,0.012639157474040985,-1.579200029373169
487,1,-0.06935366243124008,0.6912233829498291,0.027802584692835808,-1.579200029373169
487,2,-0.0755133107304573,0.7526143193244934,0.05303416773676872,-0.3158400058746338
487,3,-0.2773897051811218,2.7646448612213135,0.11120034009218216,0.4737600088119507
487,4,-0.4719028174877167,5.2291998863220215,0.10502299666404724,-1.1054400205612183
490,0,-3.7741451263427734,5.286591529846191,0.45543286204338074,3.421880006790161
492,0,-3.8001456260681152,1.9822449684143066,0.1286206990480423,0.0002800000074785203
492,1,-0.4024275541305542,0.4976465702056885,0.0,0.0
495,0,-0.6746066212654114,3.9299728870391846,0.07975968718528748,-9.001160621643066
495,1,1.9695079326629639,2.7587661743164062,2.318986654281616,-4.466279983520508
495,2,-2.269618272781372,2.864760398864746,1.9027611017227173,-6.183239936828613
502,0,0.007694486994296312,0.3846730589866638,0.0,0.28700000047683716
508,0,-2.777644395828247,2.11506986618042,0.0,4.357640266418457
508,1,-2.5670254230499268,3.047679901123047,0.2793866991996765,-4.817399978637695
508,2,-0.30903124809265137,0.46154677867889404,0.3800043761730194,-4.9232401847839355
515,0,-0.034720223397016525,0.6938257217407227,0.027802584692835808,0.3158400058746338
517,0,-0.03474106639623642,0.6942422986030579,0.013904073275625706,0.3158400058746338
517,1,-0.03788912668824196,0.7571510076522827,0.01516398973762989,-1.1054400205612183
517,2,-0.04102504253387451,0.819817066192627,0.032851241528987885,-1.1054400205612183
517,3,-0.027797024697065353,0.6945549845695496,0.013904073275625706,0.3158400058746338
517,4,-0.0302976593375206,0.7570374608039856,0.030321914702653885,-1.1054400205612183
517,5,0.0,4.001250267028809,0.0,4.51584005355835
517,6,0.3425200283527374,4.27236270904541,0.1286206990480423,0.0002800000074785203
517,7,0.27260127663612366,0.5790411233901978,0.0,0.0
517,8,-0.15349534153938293,0.42050236463546753,0.01791522279381752,-8.025360107421875
517,9,0.0,0.64000004529953,0.0,0.0
517,10,1.1424617767333984,3.4474904537200928,2.5383758544921875,-5.220040321350098
517,11,3.1628260612487793,2.8925654888153076,0.1286206990480423,0.0002800000074785203
520,0,-1.763463020324707,0.5664344429969788,1.3504672050476074,4.26747989654541
523,0,-0.17979663610458374,0.7347133755683899,0.05303416773676872,0.4737600088119507
523,1,-0.19479450583457947,0.796000063419342,0.0574580542743206,0.4737600088119507
523,2,-0.14349865913391113,0.6128666400909424,0.05680324137210846,0.4737600088119507
523,3,-0.15811321139335632,0.6752837300300598,0.04862776771187782,0.4737600088119507
523,4,-0.17244063317775726,0.7364745736122131,0.05303416773676872,0.4737600088119507
523,5,-0.18682488799095154,0.7979081273078918,0.0574580542743206,0.4737600088119507
523,6,-0.15135258436203003,0.676831066608429,0.04862776771187782,0.4737600088119507
523,7,-3.0012669563293457,5.493782043457031,1.3342996835708618,0.28672000765800476
523,8,0.0,2.752000093460083,0.0,0.0
523,9,0.06539761275053024,0.35938772559165955,0.7358165383338928,4.122440338134766
523,10,0.020523499697446823,0.5128138661384583,0.0051324148662388325,0.4309200048446655
526,0,-3.370434284210205,1.631416916847229,1.8088041543960571,-0.6451200246810913
526,1,-2.9151577949523926,5.738884925842285,0.5808850526809692,-0.43007999658584595
526,2,-0.827340304851532,2.7724695205688477,2.2922143936157227,-4.847360134124756
526,3,2.937988758087158,3.7855565547943115,2.1399269104003906,-4.777359962463379
526,4,-0.5736157298088074,0.6035192012786865,1.6771957874298096,-4.766720294952393
526,5,-0.08172813802957535,0.6251324415206909,0.04420388117432594,-9.001160621643066
530,0,-0.1624424308538437,0.6106363534927368,0.012639157474040985,-0.4737600088119507
530,1,-0.17869950830936432,0.6717482805252075,0.013904073275625706,-0.4737600088119507
530,2,-0.19489236176013947,0.7326186895370483,0.01516398973762989,-0.4737600088119507
530,3,-0.05771520361304283,0.8231558203697205,1.2851366996765137,0.8492400050163269
530,4,-0.04263688623905182,0.6081032156944275,0.9493896961212158,0.9200800061225891
530,5,-0.02296704612672329,0.3275645971298218,0.5114040374755859,0.7786800265312195
530,6,-0.06185324490070343,0.8821740746498108,1.3772777318954468,0.8492400050163269
530,7,-0.043250974267721176,0.6168615818023682,0.9630635976791382,0.9200800061225891
530,8,-0.6769488453865051,0.7413827776908875,0.040179282426834106,-4.725560188293457
530,9,0.0032143036369234324,0.3214196562767029,0.006429571192711592,0.21615999937057495
530,10,0.0032143036369234324,0.3214196562767029,0.006429571192711592,0.21615999937057495
530,11,0.0032143036369234324,0.3214196562767029,0.006429571192711592,0.21615999937057495
530,12,0.007694486994296312,0.3846730589866638,0.0,0.28700000047683716
530,13,0.18895560503005981,4.721370697021484,0.3313017785549164,0.35840001702308655
530,14,0.8743482232093811,1.103621006011963,0.0,0.7459200024604797
530,15,0.0,0.9600000381469727,0.0,0.0
530,16,0.06539089232683182,0.6517277956008911,0.0,2.569000005722046
544,0,-0.1981949359178543,0.5429574251174927,0.0,-2.7210400104522705
544,1,-0.17260554432868958,0.4199087619781494,0.0,6.454280376434326
544,2,-0.15421830117702484,0.4224829077720642,0.0,-0.06887999922037125
544,3,-2.9462225437164307,2.3379786014556885,2.742321729660034,-4.454800128936768
544,4,-0.2997799813747406,4.275574207305908,0.1286206990480423,0.0
544,5,0.17686763405799866,0.6150755286216736,0.0,0.0
563,0,0.004228026140481234,0.4227885603904724,0.01268809661269188,-1.6475200653076172
563,1,0.003973480314016342,0.3973347842693329,0.14504577219486237,-1.6480799913406372
563,2,-0.09717535227537155,0.8798463344573975,2.346057176589966,-4.896359920501709
563,3,0.047312237322330475,0.36188778281211853,0.21384060382843018,-1.93340003490448
563,4,0.007653688546270132,0.38263341784477234,0.180172398686409,-1.8625600337982178
563,5,0.028264420107007027,0.40311771631240845,0.12500503659248352,-1.8625600337982178
566,0,0.0,4.421500205993652,0.0,0.0
566,1,3.2109344005584717,2.200474262237549,0.4299193024635315,-4.75383996963501
569,0,1.9465687274932861,2.6144447326660156,2.4268531799316406,-0.001120000029914081
569,1,0.2090892493724823,1.1490343809127808,2.352552652359009,4.122440338134766
574,0,-0.09011011570692062,0.6892455816268921,0.013904073275625706,0.3158400058746338
574,1,-0.08321326971054077,0.6901121735572815,0.013904073275625706,0.3158400058746338
574,2,0.0,4.533750057220459,0.0,0.0
574,3,-0.2997799813747406,4.275574207305908,0.1286206990480423,0.0
574,4,0.22545550763607025,0.5989740490913391,0.0,0.0
574,5,-1.1592358350753784,5.183967590332031,0.0,0.03976000100374222
582,0,0.0,3.848750114440918,0.0,-2.936079978942871
582,1,1.9542945623397827,2.8565847873687744,1.2634069919586182,-3.6582000255584717
587,0,-0.17563208937644958,0.8664203882217407,0.035380564630031586,-0.3158400058746338
587,1,0.0,4.847750186920166,0.0,4.085760116577148
590,0,-3.0359153747558594,2.264132022857666,2.761321783065796,1.8905600309371948
593,0,1.9465687274932861,2.6144447326660156,2.4268531799316406,-0.001120000029914081
593,1,1.3888713121414185,4.05480432510376,0.1286206990480423,0.0005600000149570405
593,2,0.4409097731113434,0.4638950824737549,0.0,0.0002800000074785203
19,0,0.0032143036369234324,0.3214196562767029,0.006429571192711592,0.21615999937057495
21,0,0.0032143036369234324,0.3214196562767029,0.006429571192711592,0.21615999937057495
25,0,-0.28007450699806213,0.7917594313621521,0.2783127725124359,0.3158400058746338
25,1,-0.2871159017086029,0.8963198661804199,0.11348717659711838,-0.3158400058746338
26,0,-0.3223241865634918,0.8830111026763916,0.12289317697286606,-0.3158400058746338
26,1,-0.26428699493408203,0.7715849280357361,0.09834358096122742,-0.3158400058746338
28,0,0.2997799813747406,4.275574207305908,0.1286206990480423,0.0002800000074785203
31,0,0.0,1.224250078201294,0.0,0.9909200072288513
31,1,0.0,1.03125,0.0,0.9909200072288513
31,2,0.0,1.5632500648498535,0.0,1.0617600679397583
31,3,0.0,0.8595000505447388,0.0,0.9909200072288513
31,4,0.007694486994296312,0.3846730589866638,0.0,0.28700000047683716
31,5,1.271779179573059,1.605266809463501,0.0,0.7459200024604797
31,6,0.0,5.504000186920166,0.0,0.0
31,7,0.06539089232683182,0.6517277956008911,0.0,2.569000005722046
31,8,0.0,1.224250078201294,0.0,0.9909200072288513
31,9,0.0,1.03125,0.0,0.9909200072288513
31,10,0.0,1.5632500648498535,0.0,1.0617600679397583
31,11,0.0,0.8595000505447388,0.0,0.9909200072288513
31,12,0.0,1.3782501220703125,0.0,1.0617600679397583
31,13,-2.0097014904022217,2.3860015869140625,2.6276028156280518,3.8236801624298096
31,14,2.289452075958252,3.2069246768951416,1.1758354902267456,0.0
37,0,-0.29371178150177,0.47905606031417847,1.4453595876693726,-4.679080009460449
53,0,0.0032143036369234324,0.3214196562767029,0.006429571192711592,0.21615999937057495
53,1,0.0032143036369234324,0.3214196562767029,0.006429571192711592,0.21615999937057495
53,2,0.013487177900969982,0.4494377374649048,0.0179952010512352,0.3600800037384033
53,3,2.041414260864258,2.9839272499084473,1.319727897644043,-2.936079978942871
53,4,0.020523499697446823,0.5128138661384583,0.0051324148662388325,0.4309200048446655
53,5,0.02554074302315712,0.31857794523239136,0.015993334352970123,0.2886800169944763
53,6,0.0,0.6660000085830688,0.0,4.802560329437256
53,7,0.0,2.293750047683716,0.0,0.7168000340461731
53,8,0.02554074302315712,0.31857794523239136,0.015993334352970123,0.2886800169944763
53,9,0.0,0.6660000085830688,0.0,4.802560329437256
60,0,0.0032143036369234324,0.3214196562767029,0.006429571192711592,0.21615999937057495
65,0,-0.381700724363327,0.9285882115364075,0.12105897068977356,-0.3158400058746338
65,1,-0.3242710828781128,0.8883445858955383,0.06630582362413406,-0.3158400058746338
65,2,-0.29499372839927673,0.8339354991912842,0.01769382134079933,-0.3158400058746338
70,0,-1.2715078592300415,1.8192495107650757,0.7355352640151978,-3.3163201808929443
70,1,-1.2193512916564941,1.7823209762573242,0.7156389355659485,8.211840629577637
70,2,0.020523499697446823,0.5128138661384583,0.0051324148662388325,0.4309200048446655
72,0,0.0032143036369234324,0.3214196562767029,0.006429571192711592,0.21615999937057495
74,0,0.02554074302315712,0.31857794523239136,0.015993334352970123,0.2886800169944763
74,1,0.0,0.6660000085830688,0.0,4.802560329437256
74,2,0.0,2.293750047683716,0.0,0.7168000340461731
74,3,0.02554074302315712,0.31857794523239136,0.015993334352970123,0.2886800169944763
74,4,0.0,0.6660000085830688,0.0,4.802560329437256
74,5,0.0,2.293750047683716,0.0,0.7168000340461731
74,6,0.020523499697446823,0.5128138661384583,0.0051324148662388325,0.4309200048446655
74,7,0.013487177900969982,0.4494377374649048,0.0179952010512352,0.3600800037384033
74,8,2.041414260864258,2.9839272499084473,1.319727897644043,-2.936079978942871
80,0,0.19428905844688416,0.8297867774963379,0.5956389904022217,3.0058000087738037
80,1,0.8514392375946045,1.1926440000534058,1.0025227069854736,-7.992880344390869
82,0,0.007694486994296312,0.3846730589866638,0.0,0.28700000047683716
82,1,3.298677444458008,4.163661003112793,0.0,0.7459200024604797
82,2,-0.09213542938232422,2.302157163619995,0.0,0.0008399999933317304
82,3,0.06539089232683182,0.6517277956008911,0.0,2.569000005722046
82,4,3.6963255405426025,2.169696092605591,0.1286206990480423,0.0
85,0,2.1126344203948975,0.9966431260108948,0.3291822373867035,0.28756001591682434
88,0,-0.25474703311920166,1.9485411643981934,1.4328001737594604,0.0008399999933317304
95,0,0.2767738997936249,2.29536771774292,0.34942373633384705,0.0
95,1,0.2997133731842041,2.292485237121582,0.34942373633384705,0.0
95,2,0.2137390822172165,0.5678466558456421,1.2221808433532715,4.553639888763428
98,0,3.9345672130584717,4.966294288635254,0.0,0.7459200024604797
98,1,0.0,1.7920000553131104,0.0,0.0
98,2,0.06539089232683182,0.6517277956008911,0.0,2.569000005722046
101,0,0.02252737060189247,1.126218318939209,0.01126481220126152,7.517160415649414
127,0,0.0,4.655250072479248,0.0,1.203160047531128
127,1,-0.07550042867660522,0.3925774395465851,0.2914793789386749,2.2455999851226807
127,2,0.18259982764720917,1.0034637451171875,2.054508924484253,4.122440338134766
150,0,-0.315371572971344,0.8915427923202515,0.06630582362413406,-0.3158400058746338
152,0,0.1781105101108551,1.775164246559143,0.9516055583953857,5.141360282897949
160,0,2.0140576362609863,2.7623329162597656,2.049217462539673,7.054880142211914
160,1,2.296955108642578,3.2174341678619385,0.4366157650947571,-9.151519775390625
168,0,-1.237113356590271,1.7700384855270386,0.7156389355659485,0.9475200176239014
170,0,-0.16822922229766846,5.605958938598633,0.2806580364704132,-4.838400363922119
181,0,1.1697649955749512,5.770632743835449,0.0,0.011760000139474869
185,0,-1.1177878379821777,1.7061076164245605,0.6759248971939087,-6.316800117492676
185,1,-1.1506907939910889,1.7563282251358032,0.6958212852478027,-6.316800117492676
185,2,-1.183463454246521,1.8063499927520752,0.7156389355659485,-3.0004801750183105
191,0,-0.4122653007507324,0.9231765866279602,0.020223651081323624,0.0
191,1,0.0,0.32350000739097595,0.0,0.9909200072288513
191,2,0.0,0.6367500424385071,0.0,1.0617600679397583
191,3,0.0,0.6117500066757202,0.0,1.0617600679397583
191,4,0.007694486994296312,0.3846730589866638,0.0,0.28700000047683716
191,5,0.06385616213083267,1.5955525636672974,0.11196102201938629,0.35840001702308655
191,6,0.0,3.136000156402588,0.0,0.0
191,7,0.06539089232683182,0.6517277956008911,0.0,2.569000005722046
191,8,0.0,0.32686808705329895,0.2095121443271637,1.0617600679397583
191,9,0.0,0.3125,0.0,0.9909200072288513
191,10,0.0,0.43525001406669617,0.0,1.0617600679397583
191,11,0.0,0.3242500126361847,0.0,0.9909200072288513
191,12,-2.606142520904541,3.1576740741729736,0.0,-1.0989999771118164
198,0,-0.2846353352069855,0.830991804599762,0.1059153825044632,-0.3158400058746338
200,0,-1.2722643613815308,1.7449439764022827,0.7156389355659485,6.000960350036621
203,0,-0.3363044559955597,0.8181498050689697,0.01769382134079933,0.4737600088119507
203,1,-0.3331381380558014,0.8850575089454651,0.06630582362413406,0.3158400058746338
205,0,-0.21852847933769226,0.3906767964363098,0.01791522279381752,-4.43996000289917
205,1,2.1826376914978027,3.1903529167175293,0.7034072279930115,-5.016200065612793
211,0,-1.1471022367477417,1.8296563625335693,0.7156389355659485,6.158880233764648
211,1,-1.0974911451339722,1.7900534868240356,0.6958212852478027,5.3692803382873535
211,2,-0.28913775086402893,0.9026317000389099,0.018958736211061478,0.3158400058746338
211,3,0.013487177900969982,0.4494377374649048,0.0179952010512352,0.3600800037384033
224,0,1.5904486179351807,4.799334526062012,0.0,0.06132000312209129
224,1,1.530051827430725,4.617081642150879,0.0,0.06132000312209129
224,2,1.5904486179351807,4.799334526062012,0.0,0.06160000339150429
224,3,1.5904486179351807,4.799334526062012,0.0,0.061879999935626984
224,4,0.0,3.2502501010894775,0.0,0.0
224,5,0.3378996253013611,1.054856777191162,1.235735297203064,-1.5240399837493896
224,6,0.0032143036369234324,0.3214196562767029,0.006429571192711592,0.21615999937057495
224,7,1.5934208631515503,2.279836654663086,1.0153204202651978,-4.506880283355713
229,0,-2.4730172157287598,0.877013623714447,0.754520058631897,4.308640003204346
232,0,0.0,2.496000051498413,0.0,0.0
234,0,-0.44606414437294006,0.836284339427948,0.018958736211061478,0.0
234,1,-0.4292503595352173,0.8450377583503723,0.018958736211061478,0.0
234,2,0.0032143036369234324,0.3214196562767029,0.006429571192711592,0.21615999937057495
234,3,0.0,3.848750114440918,0.0,-2.936079978942871
234,4,1.9542945623397827,2.8565847873687744,1.2634069919586182,-3.6582000255584717
238,0,-0.42786359786987305,0.9844290614128113,0.04295854642987251,0.3158400058746338
238,1,-0.4179980754852295,0.9886584281921387,0.04295854642987251,0.3158400058746338
238,2,0.0,1.9200000762939453,0.0,0.0
238,3,0.06539089232683182,0.6517277956008911,0.0,2.569000005722046
241,0,0.02554074302315712,0.31857794523239136,0.015993334352970123,0.2886800169944763
241,1,0.0,0.6659666895866394,0.006659889128059149,4.802560329437256
244,0,-1.2715078592300415,1.8192495107650757,0.7355352640151978,-3.7900800704956055
244,1,-1.201467514038086,1.794425368309021,0.7156389355659485,-3.0004801750183105
244,2,-0.3336888551712036,0.8865206241607666,0.037909891456365585,0.3158400058746338
252,0,-2.8589978218078613,2.5626702308654785,1.2723431587219238,-2.2108800411224365
252,1,-2.9131877422332764,2.6642584800720215,1.135200023651123,-2.368800163269043
256,0,-0.230082705616951,2.8698959350585938,2.628880023956299,-4.8988800048828125
256,1,2.0600109100341797,2.600189685821533,2.221132278442383,-4.927160263061523
266,0,0.020523499697446823,0.5128138661384583,0.0051324148662388325,0.4309200048446655
266,1,-0.48628902435302734,0.4722910523414612,2.1852710247039795,0.30296000838279724
266,2,-1.947738766670227,4.361528396606445,0.38295120000839233,-8.082200050354004
266,3,0.020523499697446823,0.5128138661384583,0.0051324148662388325,0.4309200048446655
277,0,-1.929019808769226,2.3372535705566406,2.7671091556549072,8.114680290222168
280,0,-1.0149658918380737,2.616814374923706,1.0564703941345215,-4.682159900665283
282,0,-1.2722643613815308,1.7449439764022827,0.7156389355659485,-3.948000192642212
284,0,-1.237113356590271,1.7700384855270386,0.7156389355659485,-3.7900800704956055
284,1,-1.2532520294189453,1.8318735361099243,0.7355352640151978,0.9475200176239014
288,0,-2.2833032608032227,2.823559284210205,1.1631885766983032,4.35260009765625
288,1,-0.7863516807556152,1.5104403495788574,1.1649985313415527,-4.626160144805908
288,2,-0.8233945369720459,0.358652800321579,0.6411722898483276,-8.645840644836426
288,3,0.0,3.848750114440918,0.0,-2.936079978942871
288,4,1.9542945623397827,2.8565847873687744,1.2634069919586182,-3.6582000255584717
288,5,-2.2833032608032227,2.823559284210205,1.1631885766983032,4.35260009765625
294,0,-1.7373241186141968,1.6538774967193604,1.785913109779358,-5.728800296783447
303,0,-1.201467514038086,1.794425368309021,0.7156389355659485,-3.158400058746338
320,0,0.6219871640205383,1.255401611328125,2.4424471855163574,0.14952000975608826
320,1,0.6674039363861084,1.3138755559921265,2.3993232250213623,0.14363999664783478
320,2,0.7295258641242981,1.4012881517410278,2.407127857208252,0.11116000264883041
320,3,0.6361244916915894,1.2839360237121582,2.497962236404419,0.1679999977350235
320,4,0.6825735569000244,1.3437390327453613,2.4538581371307373,0.15931999683380127
320,5,0.7619577050209045,1.4635839462280273,2.514139175415039,0.12152000516653061
320,6,0.6643991470336914,1.341004729270935,2.608992338180542,0.1775200068950653
335,0,-2.136920213699341,3.2616348266601562,2.1302077770233154,-4.893840312957764
341,0,-0.2776311933994293,0.8377793431282043,0.061881937086582184,0.0
341,1,-0.2504052221775055,0.7817162871360779,0.032851241528987885,0.0
341,2,-0.2692396640777588,0.8405137062072754,0.061881937086582184,0.0
341,3,-0.3059409260749817,1.0252273082733154,0.0965520367026329,0.0
341,4,-0.29567354917526245,1.0282354354858398,0.0965520367026329,0.0
341,5,-0.28537654876708984,1.031140685081482,0.0965520367026329,0.0
341,6,-0.275051087141037,1.0339428186416626,0.0965520367026329,0.0
341,7,-0.2646980583667755,1.0366415977478027,0.0965520367026329,0.0
341,8,0.020523499697446823,0.5128138661384583,0.0051324148662388325,0.4309200048446655
341,9,1.895746111869812,3.0920403003692627,1.888215184211731,-5.039720058441162
341,10,-1.9651751518249512,2.3810603618621826,2.707763195037842,9.080679893493652
341,11,0.020523499697446823,0.5128138661384583,0.0051324148662388325,0.4309200048446655
349,0,-1.168196201324463,1.7447336912155151,0.6958212852478027,-3.632160186767578
349,1,-1.201467514038086,1.794425368309021,0.7156389355659485,-6.948480129241943
351,0,0.0032143036369234324,0.3214196562767029,0.006429571192711592,0.21615999937057495
362,0,-3.1344988346099854,4.784264087677002,2.3510851860046387,4.262160301208496
362,1,0.9865528345108032,3.8636538982391357,2.9689574241638184,-4.925760269165039
367,0,-1.3076362609863281,1.7934573888778687,0.7355352640151978,2.368800163269043
367,1,-1.201467514038086,1.794425368309021,0.7156389355659485,-8.843239784240723
367,2,-1.1506907939910889,1.7563282251358032,0.6958212852478027,-5.685120105743408
373,0,0.0,0.3022500276565552,0.0,1.0617600679397583
373,1,0.0,0.3437500298023224,0.0,1.0617600679397583
373,2,0.0,0.38200002908706665,0.0,1.0617600679397583
373,3,0.0,0.41575002670288086,0.0,1.0617600679397583
373,4,0.0,0.44300001859664917,0.0,1.0617600679397583
373,5,-2.9735159873962402,3.3226706981658936,2.7337851524353027,-6.688640117645264
373,6,-2.9735159873962402,3.3226706981658936,2.7337851524353027,-6.688640117645264
416,0,0.0,2.221285104751587,1.0187280178070068,7.3113603591918945
416,1,0.0,1.9970691204071045,1.0396958589553833,7.526400089263916
416,2,0.0,2.6498606204986572,1.4476255178451538,7.526400089263916
416,3,0.0,1.6298503875732422,0.9116710424423218,7.526400089263916
416,4,0.0,2.1387500762939453,0.0,0.0047599999234080315
435,0,2.120366096496582,1.6826190948486328,2.015385389328003,5.711440086364746
440,0,-1.183463454246521,1.8063499927520752,0.7156389355659485,7.422240257263184
440,1,-1.115336537361145,1.7789891958236694,0.6958212852478027,-0.9475200176239014
455,0,-0.6725001931190491,0.3947490453720093,0.25841644406318665,-0.3158400058746338
455,1,-0.7242782115936279,0.4251420795917511,0.2783127725124359,-0.3158400058746338
455,2,-0.7242782115936279,0.4251420795917511,0.2783127725124359,-1.1054400205612183
455,3,-0.8775933384895325,2.8370211124420166,0.05940103903412819,-0.9475200176239014
455,4,-0.2167799174785614,0.7264431715011597,0.01516398973762989,-0.9475200176239014
455,5,-0.2348627895116806,0.7870399951934814,0.016428904607892036,-0.9475200176239014
455,6,-0.2527938783168793,0.8471282124519348,0.035380564630031586,-0.7896000146865845
455,7,-0.2699855864048004,0.9047386646270752,0.08520486950874329,-0.4737600088119507
455,8,-0.20950478315353394,0.7285746335983276,0.01516398973762989,-0.9475200176239014
455,9,-0.20937907695770264,0.7281374335289001,0.030321914702653885,-0.9475200176239014
455,10,-0.18713372945785522,0.7992271184921265,0.032851241528987885,-0.7896000146865845
455,11,-0.10429784655570984,0.5145174860954285,0.24715138971805573,5.666079998016357
458,0,0.0,1.1445000171661377,0.0,0.0
458,1,-1.3017655611038208,0.8921083807945251,0.4029592275619507,-4.764480113983154
458,2,0.02554074302315712,0.31857794523239136,0.015993334352970123,0.2886800169944763
458,3,0.0,0.6659666895866394,0.006659889128059149,4.802560329437256
458,4,0.0,2.293750047683716,0.0,0.7168000340461731
458,5,-2.1415655612945557,0.711585283279419,0.4106490910053253,0.7327600121498108
458,6,-0.13407738506793976,1.025547981262207,0.7541053295135498,0.0008399999933317304
458,7,0.02554074302315712,0.31857794523239136,0.015993334352970123,0.2886800169944763
458,8,0.0,0.6660000085830688,0.0,4.802560329437256
463,0,-0.24164436757564545,4.022572040557861,0.7333051562309265,7.457520008087158
463,1,0.02554074302315712,0.31857794523239136,0.015993334352970123,0.2886800169944763
463,2,0.0,0.6659666895866394,0.006659889128059149,4.802560329437256
465,0,0.0,3.907250165939331,0.0,3.306800127029419
465,1,0.007694486994296312,0.3846730589866638,0.0,0.28700000047683716
465,2,0.0,1.7920000553131104,0.0,0.0
465,3,0.06539089232683182,0.6517277956008911,0.0,2.569000005722046
465,4,0.02127758413553238,0.5316558480262756,0.341047465801239,-0.3158400058746338
468,0,-2.1298255920410156,2.6337671279907227,1.9845976829528809,5.015920162200928
468,1,1.9920539855957031,2.7903473377227783,1.784891963005066,-6.013280391693115
473,0,-0.13778658211231232,0.6797226071357727,0.04862776771187782,0.4737600088119507
473,1,-0.15003132820129395,0.7401278614997864,0.06815040856599808,0.4737600088119507
473,2,-0.023954590782523155,1.1975699663162231,0.0839838832616806,-2.052960157394409
475,0,0.005758159793913364,0.5757967829704285,0.9809848666191101,0.4737600088119507
475,1,0.0,4.3125,0.0,0.0
475,2,0.025560418143868446,0.6386696100234985,0.04481588304042816,0.35840001702308655
475,3,0.0,2.111999988555908,0.0,0.0
475,4,-0.07166089117527008,1.7905666828155518,0.0,0.0008399999933317304
475,5,0.06539089232683182,0.6517277956008911,0.0,2.569000005722046
475,6,-1.319016933441162,0.8656803369522095,1.1746835708618164,-7.649040222167969
475,7,0.14555375277996063,3.6369028091430664,0.2552039623260498,0.35840001702308655
475,8,0.0,0.5760000348091125,0.0,0.0
475,9,-0.23545721173286438,5.883290767669678,0.0,0.0008399999933317304
475,10,0.06539089232683182,0.6517277956008911,0.0,2.569000005722046
475,11,0.0,4.86400032043457,0.0,0.0
479,0,-1.0349498987197876,2.9257619380950928,0.31138044595718384,-7.469280242919922
479,1,-0.34136322140693665,0.9069094061851501,0.7065319418907166,-0.5118399858474731
479,2,-2.1625969409942627,2.1003458499908447,2.2445590496063232,-8.056719779968262
479,3,0.02554074302315712,0.31857794523239136,0.015993334352970123,0.2886800169944763
479,4,0.0,0.6658668518066406,0.013319111429154873,4.802560329437256
479,5,0.0,2.293635368347168,0.022937117144465446,0.7168000340461731
484,0,-0.28896427154541016,0.9020901322364807,0.037909891456365585,-8.685600280761719
484,1,0.013487177900969982,0.4494377374649048,0.0179952010512352,0.3600800037384033
484,2,2.041414260864258,2.9839272499084473,1.319727897644043,-2.936079978942871
487,0,-0.31589290499687195,0.8930166363716125,0.037909891456365585,-0.3158400058746338
487,1,-0.3178510069847107,0.9591465592384338,0.040439214557409286,-0.3158400058746338
487,2,-0.13713154196739197,0.6764912009239197,0.0832299143075943,0.3158400058746338
495,0,0.0,4.7855000495910645,0.0,5.662720203399658
498,0,-0.2974788248538971,0.8976715207099915,0.06630582362413406,5.8430399894714355
498,1,-0.269684761762619,0.8419032096862793,0.035380564630031586,0.3158400058746338
498,2,-0.2348627895116806,0.7870399951934814,0.016428904607892036,0.3158400058746338
498,3,-0.18755654990673065,0.7345309853553772,0.01516398973762989,0.7896000146865845
498,4,-0.15846967697143555,0.6768061518669128,0.013904073275625706,0.7896000146865845
498,5,0.0,4.4830002784729,0.0,0.0
501,0,0.9426178932189941,0.9154843091964722,0.18517372012138367,0.28839999437332153
503,0,0.007694486994296312,0.3846730589866638,0.0,0.28700000047683716
506,0,-1.1177878379821777,1.7061076164245605,0.6759248971939087,-3.3163201808929443
506,1,-1.183463454246521,1.8063499927520752,0.7156389355659485,-0.4737600088119507
506,2,-0.9543099403381348,5.244339466094971,1.3044525384902954,-8.3339204788208
506,3,0.00626237690448761,0.3130771219730377,0.22355327010154724,0.28700000047683716
506,4,-0.09213542938232422,2.302157163619995,0.0,0.0008399999933317304
506,5,0.06539089232683182,0.6517277956008911,0.0,2.569000005722046
509,0,-2.312964677810669,2.8024518489837646,1.938155174255371,-5.403439998626709
509,1,1.9034146070480347,2.723369836807251,2.422563314437866,0.0
515,0,0.007694486994296312,0.3846730589866638,0.0,0.28700000047683716
515,1,0.0,2.880000114440918,0.0,0.0
515,2,0.06539089232683182,0.6517277956008911,0.0,2.569000005722046
515,3,-1.7675907611846924,1.037553310394287,1.3137342929840088,-2.4385199546813965
515,4,0.020523499697446823,0.5128138661384583,0.0051324148662388325,0.4309200048446655
519,0,-1.1506907939910889,1.7563282251358032,0.6958212852478027,-4.105920314788818
519,1,-1.183463454246521,1.8063499927520752,0.7156389355659485,-4.105920314788818
519,2,1.9465687274932861,2.6144447326660156,2.4268531799316406,-0.006160000339150429
519,3,0.0,3.848750114440918,0.0,-2.936079978942871
519,4,1.9542945623397827,2.8565847873687744,1.2634069919586182,-3.6582000255584717
522,0,-0.2145238220691681,1.6408767700195312,1.2065684795379639,0.0008399999933317304
525,0,0.0,3.848750114440918,0.0,-2.936079978942871
525,1,1.9542945623397827,2.8565847873687744,1.2634069919586182,-3.6582000255584717
528,0,1.9958202838897705,2.8555822372436523,2.1842377185821533,0.0
528,1,-1.5499094724655151,3.996021270751953,0.1286206990480423,0.0002800000074785203
528,2,-0.22545550763607025,0.5989740490913391,0.0,0.0
528,3,0.5979721546173096,2.247833490371704,1.5573936700820923,6.257440090179443
528,4,-3.8390278816223145,1.9058506488800049,0.1286206990480423,0.0005600000149570405
528,5,-0.4024275541305542,0.4976465702056885,0.0,0.0002800000074785203
535,0,0.02554074302315712,0.31857794523239136,0.015993334352970123,0.2886800169944763
535,1,0.0,0.6659666895866394,0.006659889128059149,4.802560329437256
541,0,0.9361847639083862,0.6694768071174622,0.7873938679695129,4.288760185241699
544,0,-3.300158977508545,4.43245792388916,2.0171821117401123,-4.873680114746094
544,1,0.13042786717414856,3.2589573860168457,0.8676469326019287,-4.762800216674805
554,0,-1.6904503107070923,1.3414589166641235,1.5734584331512451,-6.939800262451172
554,1,-1.183463454246521,1.8063499927520752,0.7156389355659485,0.9475200176239014
554,2,-1.2163665294647217,1.8565706014633179,0.7355352640151978,0.7896000146865845
554,3,0.18962755799293518,0.41347333788871765,0.03189393877983093,-4.942560195922852
560,0,-0.31935250759124756,0.39491498470306396,0.4637415409088135,2.824079990386963
560,1,0.2997799813747406,4.275574207305908,0.1286206990480423,0.0002800000074785203
560,2,0.27260127663612366,0.5790411233901978,0.0,0.0
564,0,-1.2193512916564941,1.7823209762573242,0.7156389355659485,-4.105920314788818
564,1,-1.2532520294189453,1.8318735361099243,0.7355352640151978,-3.158400058746338
564,2,0.020523499697446823,0.5128138661384583,0.0051324148662388325,0.4309200048446655
564,3,0.0,4.910266876220703,0.944341778755188,-7.813120365142822
569,0,-1.168196201324463,1.7447336912155151,0.6958212852478027,-2.842560052871704
569,1,-0.03500021621584892,1.1663239002227783,0.8687701225280762,8.882160186767578
569,2,0.0032143036369234324,0.3214196562767029,0.006429571192711592,0.21615999937057495
569,3,-0.2981494665145874,0.8996952772140503,0.018958736211061478,0.3158400058746338
572,0,-0.26125237345695496,0.8445579409599304,0.035380564630031586,0.3158400058746338
574,0,0.0,3.2742502689361572,0.0,0.0
577,0,-0.2739048898220062,0.7743181586265564,0.016428904607892036,0.3158400058746338
577,1,-0.29499372839927673,0.8339354991912842,0.01769382134079933,0.3158400058746338
577,2,-0.31608256697654724,0.8935527801513672,0.018958736211061478,0.3158400058746338
577,3,2.2564480304718018,3.851139545440674,0.0,-8.617000579833984
577,4,-1.1095256805419922,1.8509693145751953,1.5734584331512451,-8.769320487976074
577,5,-3.6066043376922607,2.3157737255096436,0.1286206990480423,0.0002800000074785203
577,6,-0.3180032968521118,0.5554043054580688,0.0,0.0
584,0,-0.2583647668361664,0.7796410322189331,0.016428904607892036,0.3158400058746338
597,0,0.007694486994296312,0.3846730589866638,0.0,0.28700000047683716
608,0,-1.494150161743164,4.83018159866333,0.0,0.04872000217437744
608,1,0.028139827772974968,0.7031204700469971,0.0211168322712183,0.06160000339150429
608,2,-0.24217531085014343,0.7828870415687561,0.0574580542743206,0.0
608,3,-0.2604033052921295,0.8418131470680237,0.07952004671096802,0.0
608,4,-0.2770073413848877,0.895489513874054,0.14166735112667084,0.0
608,5,-0.2166498452425003,0.7260072827339172,0.030321914702653885,0.0
608,6,-0.23395901918411255,0.7840114831924438,0.07383523136377335,0.0
608,7,-0.2511768639087677,0.8417094945907593,0.1059153825044632,0.0
608,8,-0.2680387496948242,0.8982147574424744,0.14166735112667084,0.0
608,9,-1.0382755994796753,3.610711097717285,0.26342225074768066,0.0
608,10,1.6394190788269043,2.502286434173584,2.7868802547454834,2.0759201049804688
608,11,1.0188102722167969,4.1632232666015625,0.1286206990480423,0.0002800000074785203
608,12,0.17686763405799866,0.6150755286216736,0.0,0.0
608,13,-1.629514455795288,3.964226007461548,0.1286206990480423,0.0
608,14,0.17686763405799866,0.6150755286216736,0.0,0.0
608,15,0.7395694255828857,2.5719292163848877,1.8704123497009277,7.502320289611816
608,16,-2.485292911529541,2.3189897537231445,2.227032423019409,-0.06831999868154526
629,0,-0.41517460346221924,0.8594767451286316,0.0,2.727480173110962
629,1,0.6669299006462097,1.3129422664642334,2.3976190090179443,0.06831999868154526
629,2,0.0032143036369234324,0.3214196562767029,0.006429571192711592,0.21615999937057495
629,3,2.0217971801757812,3.019610643386841,0.8508691191673279,5.903240203857422
629,4,-2.4556021690368652,3.036626100540161,1.3376495838165283,-4.955160140991211
629,5,0.0032143036369234324,0.3214196562767029,0.006429571192711592,0.21615999937057495
629,6,-1.9792182445526123,3.801723003387451,0.1286206990480423,0.0
629,7,0.17686763405799866,0.6150755286216736,0.0,0.0
629,8,2.0217971801757812,3.019610643386841,0.8508691191673279,5.903240203857422
650,0,1.9465687274932861,2.6144447326660156,2.4268531799316406,-0.001120000029914081
650,1,0.02554074302315712,0.31857794523239136,0.015993334352970123,0.2886800169944763
650,2,0.0,0.6660000085830688,0.0,4.802560329437256
650,3,-0.45976126194000244,0.630574643611908,0.11794404685497284,-7.724640369415283
650,4,0.02554074302315712,0.31857794523239136,0.015993334352970123,0.2886800169944763
650,5,0.0,0.6660000085830688,0.0,4.802560329437256
656,0,-1.237113356590271,1.7700384855270386,0.7156389355659485,-2.368800163269043
661,0,0.02554074302315712,0.31857794523239136,0.015993334352970123,0.2886800169944763
661,1,0.0,0.6659666895866394,0.006659889128059149,4.802560329437256
661,2,0.0,2.293750047683716,0.0,0.7168000340461731
661,3,-2.1415655612945557,0.711585283279419,0.4106490910053253,0.7327600121498108
666,0,1.1189273595809937,1.600940227508545,1.4241102933883667,-4.691120147705078
685,0,-1.2715078592300415,1.8192495107650757,0.7355352640151978,-3.3163201808929443
685,1,-1.2193512916564941,1.7823209762573242,0.7156389355659485,-3.158400058746338
699,0,-1.115336537361145,1.7789891958236694,0.6958212852478027,-3.0004801750183105
703,0,0.0032143036369234324,0.3214196562767029,0.006429571192711592,0.21615999937057495
703,1,0.0,2.384000062942505,0.0,0.0
710,0,-0.32500213384628296,0.8903473019599915,0.018958736211061478,-0.3158400058746338
710,1,-0.2864677608013153,0.8363415598869324,0.035380564630031586,0.3158400058746338
710,2,-0.2583647668361664,0.7796410322189331,0.016428904607892036,0.3158400058746338
714,0,-0.34647807478904724,0.9491809010505676,0.040439214557409286,0.0
714,1,-0.24470897018909454,1.0451245307922363,0.04295854642987251,0.0
714,2,-0.23385906219482422,1.0457905530929565,0.07513611018657684,0.0
714,3,-0.2233896404504776,1.0480767488479614,0.07513611018657684,0.0
714,4,1.5146818161010742,2.772606372833252,0.06319578737020493,0.0
720,0,-0.31589290499687195,0.8930166363716125,0.037909891456365585,0.3158400058746338
757,0,-2.1659352779388428,1.516381859779358,0.6190729737281799,4.281760215759277
757,1,0.02554074302315712,0.31857794523239136,0.015993334352970123,0.2886800169944763
757,2,0.0,0.6660000085830688,0.0,4.802560329437256
762,0,-0.31968337297439575,0.824216902256012,0.035380564630031586,0.3158400058746338
762,1,-0.3114253282546997,0.8273724913597107,0.035380564630031586,0.3158400058746338
762,2,0.013487177900969982,0.4494377374649048,0.0179952010512352,0.3600800037384033
782,0,0.32102736830711365,0.9687315821647644,0.7440898418426514,-1.256640076637268
791,0,-0.2780901789665222,0.8391643762588501,0.035380564630031586,0.3158400058746338
791,1,-2.2985424995422363,2.6207122802734375,1.814792275428772,0.9007599949836731
791,2,1.9465687274932861,2.6144447326660156,2.4268531799316406,-0.001120000029914081
803,0,-1.237113356590271,1.7700384855270386,0.7156389355659485,1.7371200323104858
809,0,-0.4561026096343994,0.8551045656204224,0.07769706100225449,-4.68720006942749
811,0,-1.183463454246521,1.8063499927520752,0.7156389355659485,-3.158400058746338
811,1,-1.115336537361145,1.7789891958236694,0.6958212852478027,-1.421280026435852
813,0,3.409184217453003,2.8182899951934814,0.6685115098953247,1.3078800439834595
821,0,-3.134596347808838,1.3282296657562256,0.23869746923446655,0.0
821,1,-3.0984585285186768,1.4240058660507202,0.1364736109972,0.0
821,2,-2.312901020050049,3.608447313308716,0.1286206990480423,0.0
824,0,-1.2193512916564941,1.7823209762573242,0.7156389355659485,5.053440093994141
832,0,-0.6802601218223572,0.3812209963798523,0.25841644406318665,0.0
848,0,-1.2193512916564941,1.7823209762573242,0.7156389355659485,-3.4742400646209717
864,0,-0.6725001931190491,0.3947490453720093,0.25841644406318665,0.0
864,1,-0.6644712090492249,0.40811920166015625,0.25841644406318665,0.0
864,2,-0.49356162548065186,1.0217502117156982,0.07955998927354813,0.0
864,3,-0.45644494891166687,0.969549298286438,0.07513611018657684,0.0
864,4,-0.48331964015960693,1.026634693145752,0.07955998927354813,0.0
864,5,-0.2866397500038147,0.8368436694145203,0.01769382134079933,0.0
864,6,0.0,1.2937500476837158,0.0,0.0
864,7,-0.6149711012840271,2.1386258602142334,2.8625431060791016,-4.877039909362793
864,8,-0.22965067625045776,2.54478120803833,0.02555207535624504,4.59004020690918
864,9,1.5551739931106567,2.1783926486968994,2.926635980606079,7.168000221252441
864,10,0.013487177900969982,0.4494377374649048,0.0179952010512352,0.3600800037384033
873,0,-0.2776311933994293,0.8377793431282043,0.061881937086582184,0.3158400058746338
873,1,-0.2974788248538971,0.8976715207099915,0.06630582362413406,0.3158400058746338
877,0,-0.37654855847358704,0.7998388409614563,0.035380564630031586,0.3158400058746338
881,0,-1.9520974159240723,2.053863286972046,2.4852209091186523,-4.925480365753174
885,0,-2.413107395172119,2.9237875938415527,0.07582994550466537,6.067039966583252
887,0,-1.8985282182693481,2.396362543106079,0.4620627164840698,-4.685800075531006
895,0,0.0,1.403136134147644,0.1977325975894928,-8.52992057800293
895,1,0.0,2.413590431213379,0.3647784888744354,-8.52992057800293
906,0,0.013487177900969982,0.4494377374649048,0.0179952010512352,0.3600800037384033
928,0,0.0,0.8220000267028809,0.0,0.9909200072288513
928,1,2.207451581954956,3.1583802700042725,1.81407630443573,-6.892199993133545
928,2,1.5893137454986572,2.1797854900360107,2.833773612976074,-6.348160266876221
928,3,0.0,3.848750114440918,0.0,-2.936079978942871
928,4,1.9542945623397827,2.8565847873687744,1.2634069919586182,-3.6582000255584717
934,0,0.02554074302315712,0.31857794523239136,0.015993334352970123,0.2886800169944763
934,1,0.0,0.6659666895866394,0.006659889128059149,4.802560329437256
934,2,0.0,2.293750047683716,0.0,0.7168000340461731
937,0,1.5098721981048584,4.011320114135742,0.1286206990480423,0.0002800000074785203
952,0,-1.237113356590271,1.7700384855270386,0.7156389355659485,8.875160217285156
958,0,-3.654280424118042,1.6353930234909058,0.24050064384937286,-4.778200149536133
960,0,-3.654280424118042,1.6353930234909058,0.24050064384937286,-4.778200149536133
960,1,0.8463459014892578,1.380425214767456,0.39625027775764465,-4.919879913330078
966,0,0.18538929522037506,0.3393528163433075,0.015475872904062271,-4.974760055541992
981,0,-2.0526132583618164,1.0447146892547607,2.5183753967285156,0.0
989,0,0.0,0.7040000557899475,0.0,0.0
991,0,-0.7326356172561646,0.41057246923446655,0.2783127725124359,0.0
991,1,-0.7760562300682068,0.4555351138114929,0.2982091009616852,0.0
991,2,-0.7871758341789246,2.0913124084472656,0.5705754160881042,-0.01988000050187111
993,0,-1.1177878379821777,1.7061076164245605,0.6759248971939087,-3.158400058746338
993,1,-1.115336537361145,1.7789891958236694,0.6958212852478027,-3.3163201808929443
993,2,-0.33717140555381775,0.9531700611114502,0.020223651081323624,-0.3158400058746338
1002,0,0.06539761275053024,0.35938772559165955,0.7358165383338928,4.122440338134766
1002,1,-0.2866397500038147,0.8368436694145203,0.01769382134079933,-0.3158400058746338
1002,2,-0.2582097351551056,0.7791731953620911,0.032851241528987885,-0.3158400058746338
1002,3,-0.2782571315765381,0.8396682143211365,0.01769382134079933,-0.3158400058746338
1002,4,-0.2504052221775055,0.7817162871360779,0.032851241528987885,-0.3158400058746338
1002,5,-0.26984667778015137,0.8424087166786194,0.01769382134079933,-0.3158400058746338
1002,6,-0.28896427154541016,0.9020901322364807,0.037909891456365585,-0.3158400058746338
1002,7,-0.30627208948135376,0.9561217427253723,0.12105897068977356,0.3158400058746338
1002,8,1.5015747547149658,3.6529786586761475,0.27692124247550964,4.345880031585693
1011,0,-0.24257566034793854,0.7841812372207642,0.032851241528987885,0.3158400058746338
1013,0,-0.8954110145568848,1.6007814407348633,1.3656367063522339,-4.579400062561035
1024,0,2.181523084640503,1.766988754272461,0.9303306341171265,-7.580440044403076
1024,1,0.9231123924255371,0.8442332744598389,0.6042758822441101,-2.707319974899292
1024,2,-0.5469523668289185,0.39945852756500244,0.8192954659461975,-4.702600002288818
1039,0,-1.168196201324463,1.7447336912155151,0.6958212852478027,-4.105920314788818
1039,1,-2.4851722717285156,3.0111031532287598,1.2938123941421509,4.933599948883057
1039,2,1.7235889434814453,2.466078758239746,2.802898645401001,0.0
1045,0,1.202118158340454,2.4885737895965576,1.8504568338394165,-5.10915994644165
1049,0,-0.2427213042974472,0.784652054309845,0.016428904607892036,-0.3158400058746338
1055,0,-2.765101194381714,1.854580044746399,0.779569149017334,-4.922399997711182
1055,1,1.5897914171218872,3.9803223609924316,0.1286206990480423,0.0005600000149570405
1055,2,0.06983348727226257,0.31228721141815186,0.0,0.0
1055,3,-0.3613711893558502,0.5282148122787476,0.0,0.0
1060,0,0.033601563423871994,1.679854154586792,1.250975251197815,-3.0637600421905518
1060,1,3.033721685409546,2.262495994567871,2.8177175521850586,0.55076003074646
1072,0,-0.20777878165245056,0.8137276768684387,0.2783127725124359,0.7896000146865845
1072,1,-0.22263270616531372,0.8719003200531006,0.2982091009616852,0.7896000146865845
1079,0,-0.7693828344345093,0.7036397457122803,1.2872194051742554,-4.692800045013428
1083,0,-0.22539356350898743,0.7838294506072998,0.09834358096122742,-0.3158400058746338
1083,1,-0.24431011080741882,0.8496137857437134,0.035380564630031586,-0.3158400058746338
1083,2,-0.2619327902793884,0.9108984470367432,0.018958736211061478,-0.3158400058746338
1087,0,0.0,4.078174114227295,2.6718907356262207,7.526400089263916
1087,1,0.0,0.9679380655288696,0.7512213587760925,-8.744959831237793
1087,2,0.0,0.8098837733268738,0.6416337490081787,-8.744959831237793
1087,3,0.0032143036369234324,0.3214196562767029,0.006429571192711592,0.21615999937057495
1101,0,-1.2193512916564941,1.7823209762573242,0.7156389355659485,-1.1054400205612183
1101,1,-0.2106744945049286,0.791945219039917,0.0574580542743206,6.474720001220703
1104,0,-0.12997934222221375,4.331345081329346,2.839038133621216,-4.693360328674316
1109,0,-1.104317307472229,0.7567958831787109,2.8378195762634277,3.6355199813842773
1133,0,-1.6860740184783936,0.7344172596931458,1.2313661575317383,-4.694200038909912
1151,0,-0.7242782115936279,0.4251420795917511,0.2783127725124359,0.0
1151,1,-0.7760562300682068,0.4555351138114929,0.2982091009616852,0.0
1151,2,-0.8278341889381409,0.48592808842658997,0.31810542941093445,0.0
1151,3,-0.7667909264564514,0.47096410393714905,0.2982091009616852,0.0
1151,4,-0.8179506659507751,0.5023865103721619,0.31810542941093445,0.0
1151,5,0.020523499697446823,0.5128138661384583,0.0051324148662388325,0.4309200048446655
1169,0,0.28283506631851196,0.6507472991943359,0.5621475577354431,-4.973080158233643
1174,0,1.3025342226028442,1.0336276292800903,0.5510420203208923,3.2432401180267334
1183,0,0.2538067698478699,2.298020601272583,0.34942373633384705,0.0
1183,1,3.1628260612487793,2.8925654888153076,0.1286206990480423,0.0005600000149570405
1183,2,0.08535405993461609,0.3084067106246948,0.0,0.0
1183,3,-0.12714837491512299,0.6272426843643188,0.0,0.0
1186,0,-0.6945798397064209,0.5072760581970215,0.8680517077445984,-4.692800045013428
1194,0,-0.6042197942733765,5.470734596252441,0.0,0.044520001858472824
1194,1,-1.6550166606903076,3.178989887237549,0.0,7.100240230560303
1215,0,-0.2981494665145874,0.8996952772140503,0.018958736211061478,0.0
1215,1,-0.28913775086402893,0.9026317000389099,0.018958736211061478,0.0
1215,2,-1.228494644165039,0.6884542107582092,0.0,2.9478399753570557
1215,3,-2.593871831893921,3.412071466445923,0.1286206990480423,0.0005600000149570405
1215,4,0.4409097731113434,0.4638950824737549,0.0,0.0002800000074785203
1218,0,-0.2347218543291092,0.786567747592926,0.032851241528987885,-0.3158400058746338
1237,0,1.1881024837493896,3.358718156814575,1.506270170211792,-4.693079948425293
1237,1,0.013487177900969982,0.4494377374649048,0.0179952010512352,0.3600800037384033
1248,0,-0.1625397950410843,1.153403401374817,1.6996771097183228,2.131080150604248
1248,1,-0.23594345152378082,0.8525258898735046,0.01769382134079933,-0.3158400058746338
1248,2,0.020523499697446823,0.5128138661384583,0.0051324148662388325,0.4309200048446655
1258,0,-0.5226137042045593,1.1395328044891357,1.456194519996643,4.211480140686035
1263,0,0.5303406715393066,1.2901943922042847,0.9339910745620728,0.6574400067329407
1287,0,-1.201467514038086,1.794425368309021,0.7156389355659485,-2.052960157394409
1293,0,-0.2505555748939514,0.7821856737136841,0.016428904607892036,0.3158400058746338
1301,0,-1.151610255241394,2.058804512023926,0.0,-6.6620402336120605
1301,1,-0.26668262481689453,0.9274165630340576,2.0455543994903564,-4.7871599197387695
1301,2,-0.4592615067958832,5.089120388031006,1.1964260339736938,-4.969160079956055
1301,3,-2.1651039123535156,0.9174244403839111,0.18851876258850098,-4.691120147705078
1301,4,-0.26668262481689453,0.9274165630340576,2.0455543994903564,-4.7871599197387695
1301,5,-0.4592615067958832,5.089120388031006,1.1964260339736938,-4.969160079956055
1301,6,-2.1651039123535156,0.9174244403839111,0.18851876258850098,-4.691120147705078
1328,0,-1.201467514038086,1.794425368309021,0.7156389355659485,-6.948480129241943
1331,0,-1.2193512916564941,1.7823209762573242,0.7156389355659485,7.264320373535156
1333,0,-0.021133335307240486,2.1132631301879883,0.29781991243362427,-4.6925201416015625
1350,0,0.8820467591285706,3.0674092769622803,2.3271219730377197,6.060600280761719
1359,0,0.9239073395729065,1.9625011682510376,1.8644076585769653,-4.690840244293213
1361,0,0.9239073395729065,1.9625011682510376,1.8644076585769653,-4.690840244293213
1366,0,-2.6884448528289795,1.6512466669082642,2.158486843109131,-4.563440322875977
1385,0,-1.5355764627456665,2.7452445030212402,2.9303653240203857,-4.692240238189697
1385,1,-0.7311402559280396,1.2197266817092896,2.214751958847046,-4.820199966430664
1389,0,-0.2641843557357788,0.7972022294998169,0.2783127725124359,-8.527680397033691
1389,1,-0.2830706536769867,0.8541935086250305,0.2982091009616852,-0.3158400058746338
1391,0,-2.674344301223755,1.6059775352478027,0.0,-8.622600555419922
1396,0,-0.24366363883018494,0.9159545302391052,0.018958736211061478,0.3158400058746338
1400,0,-0.32014092803001404,2.271761655807495,1.5030927658081055,4.284280300140381
1402,0,-0.3089914321899414,2.7976741790771484,1.8041249513626099,4.213160037994385
1404,0,1.0521225929260254,4.299349308013916,2.9635961055755615,-3.921680212020874
1408,0,0.0,1.28000009059906,0.0,1.203160047531128
1408,1,-1.1431866884231567,1.6013059616088867,0.0,-8.496319770812988
1408,2,-0.6382420659065247,1.9259580373764038,1.4793425798416138,-8.738800048828125
1408,3,0.2405928671360016,0.42020419239997864,0.33842146396636963,-3.964240074157715
1408,4,0.0,0.7680000066757202,0.0,0.0
1412,0,-2.9129157066345215,2.408036947250366,1.2524467706680298,-1.421280026435852
1412,1,-2.833228588104248,2.5911319255828857,1.2723431587219238,-1.579200029373169
1412,2,-1.237113356590271,1.7700384855270386,0.7156389355659485,-5.053440093994141
1412,3,-0.2583647668361664,0.7796410322189331,0.016428904607892036,0.3158400058746338
1415,0,1.9792182445526123,3.801723003387451,0.1286206990480423,0.0002800000074785203
1418,0,0.0,1.284000039100647,0.0,0.0
1418,1,2.3488693237304688,3.5851383209228516,0.1286206990480423,0.0002800000074785203
1438,0,-0.2401529997587204,0.8047678470611572,0.2783127725124359,1.8950400352478027
1440,0,0.829348623752594,2.1382505893707275,0.3466217815876007,8.869000434875488
1444,0,-0.24217531085014343,0.7828870415687561,0.0574580542743206,0.3158400058746338
1450,0,-2.5527358055114746,2.9699251651763916,0.11752237379550934,-8.116080284118652
1450,1,1.9465687274932861,2.6144447326660156,2.4268531799316406,-0.001120000029914081
1453,0,-1.1471022367477417,1.8296563625335693,0.7156389355659485,-2.842560052871704
1453,1,-1.0974911451339722,1.7900534868240356,0.6958212852478027,-7.106400012969971
1453,2,-0.2688082754611969,0.839167058467865,0.07952004671096802,0.3158400058746338
1455,0,1.5315873622894287,2.238715171813965,2.6833627223968506,-3.36896014213562
1455,1,1.809527039527893,2.5890371799468994,2.207688093185425,-3.183040142059326
1457,0,0.050292663276195526,0.455360472202301,0.7804758548736572,4.375279903411865
1457,1,0.42224642634391785,0.791630744934082,1.9521992206573486,-4.892159938812256
1460,0,1.9465687274932861,2.6144447326660156,2.4268531799316406,-0.001120000029914081
1464,0,0.8762689828872681,0.5626457929611206,1.5526148080825806,-4.893280029296875
1467,0,0.22846318781375885,1.5116475820541382,1.395944595336914,-4.831399917602539
1472,0,0.0,4.031500339508057,0.0,-0.07168000191450119
1472,1,-2.319345235824585,2.98844313621521,0.9659269452095032,1.0124800205230713
1472,2,2.04617977142334,2.866163492202759,1.8783856630325317,-8.538040161132812
1472,3,0.013487177900969982,0.4494377374649048,0.0179952010512352,0.3600800037384033
1472,4,2.041414260864258,2.9839272499084473,1.319727897644043,-2.936079978942871
1472,5,0.0,5.952000141143799,0.0,0.0
1472,6,0.013487177900969982,0.4494377374649048,0.0179952010512352,0.3600800037384033
1472,7,2.0374836921691895,3.043038845062256,0.5534814596176147,6.925520420074463
1472,8,0.013487177900969982,0.4494377374649048,0.0179952010512352,0.3600800037384033
1482,0,3.2913894653320312,2.5586659908294678,2.9137473106384277,-8.118599891662598
1493,0,-0.47743484377861023,5.290501117706299,0.0,0.04255999997258186
1493,1,-0.5831423401832581,5.279894828796387,0.0,0.04312000051140785
1493,2,-0.0145472576841712,1.4546773433685303,0.0,0.06244000047445297
1493,3,0.18168435990810394,0.9984329342842102,2.044208526611328,4.122440338134766
1503,0,0.02554074302315712,0.31857794523239136,0.015993334352970123,0.2886800169944763
1503,1,0.0,0.6657003164291382,0.01997700333595276,4.802560329437256
1503,2,0.0,2.293635368347168,0.022937117144465446,0.7168000340461731
1503,3,0.0,1.002250075340271,0.0,0.9909200072288513
1503,4,0.0,1.717250108718872,0.0,1.0617600679397583
1503,5,0.0,0.503250002861023,0.0,1.1326000690460205
1503,6,0.0,0.3460000157356262,0.0,0.9200800061225891
1503,7,0.0,0.9750000238418579,0.0,0.9909200072288513
1503,8,0.0,3.369572877883911,2.355058193206787,-5.4191203117370605
1510,0,-0.20677122473716736,2.9490485191345215,2.592865467071533,4.251800060272217
1513,0,-1.1855847835540771,1.7329646348953247,0.6958212852478027,-4.263840198516846
1520,0,-1.201467514038086,1.794425368309021,0.7156389355659485,-8.243480682373047
1520,1,-1.1506907939910889,1.7563282251358032,0.6958212852478027,-3.948000192642212
1525,0,2.057563304901123,2.943922758102417,1.3110698461532593,3.8376801013946533
1525,1,-0.26598840951919556,0.7765522003173828,0.032851241528987885,0.3158400058746338
1525,2,-0.2582097351551056,0.7791731953620911,0.032851241528987885,0.3158400058746338
1528,0,-0.269684761762619,0.8419032096862793,0.035380564630031586,0.3158400058746338
1528,1,-0.2427213042974472,0.784652054309845,0.016428904607892036,-0.3158400058746338
1528,2,-0.16089285910129547,1.2306574583053589,0.9049263596534729,0.0008399999933317304
1531,0,-1.1506907939910889,1.7563282251358032,0.6958212852478027,3.3163201808929443
1531,1,-1.0679486989974976,1.6661484241485596,2.7674429416656494,-0.4124400019645691
1534,0,-0.21665939688682556,0.78284752368927,0.12276343256235123,-0.3158400058746338
1536,0,-0.2651228606700897,1.0383052825927734,0.07513611018657684,0.0
1536,1,0.27790409326553345,2.3047406673431396,0.2799170911312103,0.0
1536,2,0.3009372353553772,2.301846504211426,0.2799170911312103,0.0
1536,3,0.3239402770996094,2.2987220287323,0.2799170911312103,0.0
1536,4,0.44279077649116516,2.9297657012939453,0.3572810888290405,0.0
1542,0,-2.1200289726257324,1.9781674146652222,1.8997251987457275,4.233880043029785
1544,0,0.0,3.136000156402588,0.0,0.0
1544,1,-0.4667709469795227,3.088432788848877,2.0913610458374023,-7.507640361785889
1544,2,0.8073347210884094,1.8078467845916748,1.325669288635254,4.172560214996338
1566,0,-0.2739048898220062,0.7743181586265564,0.016428904607892036,0.3158400058746338
1568,0,-0.2651228606700897,1.0383052825927734,0.07513611018657684,0.0
1568,1,0.11954772472381592,2.9870989322662354,0.2999494969844818,4.541039943695068
1568,2,0.0,0.40050002932548523,0.0,0.0
1572,0,0.4956735670566559,1.0004537105560303,2.9591195583343506,4.572400093078613
1574,0,-1.3432414531707764,1.7669477462768555,0.7355352640151978,0.4737600088119507
1578,0,0.3424585461616516,2.2659082412719727,0.4645385444164276,0.0
1583,0,1.717394232749939,5.361370086669922,0.056299060583114624,-4.864720344543457
1585,0,-1.6796892881393433,5.42997932434082,1.5730485916137695,4.540200233459473
1589,0,-0.23847240209579468,0.7196139097213745,0.01516398973762989,0.0
1589,1,-0.2583647668361664,0.7796410322189331,0.016428904607892036,0.0
1589,2,-0.875419557094574,2.732889175415039,0.057401176542043686,0.0
1589,3,3.9790549278259277,1.5929608345031738,0.1286206990480423,0.0002800000074785203
1589,4,-0.5091850757598877,0.38772493600845337,0.0,0.0
1594,0,-1.0265177488327026,0.9201219081878662,1.069888949394226,4.2688798904418945
1597,0,-0.3116123080253601,0.8278692364692688,0.01769382134079933,0.3158400058746338
1600,0,-0.9419142603874207,1.6839179992675781,1.3485300540924072,-4.9456400871276855
1616,0,-0.34446901082992554,0.8147458434104919,0.01769382134079933,-1.579200029373169
1616,1,-0.3148662745952606,0.8901143670082092,0.08520486950874329,-0.3158400058746338
1616,2,-0.3364129364490509,0.9510259032249451,0.07072970271110535,-0.3158400058746338
1616,3,-0.2661481201648712,0.7770184278488159,0.016428904607892036,8.527680397033691
1616,4,-0.2859949469566345,0.8349612355232239,0.061881937086582184,0.3158400058746338
1616,5,-0.30594950914382935,0.893218457698822,0.08520486950874329,-0.3158400058746338
1616,6,-0.2776311933994293,0.8377793431282043,0.061881937086582184,-1.2633600234985352
1616,7,-0.2970021963119507,0.8962332010269165,0.08520486950874329,3.4742400646209717
1616,8,0.020523499697446823,0.5128138661384583,0.0051324148662388325,0.4309200048446655
1620,0,1.9027929306030273,3.8405444622039795,0.1286206990480423,0.0002800000074785203
1631,0,-1.6473642587661743,0.6786913275718689,1.2189218997955322,1.2726000547409058
1631,1,0.020523499697446823,0.5128138661384583,0.0051324148662388325,0.4309200048446655
1664,0,-0.8462983965873718,5.244151592254639,0.0,0.04312000051140785
1664,1,-0.8462983965873718,5.244151592254639,0.0,0.04368000105023384
1664,2,-0.8462983965873718,5.244151592254639,0.0,0.04424000158905983
1664,3,-0.8462983965873718,5.244151592254639,0.0,0.04480000212788582
1664,4,0.06740383803844452,0.5155669450759888,0.14390160143375397,-7.402359962463379
1664,5,-1.1227864027023315,1.4172048568725586,2.7549147605895996,3.4932801723480225
1664,6,0.9666584730148315,0.42105546593666077,0.7527310252189636,0.578760027885437
1677,0,-1.1855847835540771,1.7329646348953247,0.6958212852478027,1.7371200323104858
1677,1,-1.2193512916564941,1.7823209762573242,0.7156389355659485,-4.105920314788818
1679,0,-1.2532520294189453,1.8318735361099243,0.7355352640151978,-4.263840198516846
1679,1,-1.183463454246521,1.8063499927520752,0.7156389355659485,1.2633600234985352
1681,0,1.9153215885162354,2.860586166381836,2.3050038814544678,8.869000434875488
1685,0,0.27790409326553345,2.3047406673431396,0.2799170911312103,0.0
1685,1,0.3009372353553772,2.301846504211426,0.2799170911312103,0.0
1685,2,0.3239402770996094,2.2987220287323,0.2799170911312103,0.0
1685,3,0.34691089391708374,2.29536771774292,0.2799170911312103,0.0
1685,4,-2.7998294830322266,5.249141216278076,0.47695085406303406,-4.690000057220459
1685,5,-0.4254494607448578,1.1303036212921143,0.15789438784122467,4.307519912719727
1706,0,0.0,5.083750247955322,0.0,0.0
1728,0,0.0,5.083750247955322,0.0,0.0
1728,1,0.0,3.8856050968170166,0.46852365136146545,-0.4370800256729126
1728,2,1.9305517673492432,2.4874885082244873,2.7616679668426514,1.2919200658798218
1741,0,0.8557528257369995,2.9759693145751953,2.2577500343322754,4.315080165863037
1741,1,1.1848130226135254,1.848473072052002,0.44506895542144775,4.201400279998779
1747,0,-1.3604968786239624,1.8272892236709595,0.13685286045074463,5.381319999694824
1747,1,1.1083528995513916,0.8795347809791565,0.5164898037910461,-3.1010000705718994
1759,0,0.02554074302315712,0.31857794523239136,0.015993334352970123,0.2886800169944763
1759,1,0.0,0.6658668518066406,0.013319111429154873,4.802560329437256
1759,2,0.0,2.293635368347168,0.022937117144465446,0.7168000340461731
1759,3,-2.1415655612945557,0.711585283279419,0.4106490910053253,0.7327600121498108
1759,4,0.07600061595439911,0.33986592292785645,0.25392141938209534,6.153560161590576
1759,5,-1.8473536968231201,3.728647232055664,2.7262821197509766,3.7147600650787354
1765,0,2.307361125946045,2.6307668685913086,2.003545045852661,-4.842040061950684
1776,0,2.0308585166931152,2.9684977531433105,0.580436110496521,3.960319995880127
1786,0,-3.3835198879241943,4.73942756652832,0.5842751264572144,-4.820199966430664
1788,0,-1.6916568279266357,1.2881319522857666,1.7909252643585205,-4.800600051879883
1792,0,-0.7326356172561646,0.41057246923446655,0.2783127725124359,0.0
1823,0,0.0,4.124750137329102,0.0,-5.383840084075928
1823,1,0.0,3.848750114440918,0.0,-2.936079978942871
1823,2,1.9542945623397827,2.8565847873687744,1.2634069919586182,-3.6582000255584717
1826,0,-1.079535961151123,1.8009387254714966,0.6958212852478027,4.5796799659729
1826,1,-1.0917046070098877,1.8632410764694214,0.7156389355659485,4.5796799659729
1828,0,-1.2193512916564941,1.7823209762573242,0.7156389355659485,8.685600280761719
1828,1,-1.0974911451339722,1.7900534868240356,0.6958212852478027,8.685600280761719
1845,0,-0.8908094167709351,1.8441157341003418,0.0,-0.8565199971199036
1845,1,-0.6463423371315002,5.852120876312256,0.05887902155518532,0.044520001858472824
1845,2,-0.5119481682777405,5.672946929931641,0.0,0.04480000212788582
1845,3,-0.6463423371315002,5.852120876312256,0.05887902155518532,0.04508000239729881
1845,4,0.1817951202392578,2.592829942703247,0.28707024455070496,0.060760002583265305
1853,0,-1.3299962282180786,4.013394355773926,0.9011722207069397,-4.800040245056152
1856,0,-0.7242782115936279,0.4251420795917511,0.2783127725124359,0.0
1856,1,0.0,1.6640000343322754,0.0,0.0
1856,2,-0.5088189244270325,0.888670802116394,0.7947527170181274,4.264679908752441
1856,3,0.020523499697446823,0.5128138661384583,0.0051324148662388325,0.4309200048446655
1877,0,-3.671046495437622,2.681094169616699,0.18193146586418152,-4.873960018157959
1887,0,1.192326545715332,3.370659351348877,2.3938825130462646,-2.5978400707244873
1887,1,0.0,4.823000431060791,0.0,0.004480000119656324
1909,0,0.013487177900969982,0.4494377374649048,0.0179952010512352,0.3600800037384033
1909,1,2.041414260864258,2.9839272499084473,1.319727897644043,-2.936079978942871
1914,0,-1.2715078592300415,1.8192495107650757,0.7355352640151978,-4.105920314788818
1914,1,-1.168196201324463,1.7447336912155151,0.6958212852478027,0.9475200176239014
1914,2,-1.201467514038086,1.794425368309021,0.7156389355659485,0.9475200176239014
1916,0,3.705084800720215,3.1257967948913574,0.0,-5.316920280456543
1930,0,0.38195791840553284,5.44762659072876,0.0,-4.933599948883057
1930,1,0.0032143036369234324,0.3214196562767029,0.006429571192711592,0.21615999937057495
1930,2,0.0,3.384000062942505,0.0,0.0
1930,3,0.0032143036369234324,0.3214196562767029,0.006429571192711592,0.21615999937057495
1934,0,-1.183463454246521,1.8063499927520752,0.7156389355659485,7.422240257263184
1934,1,-1.115336537361145,1.7789891958236694,0.6958212852478027,7.422240257263184
1944,0,-1.168196201324463,1.7447336912155151,0.6958212852478027,3.632160186767578
1944,1,-0.4122653007507324,0.9231765866279602,0.020223651081323624,-0.3158400058746338
1944,2,-0.3682645261287689,0.8710275292396545,0.06630582362413406,-0.3158400058746338
1944,3,-0.3361026644706726,0.8176588416099548,0.035380564630031586,-0.3158400058746338
1951,0,-2.3331243991851807,2.8851685523986816,0.6369292736053467,-2.7605199813842773
1951,1,2.327569007873535,3.402198553085327,0.16497600078582764,5.246920108795166
1962,0,1.7314612865447998,2.5859858989715576,2.2690911293029785,-0.4062800109386444
1962,1,-2.3331243991851807,2.8851685523986816,0.6369292736053467,-2.7605199813842773
1962,2,2.327569007873535,3.402198553085327,0.16497600078582764,5.246920108795166
1973,0,-3.8484439849853516,4.214749813079834,1.7655115127563477,-7.616559982299805
1973,1,1.4618871212005615,2.005016565322876,1.697597622871399,6.109320163726807
1983,0,0.2767738997936249,2.29536771774292,0.34942373633384705,0.0
1983,1,0.0,3.848750114440918,0.0,-2.936079978942871
1983,2,1.9542945623397827,2.8565847873687744,1.2634069919586182,-3.6582000255584717
2010,0,0.0,3.848750114440918,0.0,-2.936079978942871
2010,1,1.9542945623397827,2.8565847873687744,1.2634069919586182,-3.6582000255584717
2015,0,0.020523499697446823,0.5128138661384583,0.0051324148662388325,0.4309200048446655
2020,0,-1.9275143146514893,5.280448913574219,0.2249699980020523,-3.3661601543426514
2020,1,0.7896456122398376,1.2879446744918823,2.0685601234436035,8.725920677185059
2020,2,-1.1471022367477417,1.8296563625335693,0.7156389355659485,2.368800163269043
2020,3,-1.079535961151123,1.8009387254714966,0.6958212852478027,4.421760082244873
2020,4,-0.43950706720352173,0.9098488092422485,0.040439214557409286,6.948480129241943
2023,0,0.3630281686782837,0.40565547347068787,0.507139265537262,7.758240222930908
2027,0,-1.1506907939910889,1.7563282251358032,0.6958212852478027,3.632160186767578
2027,1,1.8012080192565918,4.934431552886963,1.7992488145828247,-4.8540802001953125
2027,2,0.6944071650505066,1.212807297706604,1.7611145973205566,-4.896359920501709
2027,3,0.013487177900969982,0.4494377374649048,0.0179952010512352,0.3600800037384033
2029,0,2.970148801803589,5.0692315101623535,0.8879613876342773,0.14363999664783478
2031,0,-0.35988256335258484,0.8058770298957825,0.061881937086582184,0.3158400058746338
2031,1,-0.3237805962562561,0.7449547648429871,0.12276343256235123,0.3158400058746338
2031,2,-0.3518059253692627,0.8094355463981628,0.061881937086582184,0.3158400058746338
2031,3,2.368530750274658,2.442619562149048,2.86580228805542,3.31492018699646
2031,4,3.6295812129974365,2.279592752456665,0.1286206990480423,0.0005600000149570405
2031,5,0.09150471538305283,0.30663806200027466,0.0,0.0
2031,6,-0.025593174621462822,0.6394881010055542,0.0,0.0
2031,7,-0.30031871795654297,0.7519007325172424,0.13898330926895142,0.3158400058746338
2031,8,-0.32736822962760925,0.8196238875389099,0.061881937086582184,0.3158400058746338
2039,0,-0.30694708228111267,0.8961308598518372,0.037909891456365585,-0.4737600088119507
2039,1,-0.2782571315765381,0.8396682143211365,0.01769382134079933,-0.3158400058746338
2039,2,-0.16668136417865753,0.6022636890411377,0.09444490075111389,4.421760082244873
2039,3,-0.18540793657302856,0.6699277758598328,0.013904073275625706,-0.4737600088119507
2039,4,-0.16065050661563873,0.6039003729820251,0.09444490075111389,-0.4737600088119507
2039,5,-1.5783518552780151,5.933172702789307,0.12280681729316711,4.830560207366943
2039,6,-2.090235471725464,2.0710856914520264,2.3795101642608643,5.285000324249268
2042,0,-0.07374256104230881,0.5640513896942139,0.41475793719291687,0.0008399999933317304
2046,0,-2.2233121395111084,1.5236504077911377,0.2432338297367096,0.5017600059509277
2046,1,0.17933593690395355,0.9855272769927979,2.0177853107452393,4.122440338134766
2052,0,0.0,0.7890000343322754,0.0,-0.7168000340461731
2052,1,0.0,3.848750114440918,0.0,-2.936079978942871
2052,2,1.9542945623397827,2.8565847873687744,1.2634069919586182,-3.6582000255584717
2052,3,-3.3400967121124268,2.192129611968994,0.4412539005279541,-4.829440116882324
2052,4,-0.3020216226577759,0.6763103008270264,0.6763107776641846,4.204480171203613
2055,0,-3.085700511932373,5.927076816558838,0.6704562902450562,0.5104399919509888
2055,1,3.5981061458587646,5.613545894622803,0.8039872050285339,0.6453999876976013
2055,2,0.06153430417180061,0.5103221535682678,0.015425186604261398,-7.385560035705566
2055,3,1.9465687274932861,2.6144447326660156,2.4268531799316406,-0.001120000029914081
2055,4,0.007694486994296312,0.3846730589866638,0.0,0.28700000047683716
2055,5,0.0817275196313858,2.042098045349121,0.14329542219638824,0.35840001702308655
2059,0,-0.09027782827615738,0.4961150586605072,0.03535611182451248,-0.3158400058746338
2059,1,-0.10157371312379837,0.5581907629966736,0.03977999463677406,-0.3158400058746338
2059,2,-0.11286959797143936,0.6202664971351624,0.04420388117432594,-0.3158400058746338
2059,3,-0.08531223982572556,0.4969930350780487,0.03535611182451248,-0.3158400058746338
2059,4,-0.09598682075738907,0.5591785907745361,0.03977999463677406,-0.3158400058746338
2059,5,-0.07613644748926163,0.6893556118011475,0.04862776771187782,0.3158400058746338
2059,6,-0.050261545926332474,0.5009389519691467,0.04543360695242882,0.3158400058746338
2059,7,-0.05655045434832573,0.5636183023452759,0.05111842602491379,0.3158400058746338
2059,8,-0.06283935904502869,0.6262975931167603,0.05680324137210846,-0.3158400058746338
2059,9,-0.06912826746702194,0.6889768838882446,0.06248806044459343,0.3158400058746338
2059,10,-0.05091153457760811,0.5641555786132812,0.05111842602491379,0.3158400058746338
2059,11,-0.05657334625720978,0.6268946528434753,0.05680324137210846,0.3158400058746338
2059,12,-0.06223515421152115,0.6896336674690247,0.06248806044459343,0.3158400058746338
2059,13,0.007694486994296312,0.3846730589866638,0.0,0.28700000047683716
2059,14,0.03321956470608711,0.8300461769104004,0.05824490636587143,0.35840001702308655
2059,15,0.47691720724105835,0.6019750237464905,0.0,0.7459200024604797
2059,16,0.0,2.240000009536743,0.0,0.0
2059,17,-0.11260997503995895,2.8137476444244385,0.0,0.0008399999933317304
2059,18,0.06539089232683182,0.6517277956008911,0.0,2.569000005722046
2064,0,2.1922855377197266,3.07081937789917,1.4201935529708862,-7.836640357971191
2064,1,1.7447904348373413,2.443995714187622,2.6337473392486572,3.6377601623535156
2064,2,0.0032143036369234324,0.3214196562767029,0.006429571192711592,0.21615999937057495
2070,0,-2.0854241847991943,2.6322667598724365,2.248533010482788,-7.272439956665039
2072,0,-0.06932439655065536,0.6276777982711792,0.025273259729146957,-7.896000385284424
2072,1,-0.0567348375916481,0.565455973148346,0.022743934765458107,8.527680397033691
2072,2,-0.06304425746202469,0.6283397078514099,0.025273259729146957,-7.896000385284424
2072,3,-0.06939530372619629,0.6916383504867554,0.013904073275625706,-9.033080101013184
2072,4,-0.05107753351330757,0.5659950375556946,0.022743934765458107,8.527680397033691
2072,5,-0.05675780773162842,0.6289386749267578,0.025273259729146957,-0.3158400058746338
2072,6,-0.06247556209564209,0.6922976970672607,0.013904073275625706,0.3158400058746338
2077,0,0.34229856729507446,1.1065583229064941,1.4899909496307373,5.930680274963379
2084,0,0.40296658873558044,1.8905975818634033,1.2664834260940552,-6.68556022644043
2088,0,1.9195421934127808,0.9291306138038635,1.5549002885818481,5.126520156860352
2090,0,0.0,1.2322500944137573,0.0,6.666240215301514
2093,0,-0.011371967382729053,0.568522572517395,0.011374241672456264,-0.3158400058746338
2093,1,1.630423665046692,5.6699676513671875,2.8498942852020264,4.616919994354248
2095,0,0.0,0.6935473680496216,0.04862776771187782,0.3158400058746338
2095,1,-0.11894021928310394,1.4835797548294067,1.5324519872665405,-4.782959938049316
2095,2,0.020523499697446823,0.5128138661384583,0.0051324148662388325,0.4309200048446655
2098,0,-0.2507425546646118,0.7088391780853271,0.5143892765045166,-5.46336030960083
2108,0,-0.0397481732070446,0.566903293132782,0.022743934765458107,0.3158400058746338
2108,1,-0.04416852444410324,0.6299480199813843,0.025273259729146957,-0.3158400058746338
2108,2,-0.034077249467372894,0.567272424697876,0.022743934765458107,-0.3158400058746338
2108,3,-0.03786693885922432,0.6303581595420837,0.025273259729146957,-0.3158400058746338
2108,4,2.1950056552886963,3.010507822036743,1.2346737384796143,-6.2972002029418945
2108,5,1.8513964414596558,2.706178903579712,1.92115318775177,5.484920024871826
2108,6,0.013487177900969982,0.4494377374649048,0.0179952010512352,0.3600800037384033
2108,7,2.041414260864258,2.9839272499084473,1.319727897644043,-2.936079978942871
2111,0,-0.034021008759737015,0.5663362145423889,0.03977999463677406,0.0
2111,1,-0.025202598422765732,0.5036318898200989,0.03535611182451248,0.0
2111,2,0.0,0.64000004529953,0.0,0.0
2111,3,0.7094706296920776,1.6780558824539185,1.273341178894043,5.4983601570129395
2111,4,0.16597816348075867,4.14724063873291,0.29101473093032837,0.35840001702308655
2111,5,2.543558359146118,3.210533618927002,0.0,0.7459200024604797
2111,6,0.0,1.600000023841858,0.0,0.0
2111,7,0.06539089232683182,0.6517277956008911,0.0,2.569000005722046
2114,0,-0.0397481732070446,0.566903293132782,0.022743934765458107,-1.1054400205612183
2114,1,-0.03028755821287632,0.504186749458313,0.020214609801769257,-0.3158400058746338
2114,2,-0.034077249467372894,0.567272424697876,0.022743934765458107,-0.3158400058746338
2114,3,-0.02524426020681858,0.5044644474983215,0.020214609801769257,-0.3158400058746338
2114,4,0.4996911585330963,0.48530739545822144,0.5295381546020508,4.524519920349121
2114,5,-0.09454508125782013,0.5195654630661011,1.4431610107421875,4.196919918060303
2114,6,1.2136253118515015,2.6462488174438477,1.442387342453003,-4.906440258026123
2114,7,0.02554074302315712,0.31857794523239136,0.015993334352970123,0.2886800169944763
2114,8,0.0,0.6659666895866394,0.006659889128059149,4.802560329437256
2114,9,0.0,2.293635368347168,0.022937117144465446,0.7168000340461731
2117,0,-2.2752773761749268,2.813634157180786,1.7927733659744263,-4.529280185699463
2119,0,0.0,4.3107500076293945,0.0,-6.164480209350586
2119,1,-1.7472779750823975,2.5539894104003906,2.3039801120758057,4.337759971618652
2119,2,-2.2758750915527344,0.9913218021392822,1.6983033418655396,-4.791640281677246
2121,0,-0.14894947409629822,0.7347909212112427,0.11331146955490112,-0.3158400058746338
2121,1,-0.13035988807678223,0.6778286099433899,0.0832299143075943,-0.3158400058746338
2121,2,-0.14159426093101501,0.7362436652183533,0.11331146955490112,-0.3158400058746338
2121,3,-2.3966763019561768,2.9637577533721924,1.5667564868927002,-3.4081602096557617
2123,0,0.0,0.6390000581741333,0.0,0.0
2123,1,0.013487177900969982,0.4494377374649048,0.0179952010512352,0.3600800037384033
2123,2,2.041414260864258,2.9839272499084473,1.319727897644043,-2.936079978942871
2132,0,-0.022688236087560654,0.5669033527374268,0.03977999463677406,0.3158400058746338
2132,1,-0.017018161714076996,0.5671018958091736,0.03977999463677406,0.3158400058746338
2132,2,-0.018880432471632957,0.6291589140892029,0.05680324137210846,0.3158400058746338
2132,3,-0.01134638674557209,0.567243754863739,0.03977999463677406,0.3158400058746338
2147,0,-0.32460829615592957,0.5294495224952698,0.20580518245697021,-0.16380000114440918
2147,1,-1.36186945438385,1.6841034889221191,1.4501551389694214,-2.6600000858306885
2154,0,-1.6219836473464966,3.536653518676758,2.8368794918060303,4.031440258026123
2154,1,1.6920955181121826,0.562238335609436,1.3275655508041382,1.224160075187683
2159,0,-0.16407428681850433,0.6704662442207336,0.0832299143075943,0.3158400058746338
2159,1,-0.1782141476869583,0.7282467484474182,0.11331146955490112,0.3158400058746338
2161,0,0.39207127690315247,3.549896717071533,0.25041288137435913,-4.918479919433594
2170,0,-0.034021008759737015,0.5663362145423889,0.03977999463677406,0.3158400058746338
2170,1,-0.03780444338917732,0.6293178200721741,0.04420388117432594,0.3158400058746338
2170,2,-1.108680009841919,0.8097079396247864,0.09625884145498276,4.524519920349121
2185,0,-2.6516125202178955,1.2509080171585083,1.7574453353881836,-4.793879985809326
2189,0,2.1693615913391113,2.9753360748291016,2.741575241088867,-4.812920093536377
2198,0,-2.903528928756714,2.602586030960083,1.2921608686447144,-1.421280026435852
2198,1,-2.833228588104248,2.5911319255828857,1.2723431587219238,-1.421280026435852
2208,0,0.0,5.023750305175781,0.0,0.0
2208,1,-0.7383533120155334,4.885382652282715,0.8990865349769592,-3.1740801334381104
2208,2,-2.3165595531463623,4.795642375946045,1.30332350730896,-5.025720119476318
2227,0,-0.045322343707084656,0.5022212266921997,0.03535611182451248,0.3158400058746338
2227,1,-0.05107753351330757,0.5659950375556946,0.022743934765458107,0.3158400058746338
2227,2,-0.04029794782400131,0.5026493072509766,0.03535611182451248,0.3158400058746338
2227,3,-0.045340172946453094,0.5655426383018494,0.03977999463677406,0.3158400058746338
2227,4,0.0,1.7660000324249268,0.0,0.14336000382900238
2227,5,0.9367996454238892,3.2578179836273193,0.6168463826179504,6.540520191192627
2227,6,0.2690381705760956,0.38493478298187256,0.15563181042671204,-4.176760196685791
2227,7,-2.150399923324585,0.9366675615310669,0.6999395489692688,-0.628600001335144
2227,8,0.02554074302315712,0.31857794523239136,0.015993334352970123,0.2886800169944763
2227,9,0.0,0.6659666895866394,0.006659889128059149,4.802560329437256
2227,10,0.0,2.293750047683716,0.0,0.7168000340461731
2227,11,-2.1415655612945557,0.711585283279419,0.4106490910053253,0.7327600121498108
2227,12,-2.561814546585083,2.980487585067749,0.23609328269958496,-4.381720066070557
2230,0,-0.0662199854850769,1.6546167135238647,0.5487613677978516,4.281480312347412
2236,0,2.2415056228637695,3.0742835998535156,0.9714935421943665,-4.8683600425720215
2236,1,1.9911221265792847,3.0390994548797607,1.2444871664047241,-2.465399980545044
2238,0,3.4083669185638428,5.6860175132751465,0.5982540845870972,0.8607200384140015
2243,0,-0.05516112968325615,0.6880426406860352,0.0832299143075943,-0.3158400058746338
2243,1,-0.039493925869464874,0.5632771253585815,0.06808631867170334,-0.3158400058746338
2243,2,-0.04402497783303261,0.6279006600379944,0.05680324137210846,-0.3158400058746338
2243,3,-0.04827806353569031,0.6885598301887512,0.0832299143075943,-0.3158400058746338
2243,4,-0.03385927155613899,0.5636438727378845,0.06808631867170334,-0.3158400058746338
2243,5,-0.03774387389421463,0.6283094882965088,0.05680324137210846,-0.3158400058746338
2243,6,-0.04139016568660736,0.6890081167221069,0.0832299143075943,-0.3158400058746338
2246,0,-0.1646481603384018,0.5517463684082031,0.023043854162096977,2.7260801792144775
2246,1,-0.2631348669528961,0.7208611369132996,0.030711809173226357,-6.018320083618164
2246,2,-0.14795996248722076,0.5561953783035278,0.023033857345581055,-6.449240207672119
2246,3,-0.1646481603384018,0.5517463684082031,0.023043854162096977,0.002240000059828162
2246,4,-0.06033482402563095,0.46149659156799316,0.33934739232063293,0.0008399999933317304
2249,0,-0.31086719036102295,1.0417355298995972,0.04350839555263519,-0.2128000110387802
2251,0,-0.1647084802389145,0.5519485473632812,0.0,-5.803840160369873
2251,1,0.007694486994296312,0.3846730589866638,0.0,0.28700000047683716
2258,0,-0.04526752978563309,0.5646365284919739,0.05111842602491379,7.106400012969971
2258,1,-0.039618995040655136,0.5650609135627747,0.05111842602491379,0.3158400058746338
2258,2,-0.04402497783303261,0.6279006600379944,0.05680324137210846,-4.263840198516846
2258,3,-0.03018912672996521,0.5025482177734375,0.04543360695242882,0.3158400058746338
2258,4,-0.03396650031208992,0.5654288530349731,0.05111842602491379,0.3158400058746338
2258,5,-0.03774387389421463,0.6283094882965088,0.05680324137210846,0.3158400058746338
2258,6,-0.025162218138575554,0.5028249621391296,0.04543360695242882,0.3158400058746338
2258,7,0.013487177900969982,0.4494377374649048,0.0179952010512352,0.3600800037384033
2269,0,-1.2193512916564941,1.7823209762573242,0.7156389355659485,-4.263840198516846
2269,1,-0.16340704262256622,0.6677396297454834,0.103896863758564,-6.158880233764648
2269,2,-0.17979663610458374,0.7347133755683899,0.05303416773676872,0.3158400058746338
2271,0,0.013487177900969982,0.4494377374649048,0.0179952010512352,0.3600800037384033
2271,1,2.041414260864258,2.9839272499084473,1.319727897644043,-2.936079978942871
2271,2,0.0,1.0602500438690186,0.0,0.7078400254249573
2271,3,0.0,0.44075003266334534,0.0,0.6370000243186951
2271,4,0.0,1.027250051498413,0.0,0.7078400254249573
2271,5,0.0,0.4647500216960907,0.0,0.6370000243186951
2271,6,-1.1357073783874512,1.6962106227874756,0.9860669374465942,4.528719902038574
2274,0,-0.18143829703330994,0.5475078225135803,0.023083843290805817,3.6582000255584717
2274,1,-0.03405537083745003,0.6805397868156433,0.13812485337257385,-0.7896000146865845
2279,0,2.7157957553863525,5.481486797332764,0.49043646454811096,4.417280197143555
2279,1,-0.5779429078102112,0.5960212349891663,2.5846874713897705,4.302480220794678
2282,0,0.020523499697446823,0.5128138661384583,0.0051324148662388325,0.4309200048446655
2284,0,-0.062283508479595184,0.5639281272888184,0.03977999463677406,-0.3158400058746338
2284,1,-0.06932439655065536,0.6276777982711792,0.025273259729146957,-0.3158400058746338
2284,2,-0.07626231759786606,0.6904952526092529,0.027802584692835808,-7.106400012969971
2284,3,-0.05034220591187477,0.5017428994178772,0.03535611182451248,-0.3158400058746338
2284,4,-0.05664120614528656,0.5645227432250977,0.03977999463677406,-0.3158400058746338
2284,5,-0.0567348375916481,0.565455973148346,0.022743934765458107,-9.033080101013184
2284,6,0.0,3.848750114440918,0.0,-2.936079978942871
2284,7,1.9542945623397827,2.8565847873687744,1.2634069919586182,-3.6582000255584717
2287,0,-0.1130339726805687,0.7478996515274048,0.05303416773676872,0.3158400058746338
2287,1,-0.06791958212852478,0.5632771253585815,0.03977999463677406,-8.369760513305664
2287,2,-1.2164661884307861,0.47293728590011597,0.9516161680221558,5.9516801834106445
2287,3,0.08571569621562958,4.285213947296143,0.1286206990480423,0.0005600000149570405
2287,4,0.05728946626186371,0.3148300051689148,0.0,0.0
2287,5,-0.5091850757598877,0.38772493600845337,0.0,0.0
2290,0,-2.4966580867767334,2.964136838912964,0.5857227444648743,-3.0310001373291016
2290,1,1.9465687274932861,2.6144447326660156,2.4268531799316406,-0.001120000029914081
2293,0,-0.07601446658372879,0.6882511377334595,0.06248806044459343,0.0
2293,1,-0.05034220591187477,0.5017428994178772,0.03535611182451248,0.0
2293,2,-0.06294020265340805,0.6273026466369629,0.04420388117432594,0.0
2293,3,-0.38369327783584595,4.251741886138916,0.29932039976119995,-4.874239921569824
2295,0,1.6697533130645752,1.1940604448318481,0.22671964764595032,-0.09044000506401062
2295,1,-0.26829513907432556,1.395046591758728,1.0799552202224731,-5.431440353393555
2295,2,-0.06912826746702194,0.6889768838882446,0.06248806044459343,6.474720001220703
2295,3,-0.050301674753427505,0.6274290084838867,0.05680324137210846,6.316800117492676
2295,4,-0.03510185331106186,0.5006357431411743,0.06051452085375786,-0.3158400058746338
2295,5,-0.039618995040655136,0.5650609135627747,0.05111842602491379,-0.3158400058746338
2295,6,0.020523499697446823,0.5128138661384583,0.0051324148662388325,0.4309200048446655
2302,0,-1.2896499633789062,1.7321343421936035,0.7156389355659485,-4.263840198516846
2304,0,0.10446108877658844,0.3500556945800781,0.47974780201911926,-4.906160354614258
2304,1,-1.103804349899292,2.1729891300201416,1.3314846754074097,-6.398280143737793
2308,0,-0.26786449551582336,1.321417212486267,2.3505003452301025,-4.782120227813721
2314,0,0.381182998418808,0.6814643144607544,0.4265689253807068,-5.251960277557373
2317,0,2.3610754013061523,1.0851154327392578,0.39272341132164,-6.93503999710083
2325,0,2.3390815258026123,2.777055501937866,2.703354597091675,-1.168720006942749
2335,0,-0.13756582140922546,0.6786335706710815,0.06248806044459343,0.0
2335,1,-0.1495576947927475,0.7377913594245911,0.09077178686857224,0.0
2335,2,-0.1185004785656929,0.6161635518074036,0.07565811276435852,0.0
2335,3,-0.13035988807678223,0.6778286099433899,0.0832299143075943,0.0
2335,4,-0.14159426093101501,0.7362436652183533,0.11331146955490112,0.0
2335,5,-0.1123330220580101,0.6173177361488342,0.07565811276435852,0.0
2335,6,-0.12357519567012787,0.6790983080863953,0.0832299143075943,0.0
2335,7,1.7686625719070435,1.6503126621246338,0.3656003773212433,5.500600337982178
2338,0,0.05960220471024513,5.96002197265625,2.1756865978240967,-1.3585600852966309
2338,1,0.057405538856983185,5.740362644195557,2.7025859355926514,-1.2868800163269043
2338,2,0.03987549617886543,3.9874167442321777,2.9074296951293945,-0.5723200440406799
2338,3,-0.35319089889526367,5.0373406410217285,0.202096089720726,-8.335040092468262
2343,0,-0.1506330370903015,0.673613429069519,0.0832299143075943,-7.580160140991211
2343,1,-0.14330433309078217,0.6723406314849854,0.103896863758564,-0.3158400058746338
2343,2,-0.13657385110855103,0.673740029335022,0.103896863758564,-0.3158400058746338
2343,3,-0.12941138446331024,0.672896683216095,0.11762402951717377,-0.3158400058746338
2343,4,-0.11187618225812912,0.6148072481155396,0.09444490075111389,-0.3158400058746338
2343,5,-0.03156156837940216,0.6307052969932556,0.025273259729146957,0.3158400058746338
2343,6,-0.034662917256355286,0.6926805973052979,0.04862776771187782,-5.3692803382873535
2343,7,-0.025253044441342354,0.6309893727302551,0.025273259729146957,0.3158400058746338
2343,8,-0.02773449756205082,0.692992627620697,0.04862776771187782,-5.3692803382873535
2343,9,-0.018953366205096245,0.6315893530845642,0.012639157474040985,-2.5267200469970703
2343,10,-0.0208376906812191,0.6943813562393188,0.027802584692835808,-7.422240257263184
2343,11,-0.012636630795896053,0.631747305393219,0.012639157474040985,-2.5267200469970703
2343,12,-0.013901292346417904,0.6949719786643982,0.013904073275625706,-7.422240257263184
2343,13,0.013487177900969982,0.4494377374649048,0.0179952010512352,0.3600800037384033
2343,14,2.041414260864258,2.9839272499084473,1.319727897644043,-2.936079978942871
2343,15,2.189692974090576,3.003221273422241,1.2316854000091553,3.615920066833496
2343,16,0.02554074302315712,0.31857794523239136,0.015993334352970123,0.2886800169944763
2343,17,0.0,0.6660000085830688,0.0,4.802560329437256
2347,0,1.8374414443969727,1.5189683437347412,0.0,8.336160659790039
2351,0,-1.1471022367477417,1.8296563625335693,0.7156389355659485,0.6316800117492676
2351,1,-1.1789942979812622,1.88052499294281,0.7355352640151978,0.6316800117492676
2351,2,-0.07456748932600021,0.6184102296829224,0.10692324489355087,0.3158400058746338
2351,3,-0.06860083341598511,0.6211265325546265,0.09444490075111389,0.3158400058746338
2351,4,-0.07522314786911011,0.6810864210128784,0.11762402951717377,-0.3158400058746338
2351,5,2.2141432762145996,3.0367555618286133,1.1215046644210815,-4.4609599113464355
2351,6,2.1624395847320557,3.1608293056488037,0.0,1.2843600511550903
2351,7,0.020523499697446823,0.5128138661384583,0.0051324148662388325,0.4309200048446655
2354,0,-0.029983341693878174,0.5991671085357666,0.19880607724189758,-0.3158400058746338
2354,1,-0.02158934809267521,0.5394458174705505,0.17890973389148712,-0.3158400058746338
2354,2,-0.026391198858618736,0.659428060054779,0.21870240569114685,-0.4737600088119507
2358,0,-0.08302608132362366,0.6885598301887512,0.04862776771187782,0.3158400058746338
2358,1,-0.056664131581783295,0.6279006600379944,0.04420388117432594,0.3158400058746338
2358,2,-0.05623285099864006,0.8020139336585999,0.07255445420742035,8.332520484924316
2360,0,-0.18503236770629883,2.3079683780670166,2.0307400226593018,-4.914560317993164
2362,0,-0.10055408626794815,3.350797414779663,1.4570167064666748,-2.814840078353882
2364,0,-2.027667760848999,2.5593652725219727,2.3807342052459717,7.439599990844727
2366,0,-0.011997535824775696,0.5997968316078186,0.19880607724189758,7.580160140991211
2366,1,-0.005999067798256874,0.5998868346214294,0.19880607724189758,5.527200222015381
2366,2,-0.020770199596881866,0.692132294178009,0.33448851108551025,4.5259199142456055
2368,0,-0.7798047065734863,0.804197371006012,0.4344809949398041,-2.2414000034332275
2368,1,0.020523499697446823,0.5128138661384583,0.0051324148662388325,0.4309200048446655
2368,2,0.020523499697446823,0.5128138661384583,0.0051324148662388325,0.4309200048446655
2368,3,1.5129518508911133,3.481001615524292,0.3425271511077881,5.591320037841797
2368,4,-2.01501202583313,2.4917871952056885,2.5914132595062256,-5.841080188751221
2374,0,2.0963807106018066,1.7330271005630493,1.5573465824127197,-4.780720233917236
2378,0,3.0429325103759766,3.3325672149658203,2.349417209625244,-4.901679992675781
2385,0,1.4241214990615845,4.297426223754883,0.0,-5.187280178070068
2388,0,-0.09758821874856949,0.7464450001716614,0.09077178686857224,-0.3158400058746338
2388,1,-0.06294020265340805,0.6273026466369629,0.04420388117432594,0.3158400058746338
2388,2,-0.056664131581783295,0.6279006600379944,0.04420388117432594,0.3158400058746338
2388,3,-0.05038239806890488,0.6284359097480774,0.04420388117432594,0.3158400058746338
2388,4,-0.055335819721221924,0.6902215480804443,0.06248806044459343,-0.3158400058746338
2388,5,0.33126920461654663,1.2452720403671265,0.8627768754959106,0.9100000262260437
2388,6,2.455350399017334,3.5130691528320312,0.1286206990480423,0.0002800000074785203
2388,7,0.5644530057907104,0.3016502261161804,0.0,0.0
2391,0,-0.052740175276994705,0.6578452587127686,0.21870240569114685,8.401400566101074
2391,1,-0.03597341477870941,0.5988373160362244,0.19880607724189758,1.8950400352478027
2391,2,-0.02158934809267521,0.5394458174705505,0.17890973389148712,1.7371200323104858
2393,0,-2.5590999126434326,0.7658880949020386,0.0,8.400279998779297
2393,1,-0.3265242874622345,0.3300687372684479,0.31086674332618713,7.266839981079102
2393,2,0.007694486994296312,0.3846730589866638,0.0,0.28700000047683716
2393,3,0.20682694017887115,5.1679158210754395,0.36263617873191833,0.35840001702308655
2393,4,3.5768790245056152,4.51481294631958,0.0,0.7459200024604797
2393,5,0.0,0.7680000066757202,0.0,0.0
2393,6,0.06539089232683182,0.6517277956008911,0.0,2.569000005722046
2396,0,0.6052506566047668,1.8894745111465454,2.716625452041626,-4.986239910125732
2398,0,-0.12807555496692657,0.4291892647743225,0.017925219610333443,5.37824010848999
2398,1,-0.12807555496692657,0.4291892647743225,0.017925219610333443,-8.456000328063965
2398,2,1.039018154144287,0.403949111700058,1.5923036336898804,-4.765039920806885
2401,0,0.0,5.510000228881836,0.0,-8.744959831237793
2405,0,-0.04409562796354294,0.6289083361625671,0.04420388117432594,-0.3158400058746338
2407,0,3.3232107162475586,1.8189162015914917,1.5572518110275269,0.017079999670386314
2407,1,-0.11677815020084381,0.6803001165390015,0.0832299143075943,1.7371200323104858
2412,0,-0.13564059138298035,0.7454028129577637,0.030321914702653885,-0.3158400058746338
2412,1,-0.05679188668727875,0.6293163299560547,0.012639157474040985,-4.421760082244873
2412,2,-0.04029794782400131,0.5026493072509766,0.03535611182451248,0.3158400058746338
2412,3,-0.04544239118695259,0.5668176412582397,0.011374241672456264,0.3158400058746338
2415,0,-0.04949932545423508,0.6174210906028748,0.1255590170621872,0.3158400058746338
2415,1,-0.04827806353569031,0.6885598301887512,0.0832299143075943,0.3158400058746338
2415,2,-0.25944194197654724,4.31884241104126,0.30335962772369385,-4.916800022125244
2417,0,-2.094813823699951,2.590471029281616,1.863494634628296,1.0351600646972656
2419,0,-0.1646481603384018,0.5517463684082031,0.023043854162096977,4.518080234527588
2419,1,-0.14795996248722076,0.5561953783035278,0.023033857345581055,-4.65723991394043
2419,2,-3.6963255405426025,2.169696092605591,0.1286206990480423,0.0002800000074785203
2422,0,0.007694486994296312,0.3846730589866638,0.0,0.28700000047683716
2422,1,0.0,0.320000022649765,0.0,0.0
2425,0,-1.115336537361145,1.7789891958236694,0.6958212852478027,-7.264320373535156
2425,1,-1.1471022367477417,1.8296563625335693,0.7156389355659485,-3.4742400646209717
2425,2,-2.388587236404419,2.953754425048828,1.6060587167739868,-6.15608024597168
2425,3,1.9465687274932861,2.6144447326660156,2.4268531799316406,-0.001120000029914081
2428,0,-0.1203141137957573,0.7455354332923889,0.06815040856599808,0.3158400058746338
2428,1,-0.10364241898059845,0.6857596039772034,0.04862776771187782,-1.1054400205612183
2428,2,-0.08990741521120071,0.6876951456069946,0.04862776771187782,-1.1054400205612183
2428,3,-0.0755975991487503,0.6269532442092896,0.025273259729146957,0.3158400058746338
2431,0,-0.16203317046165466,0.7993348240852356,0.09834358096122742,0.0
2435,0,-0.07522314786911011,0.6810864210128784,0.11762402951717377,2.2108800411224365
2435,1,-0.05046568810939789,0.6294748187065125,0.025273259729146957,0.3158400058746338
2435,2,-0.0397481732070446,0.566903293132782,0.022743934765458107,0.3158400058746338
2437,0,-1.640670657157898,2.1581969261169434,0.6922363042831421,-4.915960311889648
2442,0,0.007694486994296312,0.3846730589866638,0.0,0.28700000047683716
2442,1,-0.07166089117527008,1.7905666828155518,0.0,0.0008399999933317304
2442,2,0.06539089232683182,0.6517277956008911,0.0,2.569000005722046
2442,3,0.0,1.4160000085830688,0.0,-5.806080341339111
2446,0,-1.2715078592300415,1.8192495107650757,0.7355352640151978,0.3158400058746338
2446,1,-1.2193512916564941,1.7823209762573242,0.7156389355659485,-8.053919792175293
2446,2,0.007694486994296312,0.3846730589866638,0.0,0.28700000047683716
2449,0,-0.03435783460736275,0.6865839958190918,0.103896863758564,-0.3158400058746338
2449,1,-0.02740180678665638,0.6846797466278076,0.11762402951717377,-0.3158400058746338
2449,2,-0.017056530341506004,0.5683804154396057,0.011374241672456264,0.3158400058746338
2449,3,-0.020553752779960632,0.684919536113739,0.11762402951717377,-0.3158400058746338
2449,4,-0.012608204036951065,0.6303262114524841,0.04420388117432594,-0.3158400058746338
2451,0,2.1948657035827637,3.0103158950805664,1.2345950603485107,-0.1988000124692917
2453,0,0.007694486994296312,0.3846730589866638,0.0,0.28700000047683716
2453,1,0.020454317331314087,0.5110852122306824,0.03586319833993912,0.35840001702308655
2453,2,-0.07166089117527008,1.7905666828155518,0.0,0.0008399999933317304
2453,3,0.06539089232683182,0.6517277956008911,0.0,2.569000005722046
2453,4,0.173415869474411,1.7283743619918823,1.1133958101272583,2.569000005722046
2453,5,0.49900203943252563,1.367022156715393,0.0,0.14112000167369843
2453,6,2.282400131225586,3.2656149864196777,1.0173250436782837,0.0
2453,7,-1.629514455795288,3.964226007461548,0.1286206990480423,0.0
2453,8,0.17686763405799866,0.6150755286216736,0.0,0.0
2457,0,-0.04544239118695259,0.5668176412582397,0.011374241672456264,4.421760082244873
2457,1,-0.45017310976982117,5.61515474319458,0.39496728777885437,0.0658000037074089
2457,2,2.2419943809509277,2.0919716358184814,2.283078193664551,2.3461201190948486
2460,0,-2.4913582801818848,3.1446454524993896,0.48375704884529114,7.429520130157471
2462,0,-3.0209903717041016,2.3484628200531006,1.1003100872039795,-2.2108800411224365
2462,1,-1.0917046070098877,1.8632410764694214,0.7156389355659485,-2.6846401691436768
2462,2,-0.04370751976966858,0.6233730316162109,0.09444490075111389,0.3158400058746338
2462,3,-0.033721569925546646,0.5613515973091125,0.08499293774366379,-0.3158400058746338
2462,4,-0.03435783460736275,0.6865839958190918,0.103896863758564,-0.3158400058746338
2464,0,2.3545711040496826,3.3688759803771973,0.12334149330854416,0.0
2468,0,2.3617801666259766,0.7586174607276917,0.02480708621442318,-4.796960353851318
2471,0,-0.032373227179050446,0.5389061570167542,0.17890973389148712,-0.3158400058746338
2473,0,0.056303996592760086,5.630212306976318,2.2488908767700195,-0.35728001594543457
2476,0,-0.027490392327308655,0.6868932843208313,0.103896863758564,-3.4742400646209717
2476,1,-0.020620200783014297,0.6871337890625,0.103896863758564,-3.4742400646209717
2476,2,-2.421543598175049,2.934009075164795,0.930962324142456,6.24399995803833
2476,3,1.9465687274932861,2.6144447326660156,2.4268531799316406,-0.001120000029914081
2478,0,-0.022688236087560654,0.5669033527374268,0.03977999463677406,0.3158400058746338
2478,1,-0.012608204036951065,0.6303262114524841,0.04420388117432594,0.3158400058746338
2478,2,0.21841631829738617,1.549910545349121,0.23656056821346283,0.73471999168396
2480,0,-0.1796799749135971,0.6492311358451843,0.17200762033462524,0.3158400058746338
2485,0,-0.5504229068756104,3.024807929992676,0.3707188069820404,0.0
2488,0,-0.022651884704828262,0.5659950375556946,0.05111842602491379,-0.3158400058746338
2488,1,-0.025211365893483162,0.6299479603767395,0.04420388117432594,-0.3158400058746338
2488,2,-0.020850200206041336,0.6947982311248779,0.013904073275625706,-0.3158400058746338
2490,0,-3.4856297969818115,4.882457256317139,0.0,-1.280440092086792
2490,1,-0.6436982750892639,1.2672076225280762,0.9516555666923523,-7.028560161590576
2497,0,0.0,4.124000072479248,0.0,-5.945240020751953
2505,0,-1.0015252828598022,1.9237501621246338,0.1302867978811264,9.084320068359375
2512,0,0.0,2.944000244140625,0.0,0.0
2512,1,-2.466785430908203,1.8015800714492798,2.1349339485168457,-5.006680011749268
2512,2,-2.495755672454834,2.5228474140167236,2.3760788440704346,-5.668320178985596
2515,0,-2.3647282123565674,2.9848103523254395,1.3470379114151,1.4372400045394897
2515,1,-2.377089262008667,3.0004124641418457,0.539438784122467,7.160160064697266
2515,2,0.0032143036369234324,0.3214196562767029,0.006429571192711592,0.21615999937057495
2518,0,0.02554074302315712,0.31857794523239136,0.015993334352970123,0.2886800169944763
2521,0,-0.050750814378261566,0.5623745918273926,0.06808631867170334,-5.211359977722168
2521,1,-0.044778671115636826,0.4961967468261719,0.08552167564630508,-0.3158400058746338
2521,2,-0.30197808146476746,0.911248505115509,0.038419753313064575,-8.240680694580078
2521,3,-0.3018995225429535,0.9110113978385925,0.0384097583591938,-0.6425999999046326
2521,4,0.02554074302315712,0.31857794523239136,0.015993334352970123,0.2886800169944763
2521,5,0.0,0.6659666895866394,0.006659889128059149,4.802560329437256
2521,6,0.0,2.293750047683716,0.0,0.7168000340461731
2521,7,-2.1415655612945557,0.711585283279419,0.4106490910053253,0.7327600121498108
2521,8,2.2271509170532227,3.054595947265625,1.0870450735092163,6.1051201820373535
2525,0,-0.09719134867191315,0.7434093356132507,0.11331146955490112,-0.3158400058746338
2525,1,-0.06233502924442291,0.6907404065132141,0.04862776771187782,-4.105920314788818
2525,2,-0.045340172946453094,0.5655426383018494,0.03977999463677406,-1.579200029373169
2525,3,-0.039682578295469284,0.5659677386283875,0.03977999463677406,-1.579200029373169
2525,4,-0.04409562796354294,0.6289083361625671,0.04420388117432594,-0.1579200029373169
2528,0,-0.9082074761390686,0.3848368227481842,0.7344011068344116,-4.852680206298828
2528,1,-0.7445605397224426,0.5908469557762146,1.8675249814987183,-4.920720100402832
2532,0,-0.15045511722564697,0.6425769329071045,0.21870240569114685,3.3163201808929443
2532,1,-0.02272574044764042,0.5678404569625854,0.022743934765458107,0.3158400058746338
2532,2,-0.025211365893483162,0.6299479603767395,0.04420388117432594,-0.3158400058746338
2532,3,-0.018910730257630348,0.630168616771698,0.04420388117432594,-0.3158400058746338
2532,4,-0.012608204036951065,0.6303262114524841,0.04420388117432594,-0.3158400058746338
2534,0,0.007694486994296312,0.3846730589866638,0.0,0.28700000047683716
2534,1,0.0,1.0880000591278076,0.0,0.0
2537,0,-0.07128922641277313,3.563986301422119,2.94207501411438,-4.773159980773926
2540,0,-1.2193512916564941,1.7823209762573242,0.7156389355659485,0.9475200176239014
2540,1,-0.15061089396476746,0.7429869174957275,0.01516398973762989,0.3158400058746338
2542,0,-1.2722643613815308,1.7449439764022827,0.7156389355659485,-1.579200029373169
2542,1,-0.0881207138299942,0.6253159642219543,0.025273259729146957,-6.632640361785889
2542,2,-0.08186324685811996,0.6261659264564514,0.025273259729146957,-6.632640361785889
2542,3,-0.09011011570692062,0.6892455816268921,0.013904073275625706,8.875160217285156
2542,4,-0.06803185492753983,0.5642082691192627,0.022743934765458107,-0.3158400058746338
2542,5,-1.1590124368667603,0.5899003744125366,1.4803980588912964,-7.545160293579102
2542,6,-2.4200973510742188,3.537446975708008,0.1286206990480423,0.0
2545,0,-0.15692803263664246,0.7362589240074158,0.09077178686857224,0.3158400058746338
2545,1,-0.11801856011152267,0.6136577725410461,0.09444490075111389,-0.3158400058746338
2545,2,-0.13035988807678223,0.6778286099433899,0.0832299143075943,0.3158400058746338
2545,3,-0.11187618225812912,0.6148072481155396,0.09444490075111389,-0.3158400058746338
2545,4,-0.08438172936439514,0.5583194494247437,0.06808631867170334,-0.3158400058746338
2551,0,-1.0199549198150635,0.33890390396118164,1.9178736209869385,-8.69260025024414
2556,0,-0.2566826641559601,1.6983643770217896,2.2557296752929688,0.4466000199317932
2556,1,1.5904854536056519,5.531078338623047,0.05755404382944107,-1.4526400566101074
2556,2,0.10553647577762604,1.756830096244812,0.3384823501110077,-5.825119972229004
2565,0,-0.05664120614528656,0.5645227432250977,0.03977999463677406,4.421760082244873
2565,1,-0.06294020265340805,0.6273026466369629,0.04420388117432594,-0.7896000146865845
2565,2,-0.06923919916152954,0.6900825500488281,0.04862776771187782,-0.7896000146865845
2565,3,-0.04524972662329674,0.5014165043830872,0.04543360695242882,0.3158400058746338
2565,4,-0.05091153457760811,0.5641555786132812,0.05111842602491379,4.421760082244873
2569,0,-1.1160123348236084,1.0413345098495483,1.1364630460739136,1.1354000568389893
2571,0,-0.062283508479595184,0.5639281272888184,0.03977999463677406,-0.3158400058746338
2571,1,-0.06909909099340439,0.6256378889083862,0.05680324137210846,8.369760513305664
2571,2,0.0,0.6795000433921814,0.0,8.673279762268066
2571,3,0.020523499697446823,0.5128138661384583,0.0051324148662388325,0.4309200048446655
2581,0,-0.1650659143924713,0.5531463027000427,0.0,0.7907200455665588
2581,1,-0.14807841181755066,0.556640625,0.0,-6.2342000007629395
2581,2,-0.16499443352222443,0.5529067516326904,0.0,2.0809600353240967
2581,3,-0.14807841181755066,0.556640625,0.0,-8.958040237426758
2581,4,-0.16492295265197754,0.5526672005653381,0.0,3.442880153656006
2581,5,-0.16485144197940826,0.5524275898933411,0.0,7.241919994354248
2581,6,-0.24205896258354187,0.7304366827011108,0.0,3.7298800945281982
2584,0,-2.281526803970337,2.879791736602783,1.6849918365478516,-4.064199924468994
2584,1,2.2875125408172607,3.3436479568481445,0.7791374325752258,1.2059600353240967
2586,0,2.371124744415283,2.0004005432128906,2.122349739074707,-4.345320224761963
2592,0,0.023667242377996445,1.1832044124603271,0.20314572751522064,0.0
2595,0,-0.15785987675189972,0.6742017865180969,0.06248806044459343,0.3158400058746338
2605,0,-1.201467514038086,1.794425368309021,0.7156389355659485,3.7900800704956055
2605,1,1.333068609237671,2.383208751678467,1.7502965927124023,-4.9405999183654785
2607,0,-1.0974911451339722,1.7900534868240356,0.6958212852478027,1.2633600234985352
2607,1,-1.1287486553192139,1.8410357236862183,0.7156389355659485,-2.842560052871704
2609,0,0.08196217566728592,0.35005125403404236,0.3417050540447235,1.8085200786590576
2611,0,-2.2002410888671875,2.955153226852417,0.9407536387443542,4.3744401931762695
2613,0,-0.2719358503818512,3.878450870513916,0.07776981592178345,0.0
2615,0,-3.8774499893188477,3.014258861541748,0.0,3.4840400218963623
2617,0,0.960154116153717,2.5508687496185303,2.863107204437256,2.7414801120758057
2624,0,-0.7892709970474243,1.0600732564926147,0.11926882714033127,0.5028800368309021
2624,1,-0.8452839851379395,1.4426685571670532,2.1958606243133545,4.640160083770752
2624,2,0.02554074302315712,0.31857794523239136,0.015993334352970123,0.2886800169944763
2624,3,0.0,0.6659666895866394,0.006659889128059149,4.802560329437256
2624,4,0.0,2.293750047683716,0.0,0.7168000340461731
2628,0,0.0,5.3485002517700195,0.0,0.0
2628,1,3.37935471534729,3.3483946323394775,2.298031806945801,4.37276029586792
2630,0,1.82444429397583,1.0709254741668701,1.1833416223526,-4.889359951019287
2632,0,2.1081814765930176,3.148627758026123,2.6483662128448486,-9.03756046295166
2632,1,-2.6680848598480225,1.8284560441970825,2.212833881378174,-7.862680435180664
2632,2,-3.1234021186828613,0.9347726106643677,2.2304787635803223,-5.987240314483643
2632,3,0.007694486994296312,0.3846730589866638,0.0,0.28700000047683716
2640,0,0.0,3.5200002193450928,0.0,0.0
2643,0,-0.10683772712945938,0.622391402721405,0.025273259729146957,-1.1054400205612183
2643,1,-0.11752994358539581,0.6846797466278076,0.027802584692835808,-1.579200029373169
2643,2,0.007014662958681583,0.7014428973197937,0.07038255780935287,-0.5006400346755981
2648,0,-0.039618995040655136,0.5650609135627747,0.05111842602491379,-7.580160140991211
2648,1,-0.04409562796354294,0.6289083361625671,0.04420388117432594,3.7900800704956055
2648,2,-0.04850867763161659,0.691848874092102,0.04862776771187782,-1.1054400205612183
2648,3,-0.034021008759737015,0.5663362145423889,0.03977999463677406,-0.3158400058746338
2648,4,0.7188252210617065,0.7562986612319946,2.9422147274017334,8.331680297851562
2648,5,0.020523499697446823,0.5128138661384583,0.0051324148662388325,0.4309200048446655
2651,0,0.3482239842414856,0.3520039916038513,0.45211008191108704,4.3937602043151855
2655,0,0.015393074601888657,0.5129485726356506,0.07231822609901428,-4.821040153503418
2659,0,-0.05107753351330757,0.5659950375556946,0.022743934765458107,6.474720001220703
2659,1,-0.04541512206196785,0.5664774775505066,0.022743934765458107,6.474720001220703
2659,2,-0.0397481732070446,0.566903293132782,0.022743934765458107,6.474720001220703
2659,3,-0.034077249467372894,0.567272424697876,0.022743934765458107,6.474720001220703
2664,0,-1.183463454246521,1.8063499927520752,0.7156389355659485,-3.0004801750183105
2666,0,3.9283530712127686,3.815274238586426,0.10953769832849503,-4.678520202636719
2675,0,-0.025253044441342354,0.6309893727302551,0.025273259729146957,-0.3158400058746338
2675,1,-0.017056530341506004,0.5683804154396057,0.011374241672456264,-0.3158400058746338
2675,2,0.007694486994296312,0.3846730589866638,0.0,0.28700000047683716
2687,0,-0.17077064514160156,0.6687920093536377,0.0832299143075943,0.0
2687,1,-0.16407428681850433,0.6704662442207336,0.0832299143075943,0.0
2687,2,0.0,3.3179352283477783,2.318967580795288,4.587520122528076
2687,3,0.007694486994296312,0.3846730589866638,0.0,0.28700000047683716
2687,4,0.0,4.160000324249268,0.0,0.0
2687,5,-0.07166089117527008,1.7905666828155518,0.0,0.0008399999933317304
2687,6,0.06539089232683182,0.6517277956008911,0.0,2.569000005722046
2687,7,0.06583204865455627,0.6561246514320374,0.4226667881011963,2.569000005722046
2687,8,-2.499346971511841,3.0907211303710938,1.100067138671875,2.9464399814605713
2687,9,0.0032143036369234324,0.3214196562767029,0.006429571192711592,0.21615999937057495
2693,0,0.0,3.66575026512146,0.0,0.0
2699,0,1.8131740093231201,2.7080259323120117,1.9981027841567993,-8.265600204467773
2704,0,-0.039682578295469284,0.5659677386283875,0.03977999463677406,-0.3158400058746338
2704,1,2.2130537033081055,3.0352611541748047,1.1619853973388672,7.124880313873291
2708,0,-0.05038239806890488,0.6284359097480774,0.04420388117432594,-0.3158400058746338
2708,1,-0.039618995040655136,0.5650609135627747,0.05111842602491379,-0.3158400058746338
2708,2,-0.04409562796354294,0.6289083361625671,0.04420388117432594,-0.3158400058746338
2708,3,-0.03385927155613899,0.5636438727378845,0.06808631867170334,-0.3158400058746338
2708,4,-0.03774387389421463,0.6283094882965088,0.05680324137210846,-0.3158400058746338
2708,5,-0.04158787801861763,0.6922993659973145,0.04862776771187782,-0.3158400058746338
2708,6,1.1483699083328247,0.5844836831092834,0.8815480470657349,-2.1324801445007324
2708,7,3.4357998371124268,2.562358856201172,0.1286206990480423,0.0005600000149570405
2710,0,-2.3558640480041504,2.8544299602508545,1.7878170013427734,-1.6665600538253784
2720,0,-0.15736152231693268,0.6720734238624573,0.0832299143075943,0.0
2720,1,-0.1506330370903015,0.673613429069519,0.0832299143075943,0.0
2720,2,-0.14388948678970337,0.6750860810279846,0.0832299143075943,0.0
2727,0,-0.050993237644433975,0.5650609135627747,0.03977999463677406,0.3158400058746338
2727,1,-0.045340172946453094,0.5655426383018494,0.03977999463677406,0.3158400058746338
2727,2,-0.05038239806890488,0.6284359097480774,0.04420388117432594,0.3158400058746338
2727,3,-0.06054684519767761,0.755220353603363,0.030321914702653885,0.3158400058746338
2727,4,-0.03526952490210533,0.5030271410942078,0.03535611182451248,0.3158400058746338
2727,5,-0.039682578295469284,0.5659677386283875,0.03977999463677406,0.3158400058746338
2727,6,-0.012588003650307655,0.6293162703514099,0.05680324137210846,0.3158400058746338
2727,7,-0.013870022259652615,0.6934086680412292,0.04862776771187782,0.3158400058746338
2727,8,-0.005646505393087864,0.5646317005157471,0.06808631867170334,0.3158400058746338
2727,9,-0.006294316612184048,0.6294106841087341,0.05680324137210846,0.3158400058746338
2727,10,0.0,2.416750192642212,0.0,0.0
2727,11,0.02554074302315712,0.31857794523239136,0.015993334352970123,0.2886800169944763
2727,12,0.0,0.6659666895866394,0.006659889128059149,4.802560329437256
2727,13,0.0,2.293750047683716,0.0,0.7168000340461731
2727,14,-0.012608204036951065,0.6303262114524841,0.04420388117432594,0.3158400058746338
2727,15,-0.005682855844497681,0.5682666301727295,0.022743934765458107,0.3158400058746338
2727,16,-0.006304417736828327,0.6304207444190979,0.04420388117432594,0.3158400058746338
2727,17,0.0,0.6304522752761841,0.04420388117432594,0.3158400058746338
2730,0,-2.4636356830596924,3.1096532344818115,0.7629899382591248,2.1050400733947754
2730,1,0.020523499697446823,0.5128138661384583,0.0051324148662388325,0.4309200048446655
2735,0,-0.13757435977458954,0.6454573273658752,0.21870240569114685,-0.3158400058746338
2737,0,-0.012588003650307655,0.6293162703514099,0.05680324137210846,-5.8430399894714355
2737,1,1.0276639461517334,2.815297842025757,2.791992664337158,0.017079999670386314
2741,0,-0.2009601891040802,0.7870238423347473,0.12276343256235123,0.0
2741,1,-0.16407428681850433,0.6704662442207336,0.0832299143075943,0.0
2741,2,-0.1782141476869583,0.7282467484474182,0.11331146955490112,0.0
2741,3,-0.19308002293109894,0.7889940738677979,0.12276343256235123,0.0
2741,4,-0.15785987675189972,0.6742017865180969,0.06248806044459343,0.0
2741,5,-0.1709228903055191,0.7299924492835999,0.11331146955490112,0.0
2741,6,-0.18593671917915344,0.7941148281097412,0.09834358096122742,0.0
2741,7,-0.23097459971904755,1.0328915119171143,0.07420936971902847,0.0
2741,8,0.0,1.0555000305175781,0.0,0.7786800265312195
2741,9,0.0,0.3570000231266022,0.0,0.6370000243186951
2741,10,0.0,1.1157500743865967,0.0,0.7078400254249573
2741,11,0.0,1.068750023841858,0.0,0.7786800265312195
2741,12,0.0,0.38200002908706665,0.0,0.6370000243186951
2741,13,0.0,1.152250051498413,0.0,0.7078400254249573
2741,14,-0.12807555496692657,0.4291892647743225,0.017925219610333443,2.7260801792144775
2741,15,-0.04964987933635712,0.3797682225704193,0.0,4.2881999015808105
2752,0,-0.33072495460510254,0.9060250520706177,0.0,6.597360134124756
2752,1,-0.22003404796123505,0.5352911353111267,0.0,3.372040033340454
2752,2,-0.26488855481147766,0.7256654500961304,0.0,5.235440254211426
2752,3,0.5082557797431946,1.2021379470825195,0.9516161680221558,3.624040126800537
2758,0,-0.28909459710121155,0.5835005044937134,0.27531877160072327,4.320400238037109
2762,0,-0.24578873813152313,0.375153511762619,0.0,-4.4394001960754395
2762,1,-0.31607282161712646,0.4824298918247223,0.0,-8.883560180664062
2762,2,-2.3886265754699707,1.6369414329528809,1.8154617547988892,-4.757480144500732
2762,3,-2.959517478942871,2.071972608566284,0.18078714609146118,4.997720241546631
2766,0,-1.3956373929977417,1.7258614301681519,0.7355352640151978,-0.7896000146865845
2766,1,-0.031580518931150436,0.6310840249061584,0.012639157474040985,0.3158400058746338
2773,0,1.9465687274932861,2.6144447326660156,2.4268531799316406,-0.001120000029914081
2775,0,-0.04416852444410324,0.6299480199813843,0.025273259729146957,0.3158400058746338
2775,1,-0.02835603803396225,0.5666481256484985,0.03977999463677406,0.3158400058746338
2777,0,0.0032143036369234324,0.3214196562767029,0.006429571192711592,0.21615999937057495
2784,0,2.2134757041931152,3.0358400344848633,1.1622071266174316,-4.485320091247559
2784,1,-1.196946620941162,1.4801580905914307,0.8500786423683167,-5.103280067443848
2794,0,-0.16485144197940826,0.5524275898933411,0.0,-1.0729600191116333
2794,1,-0.1414763182401657,0.4269186854362488,0.0,6.883800029754639
2794,2,-0.16485144197940826,0.5524275898933411,0.0,-0.8579200506210327
2794,3,-0.1414763182401657,0.4269186854362488,0.0,2.367959976196289
2794,4,-0.16485144197940826,0.5524275898933411,0.0,-1.2879999876022339
2794,5,-0.16485144197940826,0.5524275898933411,0.0,-2.148159980773926
2794,6,-0.16485144197940826,0.5524275898933411,0.0,-3.7251200675964355
2794,7,-1.1169294118881226,3.742900848388672,0.0,-5.087039947509766
2794,8,-1.240283727645874,1.8930761814117432,1.6157134771347046,-0.44940000772476196
2815,0,-0.15736152231693268,0.6720734238624573,0.0832299143075943,0.0
2815,1,0.0,2.432000160217285,0.0,0.0
2815,2,0.30354294180870056,1.5783236026763916,1.076141357421875,-6.1986403465271
2815,3,0.017901265993714333,0.4472929537296295,0.0313868522644043,0.35840001702308655
2815,4,0.0,3.008000135421753,0.0,0.0
2815,5,0.06539089232683182,0.6517277956008911,0.0,2.569000005722046
2815,6,-0.20365726947784424,0.614555835723877,0.4149770438671112,-6.87876033782959
2815,7,-0.32952478528022766,0.9027372002601624,0.0,-5.516560077667236
2815,8,-0.36526602506637573,0.8886064887046814,0.0,-0.570360004901886
2815,9,-0.18277862668037415,0.4092921316623688,0.0,3.3723201751708984
2815,10,-0.16477996110916138,0.5521880388259888,0.0,-0.6428800225257874
2815,11,-0.24198032915592194,0.73019939661026,0.0,2.5830001831054688
2815,12,-0.26368841528892517,0.7223776578903198,0.0,-0.14056000113487244
2815,13,-0.36526602506637573,0.8886064887046814,0.0,-3.50924015045166
2820,0,-0.011371967382729053,0.568522572517395,0.011374241672456264,-0.3158400058746338
2820,1,-0.005686268210411072,0.5686078667640686,0.011374241672456264,0.3158400058746338
2820,2,0.0,0.5686362981796265,0.011374241672456264,0.3158400058746338
2826,0,-0.13516634702682495,0.5523380041122437,0.011374241672456264,0.0
2826,1,0.020523499697446823,0.5128138661384583,0.0051324148662388325,0.4309200048446655
2826,2,0.020523499697446823,0.5128138661384583,0.0051324148662388325,0.4309200048446655
2826,3,0.35869380831718445,1.8650898933410645,1.3847848176956177,-4.080440044403076
2826,4,0.02554074302315712,0.31857794523239136,0.015993334352970123,0.2886800169944763
2831,0,-3.161637783050537,1.3396879434585571,1.8758724927902222,-4.819360256195068
2837,0,0.0,0.4524773955345154,0.0045249247923493385,-4.3724799156188965
2837,1,0.1650521457195282,2.7475671768188477,1.725691318511963,-3.961440086364746
2837,2,0.02554074302315712,0.31857794523239136,0.015993334352970123,0.2886800169944763
2837,3,0.0,0.6660000085830688,0.0,4.802560329437256
2847,0,0.10223685204982758,1.1328963041305542,0.0,0.07000000029802322
2847,1,0.03199094161391258,1.066044807434082,0.1286008507013321,0.0
2847,2,0.03398178890347481,1.132386565208435,0.10223685204982758,0.0
2847,3,0.042476166039705276,1.0613378286361694,0.16053391993045807,0.0
2847,4,0.04516075178980827,1.1284165382385254,0.13617263734340668,0.0
2847,5,0.05621292442083359,1.123321533203125,0.16998587548732758,0.0
2847,6,0.06744313985109329,1.122703194618225,0.16998587548732758,0.0
2859,0,0.0032143036369234324,0.3214196562767029,0.006429571192711592,0.21615999937057495
2865,0,0.1479215770959854,3.6960668563842773,1.2670081853866577,4.226320266723633
2869,0,-0.1979377567768097,0.5422528982162476,0.0,-5.229840278625488
2869,1,-0.21975427865982056,0.7364104986190796,0.0,9.033920288085938
2869,2,-0.24198032915592194,0.73019939661026,0.0,-8.384039878845215
2869,3,-0.21975427865982056,0.7364104986190796,0.0,-6.664000034332275
2869,4,-0.3023771345615387,0.9124526381492615,0.0,-2.7929999828338623
2869,5,-0.2638598680496216,0.7228473424911499,0.0,1.0063199996948242
2869,6,1.3054461479187012,1.8678077459335327,2.9926555156707764,-5.789279937744141
2869,7,1.4651086330413818,2.188180685043335,2.7114267349243164,2.0185201168060303
2869,8,0.0,3.848750114440918,0.0,-2.936079978942871
2869,9,1.9542945623397827,2.8565847873687744,1.2634069919586182,-3.6582000255584717
2869,10,2.321406602859497,3.1838700771331787,1.1758354902267456,-2.479400157928467
2873,0,-0.019503409042954445,0.6499186158180237,0.43535250425338745,-2.1215600967407227
2873,1,-1.065840721130371,2.2064578533172607,1.824432134628296,3.2116000652313232
2879,0,0.0,3.072000026702881,0.0,0.0
2879,1,-0.31261971592903137,1.2774759531021118,0.8805804252624512,2.7971999645233154
2879,2,-0.4683881103992462,4.2408857345581055,2.8567750453948975,4.303319931030273
2879,3,-0.8244920969009399,0.5529947876930237,0.5168463587760925,-4.833360195159912
2882,0,0.8370398283004761,1.647826910018921,2.190757989883423,-4.9293999671936035
2890,0,-0.050993237644433975,0.5650609135627747,0.03977999463677406,0.0
2890,1,0.013487177900969982,0.4494377374649048,0.0179952010512352,0.3600800037384033
2890,2,2.200486660003662,3.0180249214172363,1.1964399814605713,-1.9899600744247437
2890,3,0.020523499697446823,0.5128138661384583,0.0051324148662388325,0.4309200048446655
2901,0,0.0,0.6902502179145813,0.0832299143075943,0.0
2901,1,0.0,0.7527971863746643,0.09077178686857224,0.0
2901,2,0.006902386900037527,0.6902157068252563,0.0832299143075943,0.0
2901,3,0.013747945427894592,0.6873056888580322,0.103896863758564,0.0
2901,4,2.2223381996154785,3.047995090484619,1.0846959352493286,-4.169480323791504
2901,5,0.02554074302315712,0.31857794523239136,0.015993334352970123,0.2886800169944763
2901,6,0.0,0.6660000085830688,0.0,4.802560329437256
2901,7,-0.4767727255821228,0.7277101874351501,1.5894873142242432,1.9880000352859497
2912,0,0.0,3.7120001316070557,0.0,0.0
2912,1,-0.5706230401992798,0.766406238079071,0.6678202748298645,-7.7890400886535645
2912,2,1.913671851158142,1.0724308490753174,1.4687931537628174,8.685880661010742
2912,3,2.2442522048950195,3.143611192703247,0.6630256175994873,-0.1724800020456314
2912,4,-1.6905608177185059,2.133861780166626,2.8030691146850586,5.787600040435791
2912,5,0.007227991241961718,0.3613514006137848,0.1319299340248108,0.28700000047683716
2912,6,3.8550808429718018,4.865964889526367,0.0,0.7459200024604797
2916,0,-3.7197914123535156,5.555612564086914,0.6708306670188904,0.8601599931716919
2939,0,-1.151684045791626,1.6834120750427246,0.6759248971939087,-8.875160217285156
2939,1,-1.168196201324463,1.7447336912155151,0.6958212852478027,-3.0004801750183105
2939,2,-1.183463454246521,1.8063499927520752,0.7156389355659485,-3.0004801750183105
2939,3,0.0,0.6304522752761841,0.04420388117432594,-8.527680397033691
2941,0,-1.0834444761276245,1.7281205654144287,0.6759248971939087,-2.368800163269043
2941,1,-1.115336537361145,1.7789891958236694,0.6958212852478027,-2.842560052871704
2941,2,-1.1471022367477417,1.8296563625335693,0.7156389355659485,-2.842560052871704
2943,0,0.6779842376708984,1.3684245347976685,2.662338972091675,0.10948000103235245
2949,0,-1.1506907939910889,1.7563282251358032,0.6958212852478027,3.3163201808929443
2949,1,-1.183463454246521,1.8063499927520752,0.7156389355659485,3.158400058746338
2963,0,-0.01704629324376583,0.5680393576622009,0.022743934765458107,0.3158400058746338
2963,1,-0.006304417736828327,0.6304207444190979,0.04420388117432594,0.3158400058746338
2965,0,-0.025162218138575554,0.5028249621391296,0.04543360695242882,0.0
2965,1,-0.020132794976234436,0.5030514597892761,0.04543360695242882,0.0
2965,2,0.013487177900969982,0.4494377374649048,0.0179952010512352,0.3600800037384033
2970,0,2.1662065982818604,2.9710090160369873,1.4261209964752197,1.3050800561904907
2972,0,1.379010558128357,1.2114301919937134,1.424576997756958,-4.786600112915039
2976,0,-0.03780444338917732,0.6293178200721741,0.04420388117432594,0.0
2976,1,-0.028310606256127357,0.5657402276992798,0.05111842602491379,0.0
2976,2,-0.03145899251103401,0.6286554932594299,0.05680324137210846,0.0
2976,3,-0.022651884704828262,0.5659950375556946,0.05111842602491379,0.0
2976,4,-0.02517097257077694,0.6289386749267578,0.05680324137210846,0.0
2976,5,-0.016990894451737404,0.5661932826042175,0.05111842602491379,0.0
2976,6,-0.018880432471632957,0.6291589140892029,0.05680324137210846,0.0
2976,7,-0.0397140309214592,1.3234039545059204,0.09283164143562317,0.0
2976,8,-2.3878073692321777,2.9527902603149414,0.929298460483551,-1.7872400283813477
2976,9,-2.079822540283203,2.571932554244995,2.4626848697662354,8.575560569763184
2987,0,-0.05655045434832573,0.5636183023452759,0.05111842602491379,3.3163201808929443
2987,1,-0.06294020265340805,0.6273026466369629,0.04420388117432594,-0.3158400058746338
2987,2,-0.05091153457760811,0.5641555786132812,0.05111842602491379,-0.3158400058746338
2987,3,-0.056664131581783295,0.6279006600379944,0.04420388117432594,-0.3158400058746338
2987,4,-0.06233502924442291,0.6907404065132141,0.04862776771187782,-0.3158400058746338
2987,5,0.1817861646413803,1.390468716621399,0.12654900550842285,0.5020400285720825
2987,6,0.02554074302315712,0.31857794523239136,0.015993334352970123,0.2886800169944763
2987,7,0.0,0.6658668518066406,0.013319111429154873,4.802560329437256
2987,8,0.0,2.293635368347168,0.022937117144465446,0.7168000340461731
2997,0,-0.06932439655065536,0.6276777982711792,0.025273259729146957,0.0
2997,1,-2.0749430656433105,2.5658986568450928,1.889386773109436,-2.674839973449707
3007,0,-0.15447546541690826,0.4231874346733093,0.0,-0.7140000462532043
3007,1,-0.1283210664987564,0.43001195788383484,0.0,4.733119964599609
3007,2,-0.18205539882183075,0.5493700504302979,0.0,0.4326000213623047
3007,3,-0.19853784143924713,0.5438968539237976,0.0,-5.158160209655762
3007,4,-0.1283210664987564,0.43001195788383484,0.0,-4.155200004577637
3007,5,-0.14131902158260345,0.42644402384757996,0.0,-7.165480136871338
3007,6,-0.14202681183815002,0.42857983708381653,0.0,8.962520599365234
3007,7,-0.2645456790924072,0.7247260808944702,0.0,8.962800025939941
3007,8,-0.18277862668037415,0.4092921316623688,0.0,7.888160228729248
3007,9,-0.11517209559679031,0.4329427182674408,0.0,-8.958040237426758
3007,10,-0.1283925473690033,0.4302515387535095,0.0,-2.148159980773926
3007,11,-0.1419481635093689,0.4283425211906433,0.0,6.525400161743164
3007,12,-0.2644599378108978,0.7244912385940552,0.0,0.21784000098705292
3007,13,0.020523499697446823,0.5128138661384583,0.0051324148662388325,0.4309200048446655
3007,14,-0.18713465332984924,0.7328786849975586,0.05303416773676872,0.0
3007,15,-0.13508522510528564,0.5520066022872925,0.022743934765458107,0.0
3007,16,-0.14986015856266022,0.6123822331428528,0.04420388117432594,0.0
3007,17,-0.1645938903093338,0.6725895404815674,0.06248806044459343,0.0
3007,18,-0.17950855195522308,0.7335361838340759,0.06815040856599808,0.0
3007,19,-0.1295584887266159,0.5533297657966614,0.022743934765458107,0.0
3007,20,-0.14372894167900085,0.6138501763343811,0.04420388117432594,0.0
3007,21,-0.15785987675189972,0.6742017865180969,0.06248806044459343,0.0
3007,22,-0.12416548281908035,0.6823421716690063,0.04862776771187782,0.0
3007,23,-0.14601515233516693,0.8024153709411621,0.09834358096122742,0.0
3007,24,-0.08531223982572556,0.4969930350780487,0.03535611182451248,0.0
3007,25,-0.09598682075738907,0.5591785907745361,0.03977999463677406,0.0
3007,26,-0.10666139423847198,0.621364176273346,0.04420388117432594,0.0
3007,27,-0.1173359677195549,0.6835497617721558,0.04862776771187782,0.0
3007,28,-0.13798382878303528,0.803835391998291,0.09834358096122742,0.0
3007,29,-0.08033813536167145,0.49782127141952515,0.03535611182451248,0.0
3007,30,-0.005050872452557087,0.5050703883171082,0.020214609801769257,0.0
3007,31,-0.005686268210411072,0.5686078667640686,0.011374241672456264,0.0
3007,32,0.0,0.5053989291191101,0.010109325870871544,0.0
3007,33,0.0,0.5686362981796265,0.011374241672456264,0.0
3007,34,0.005053904838860035,0.5053736567497253,0.010109325870871544,0.0
3007,35,0.005686268210411072,0.5686078667640686,0.011374241672456264,0.0
3007,36,0.010107303969562054,0.505297839641571,0.010109325870871544,0.0
3007,37,0.0,0.7040000557899475,0.0,0.0
3007,38,0.020523499697446823,0.5128138661384583,0.0051324148662388325,0.4309200048446655
3013,0,-1.201467514038086,1.794425368309021,0.7156389355659485,-6.948480129241943
3013,1,-1.1506907939910889,1.7563282251358032,0.6958212852478027,3.4742400646209717
3017,0,-0.03774387389421463,0.6283094882965088,0.05680324137210846,-0.3158400058746338
3022,0,0.02554074302315712,0.31857794523239136,0.015993334352970123,0.2886800169944763
3022,1,0.0,0.6660000085830688,0.0,4.802560329437256
3025,0,-0.09693975746631622,0.6878970265388489,0.027802584692835808,0.3158400058746338
3025,1,-0.08186324685811996,0.6261659264564514,0.025273259729146957,0.3158400058746338
3025,2,-0.09005605429410934,0.6888320446014404,0.027802584692835808,0.3158400058746338
3025,3,-0.0755975991487503,0.6269532442092896,0.025273259729146957,0.3158400058746338
3025,4,-0.06932439655065536,0.6276777982711792,0.025273259729146957,-0.3158400058746338
3025,5,-0.0567348375916481,0.565455973148346,0.022743934765458107,-0.3158400058746338
3025,6,-0.06304425746202469,0.6283397078514099,0.025273259729146957,-0.3158400058746338
3025,7,0.40673884749412537,0.3294500708580017,0.39791008830070496,-7.832159996032715
3030,0,0.02554074302315712,0.31857794523239136,0.015993334352970123,0.2886800169944763
3030,1,0.0,0.6659666895866394,0.006659889128059149,4.802560329437256
3032,0,-0.034077249467372894,0.567272424697876,0.022743934765458107,0.3158400058746338
3040,0,-1.3076362609863281,1.7934573888778687,0.7355352640151978,0.4737600088119507
3040,1,1.9465687274932861,2.6144447326660156,2.4268531799316406,-0.001120000029914081
3040,2,0.0032143036369234324,0.3214196562767029,0.006429571192711592,0.21615999937057495
3040,3,0.5140760540962219,0.3017560839653015,0.4722598195075989,0.0028000001329928637
3040,4,1.5594409704208374,1.0234724283218384,1.1181172132492065,-4.932199954986572
3050,0,0.1648930311203003,4.120127201080322,0.08247950673103333,0.07000000029802322
3050,1,0.09033948183059692,2.2572824954986572,2.104559898376465,-4.801440238952637
3050,2,-0.5888832807540894,1.432614803314209,1.2525557279586792,-5.001640319824219
3061,0,-0.2569310665130615,0.3676121234893799,0.0,3.875760078430176
3061,1,-0.1811903417110443,0.5467596650123596,0.0,-2.864680051803589
3061,2,-0.26334550976753235,0.7214382290840149,0.0,-2.4343199729919434
3061,3,-0.2456517517566681,0.37494441866874695,0.0,7.172760009765625
3061,4,-0.25678783655166626,0.3674072325229645,0.0,-5.084239959716797
3061,5,-0.30198389291763306,0.911266028881073,0.0,-3.0797200202941895
3061,6,-0.3157987892627716,0.4820116460323334,0.0,0.0047599999234080315
3061,7,-2.5253398418426514,2.938051700592041,1.4141963720321655,-8.41260051727295
3068,0,-0.4205457270145416,0.6418894529342651,0.030711809173226357,-8.955240249633789
3068,1,-0.6324141621589661,3.1197972297668457,0.0,0.6554800271987915
3068,2,-0.1426226794719696,0.7415910959243774,0.06815040856599808,0.3158400058746338
3068,3,-0.08947999775409698,0.6844258308410645,0.0832299143075943,0.3158400058746338
3068,4,-0.050993237644433975,0.5650609135627747,0.03977999463677406,0.3158400058746338
3071,0,0.7153772115707397,2.3972740173339844,1.8626526594161987,-3.828160047531128
3071,1,0.0,3.848750114440918,0.0,-2.936079978942871
3071,2,1.9542945623397827,2.8565847873687744,1.2634069919586182,-3.6582000255584717
3071,3,-0.17829754948616028,0.6702371835708618,0.04862776771187782,0.0
3076,0,-1.183463454246521,1.8063499927520752,0.7156389355659485,-3.0004801750183105
3076,1,-1.115336537361145,1.7789891958236694,0.6958212852478027,-3.0004801750183105
3076,2,-0.4798162877559662,2.973217725753784,0.36314699053764343,0.3158400058746338
3076,3,-0.48782870173454285,3.022867202758789,0.46277254819869995,0.3158400058746338
3076,4,-1.7203178405761719,2.7439494132995605,2.263542652130127,8.40783977508545
3076,5,0.020523499697446823,0.5128138661384583,0.0051324148662388325,0.4309200048446655
3078,0,-1.115336537361145,1.7789891958236694,0.6958212852478027,2.5267200469970703
3078,1,-0.12296110391616821,0.8725479245185852,0.07952004671096802,0.4737600088119507
3078,2,-0.062283508479595184,0.5639281272888184,0.03977999463677406,0.6316800117492676
3078,3,-0.08981788903474808,0.8132302761077881,0.07383523136377335,0.4737600088119507
3078,4,-0.05664120614528656,0.5645227432250977,0.03977999463677406,0.6316800117492676
3078,5,-0.06923919916152954,0.6900825500488281,0.04862776771187782,0.3158400058746338
3078,6,-0.0755133107304573,0.7526143193244934,0.05303416773676872,0.4737600088119507
3078,7,2.02673077583313,2.779714345932007,1.8793481588363647,-1.281000018119812
3078,8,-0.6529512405395508,0.9342303276062012,0.3777158260345459,-6.158880233764648
3078,9,-0.1400986909866333,2.3321754932403564,0.09350506216287613,-0.6316800117492676
3078,10,-0.11361165344715118,2.2703394889831543,0.09097573906183243,0.3158400058746338
3078,11,-0.09095754474401474,2.272725820541382,0.04549696668982506,0.3158400058746338
3081,0,-1.3983927965164185,3.3075101375579834,0.6164159178733826,-0.07168000191450119
3081,1,0.8884223103523254,3.4793436527252197,0.6164159178733826,-0.0714000016450882
3081,2,-3.9984681606292725,5.259727954864502,1.2022731304168701,-0.07168000191450119
3081,3,-2.5077664852142334,2.115678548812866,1.584905743598938,0.14336000382900238
3081,4,-0.24263861775398254,0.3398733139038086,0.06739160418510437,-0.07168000191450119
3081,5,0.0035611819475889206,0.35610631108283997,0.22826434671878815,-0.2856000065803528
3081,6,0.012435180135071278,0.41438165307044983,0.08403712511062622,-0.14140000939369202
3081,7,0.003417899366468191,0.34177854657173157,0.2492082417011261,-0.14140000939369202
3081,8,0.010252331383526325,0.3416418731212616,0.2492082417011261,-0.1422400027513504
3081,9,-0.6050053238868713,1.7103259563446045,0.14544473588466644,4.479160308837891
3081,10,0.3625137209892273,0.5298848748207092,0.6102122068405151,4.31928014755249
3081,11,-1.0603909492492676,4.152827262878418,0.1286206990480423,0.0002800000074785203
3081,12,-0.0766158178448677,0.6353975534439087,0.0,0.0
3081,13,0.513094961643219,4.255248069763184,0.1286206990480423,0.0005600000149570405
3081,14,0.3180032968521118,0.5554043054580688,0.0,0.0002800000074785203
3084,0,1.6528282165527344,3.701141595840454,2.7731001377105713,4.0961198806762695
3084,1,0.007694486994296312,0.3846730589866638,0.0,0.28700000047683716
3084,2,0.12257630378007889,3.0627729892730713,0.2149168848991394,0.35840001702308655
3084,3,0.5166602730751038,0.6521396040916443,0.0,0.7459200024604797
3084,4,0.0,2.624000072479248,0.0,0.0
3084,5,-0.23545721173286438,5.883290767669678,0.0,0.0008399999933317304
3084,6,0.06539089232683182,0.6517277956008911,0.0,2.569000005722046
3089,0,0.0,3.848750114440918,0.0,-2.936079978942871
3092,0,-0.056664131581783295,0.6279006600379944,0.04420388117432594,2.6846401691436768
3092,1,-0.05046568810939789,0.6294748187065125,0.025273259729146957,2.6846401691436768
3092,2,-0.05542462319135666,0.6913292407989502,0.04862776771187782,-0.3158400058746338
3092,3,-0.06044692173600197,0.7539739608764648,0.05303416773676872,0.3158400058746338
3092,4,0.0,3.392000198364258,0.0,0.0
3092,5,0.8346051573753357,1.053456425666809,0.0,0.7459200024604797
3092,6,0.0,0.8320000171661377,0.0,0.0
3092,7,0.06539089232683182,0.6517277956008911,0.0,2.569000005722046
3092,8,0.8743482232093811,1.103621006011963,0.0,0.7459200024604797
3092,9,0.0,1.408000111579895,0.0,0.0
3092,10,0.06539089232683182,0.6517277956008911,0.0,2.569000005722046
3096,0,-0.022580526769161224,0.7524584531784058,0.09077178686857224,-8.875160217285156
3096,1,-0.013804083690047264,0.6901121735572815,0.0832299143075943,-0.3158400058746338
3096,2,-0.015054939314723015,0.7526466250419617,0.09077178686857224,-8.875160217285156
3096,3,-0.006902386900037527,0.6902157068252563,0.0832299143075943,-8.875160217285156
3096,4,-0.007527846377342939,0.7527595162391663,0.09077178686857224,-8.875160217285156
3096,5,0.0,0.7527971863746643,0.09077178686857224,-8.875160217285156
3098,0,0.0,1.529750108718872,0.0,0.0
3104,0,-2.455350399017334,3.5130691528320312,0.1286206990480423,0.0002800000074785203
3104,1,-0.12714837491512299,0.6272426843643188,0.0,0.0
3110,0,0.0,5.749500274658203,0.0,-1.218559980392456
3110,1,1.5637201070785522,1.8192763328552246,0.7949883341789246,4.175080299377441
3110,2,-0.5010947585105896,3.1050713062286377,2.9894025325775146,-5.932640075683594
3110,3,2.7267961502075195,1.0601228475570679,0.6850154995918274,-4.856319904327393
3119,0,1.1095175743103027,0.35638344287872314,2.079477548599243,-4.787720203399658
3121,0,0.21013665199279785,0.9397066235542297,0.0966137945652008,0.14363999664783478
3121,1,2.1583588123321533,1.6778686046600342,1.0603469610214233,-4.934999942779541
3121,2,0.02554074302315712,0.31857794523239136,0.015993334352970123,0.2886800169944763
3121,3,0.0,0.6659666895866394,0.006659889128059149,4.802560329437256
3126,0,-3.1426727771759033,5.891906261444092,0.7375180721282959,-0.0714000016450882
3126,1,3.379457712173462,5.767809867858887,0.6707308292388916,0.14363999664783478
3135,0,0.020523499697446823,0.5128138661384583,0.0051324148662388325,0.4309200048446655
3140,0,-0.00757630867883563,0.7576056122779846,0.030321914702653885,-0.3158400058746338
3142,0,-0.07374256104230881,0.5640513896942139,0.41475793719291687,0.0008399999933317304
3142,1,0.0032143036369234324,0.3214196562767029,0.006429571192711592,0.21615999937057495
3142,2,0.5311443209648132,0.31177493929862976,0.487939715385437,0.0028000001329928637
3152,0,-0.0208376906812191,0.6943813562393188,0.027802584692835808,0.3158400058746338
3152,1,-0.02273954078555107,0.757757306098938,0.01516398973762989,0.3158400058746338
3152,2,-0.015160957351326942,0.7579468488693237,0.01516398973762989,0.3158400058746338
3157,0,0.0,0.9047500491142273,0.0,0.7786800265312195
3157,1,0.0,0.31325000524520874,0.0,0.7078400254249573
3157,2,0.0,0.9570000171661377,0.0,0.7786800265312195
3157,3,0.0,0.3242500126361847,0.0,0.7078400254249573
3170,0,-0.748313844203949,4.951287269592285,1.8848432302474976,-4.7952799797058105
3189,0,-1.1034833192825317,3.4448599815368652,2.369929552078247,4.300519943237305
3189,1,-1.1395066976547241,4.656432151794434,2.7447657585144043,4.245920181274414
3200,0,0.0,2.6251487731933594,0.10506198555231094,-3.225600004196167
3200,1,0.0,0.7061164379119873,0.03533526882529259,-3.0105600357055664
3200,2,0.0,0.5140733122825623,0.03088146448135376,-3.0105600357055664
3200,3,0.0,3.9375696182250977,1.6185572147369385,7.096320152282715
3203,0,-0.3338949978351593,0.6912151575088501,0.03072180785238743,-7.092679977416992
3203,1,-0.15277497470378876,0.4185289144515991,0.049208126962184906,4.088560104370117
3203,2,-0.41734153032302856,0.8639626502990723,0.03839975968003273,-5.587399959564209
3203,3,-0.18009525537490845,0.5434551239013672,0.06323230266571045,-7.595560073852539
3203,4,0.0032143036369234324,0.3214196562767029,0.006429571192711592,0.21615999937057495
3203,5,0.5414528846740723,0.31782594323158264,0.49740976095199585,0.0028000001329928637
3206,0,-0.11460207402706146,0.8765827417373657,0.035380564630031586,0.3158400058746338
3206,1,-0.09810274094343185,0.8135949969291687,0.0574580542743206,-8.211840629577637
3206,2,-0.10583066195249557,0.8776848912239075,0.035380564630031586,0.3158400058746338
3206,3,-0.08317282050848007,0.7530643939971924,0.030321914702653885,-8.211840629577637
3206,4,0.02554074302315712,0.31857794523239136,0.015993334352970123,0.2886800169944763
3206,5,0.0,0.6659666895866394,0.006659889128059149,4.802560329437256
3206,6,0.0,2.293750047683716,0.0,0.7168000340461731
3206,7,-2.1415655612945557,0.711585283279419,0.4106490910053253,0.7327600121498108
3206,8,0.0,2.7150895595550537,2.1955881118774414,-2.2766799926757812
3210,0,-0.6126489639282227,1.268279790878296,0.0,3.8743600845336914
3210,1,-1.201467514038086,1.794425368309021,0.7156389355659485,1.7371200323104858
3210,2,-1.115336537361145,1.7789891958236694,0.6958212852478027,1.579200029373169
3210,3,-0.014993714168667793,0.7495858073234558,0.11331146955490112,5.053440093994141
3213,0,3.775160551071167,5.518136978149414,0.6708306670188904,0.5020400285720825
3213,1,2.131261110305786,3.049368143081665,1.7514630556106567,0.0
3215,0,-1.1506907939910889,1.7563282251358032,0.6958212852478027,-3.632160186767578
3215,1,-0.015126853249967098,0.7562418580055237,0.05303416773676872,0.3158400058746338
3217,0,0.746813952922821,0.3076770305633545,0.6013758778572083,0.29820001125335693
3221,0,0.3382589817047119,0.3093550503253937,0.32037612795829773,3.000200033187866
3226,0,-0.16212370991706848,0.363040030002594,0.2069925218820572,0.935200035572052
3226,1,-1.3585612773895264,3.305060625076294,0.14301185309886932,0.5048400163650513
3226,2,-0.07793494313955307,0.8636045455932617,0.17577269673347473,-0.3158400058746338
3229,0,-0.5719773173332214,1.0225590467453003,2.420595169067383,5.93011999130249
3229,1,1.4112156629562378,3.7492167949676514,0.8538517951965332,0.017079999670386314
3232,0,0.6595110893249512,3.6242940425872803,1.689473032951355,0.9839200377464294
3232,1,0.4144617021083832,0.3090982139110565,1.041473627090454,5.428080081939697
3232,2,2.724698305130005,2.92476224899292,0.8938685655593872,0.017079999670386314
3232,3,0.0,3.7120001316070557,0.0,0.0
3232,4,0.007694486994296312,0.3846730589866638,0.0,0.28700000047683716
3237,0,1.7074460983276367,2.442981719970703,2.8328449726104736,0.0
3237,1,0.007694486994296312,0.3846730589866638,0.0,0.28700000047683716
3237,2,0.0,1.0240000486373901,0.0,0.0
3243,0,-0.034662917256355286,0.6926805973052979,0.04862776771187782,0.3158400058746338
3243,1,-0.037743326276540756,0.7542374134063721,0.06815040856599808,0.3158400058746338
3243,2,-0.04102504253387451,0.819817066192627,0.032851241528987885,0.3158400058746338
3243,3,-0.025268206372857094,0.6313682198524475,0.012639157474040985,0.3158400058746338
3243,4,-0.02773449756205082,0.692992627620697,0.04862776771187782,0.3158400058746338
3243,5,-0.030247656628489494,0.7557880878448486,0.05303416773676872,0.3158400058746338
3243,6,-0.032824959605932236,0.8201863169670105,0.032851241528987885,0.3158400058746338
3243,7,-0.018880432471632957,0.6291589140892029,0.05680324137210846,-0.3158400058746338
3246,0,1.704628348350525,0.78342205286026,0.2452678084373474,4.3551201820373535
3246,1,1.281402587890625,2.7218682765960693,1.030456781387329,4.322360038757324
3249,0,0.0,0.7563931345939636,0.05303416773676872,0.3158400058746338
3249,1,0.152262881398201,1.3786205053329468,1.344933271408081,4.347559928894043
3249,2,-0.02539510279893875,2.5394256114959717,2.053638219833374,4.389280319213867
3257,0,-2.3781609535217285,2.940861463546753,0.45604366064071655,-7.095760345458984
3257,1,1.6395601034164429,2.396538496017456,2.9305624961853027,1.2947200536727905
3257,2,0.02554074302315712,0.31857794523239136,0.015993334352970123,0.2886800169944763
3257,3,0.0,0.6659666895866394,0.006659889128059149,4.802560329437256
3260,0,0.06982492655515671,3.49078106880188,1.5175057649612427,-0.35784000158309937
3260,1,-0.06939530372619629,0.6916383504867554,0.013904073275625706,9.159080505371094
3260,2,-0.031580518931150436,0.6310840249061584,0.012639157474040985,0.3158400058746338
3260,3,-0.03474106639623642,0.6942422986030579,0.013904073275625706,0.3158400058746338
3263,0,1.9624476432800293,2.807833194732666,1.8272050619125366,0.5532799959182739
3272,0,0.013487177900969982,0.4494377374649048,0.0179952010512352,0.3600800037384033
3272,1,2.041414260864258,2.9839272499084473,1.319727897644043,-2.936079978942871
3272,2,1.8167049884796143,2.4916584491729736,2.3441896438598633,8.671040534973145
3275,0,-2.0545496940612793,1.1513794660568237,0.23630569875240326,-0.21476000547409058
3275,1,1.497577428817749,1.8145060539245605,0.2598452568054199,-0.0711200013756752
3275,2,0.09409260749816895,2.351060628890991,0.259872704744339,-0.0711200013756752
3275,3,0.0,2.2225000858306885,0.0,0.0
3281,0,0.02554074302315712,0.31857794523239136,0.015993334352970123,0.2886800169944763
3281,1,0.0,0.6659666895866394,0.006659889128059149,4.802560329437256
3281,2,0.0,2.293750047683716,0.0,0.7168000340461731
3281,3,-2.1415655612945557,0.711585283279419,0.4106490910053253,0.7327600121498108
3284,0,-1.9353890419006348,2.393324375152588,2.754504919052124,4.938920021057129
3287,0,-1.237113356590271,1.7700384855270386,0.7156389355659485,-3.158400058746338
3287,1,-1.168196201324463,1.7447336912155151,0.6958212852478027,3.4742400646209717
3291,0,-0.9800799489021301,2.0818192958831787,0.8924669623374939,-4.9792399406433105
3291,1,0.02554074302315712,0.31857794523239136,0.015993334352970123,0.2886800169944763
3291,2,0.0,0.6659666895866394,0.006659889128059149,4.802560329437256
3291,3,0.0,2.293750047683716,0.0,0.7168000340461731
3294,0,-1.125725507736206,0.6914222240447998,2.1509337425231934,-4.8613600730896
3294,1,0.0,2.541250228881836,0.0,-2.007040023803711
3294,2,0.527028501033783,0.6652266383171082,1.94843590259552,-2.992920160293579
3297,0,0.8961151242256165,3.116333246231079,2.960798501968384,-4.858839988708496
3297,1,1.8070683479309082,2.1454272270202637,2.362668514251709,-4.905320167541504
3317,0,-1.3844854831695557,0.41434916853904724,0.7894940972328186,-1.0035200119018555
3317,1,0.2997799813747406,4.275574207305908,0.1286206990480423,0.0002800000074785203
3317,2,0.27260127663612366,0.5790411233901978,0.0,0.0
3327,0,0.07972047477960587,1.1370033025741577,0.3777158260345459,0.0
3327,1,0.12577740848064423,1.2535786628723145,0.41750845313072205,0.0
3327,2,0.13171570003032684,1.1925818920135498,0.39761215448379517,0.0
3330,0,-2.0458881855010986,2.5823633670806885,2.3520305156707764,-4.517519950866699
3338,0,1.8157669305801392,2.4903719425201416,2.3429794311523438,-1.8625600337982178
3338,1,-1.237113356590271,1.7700384855270386,0.7156389355659485,-8.717240333557129
3338,2,-1.2715078592300415,1.8192495107650757,0.7355352640151978,-3.632160186767578
3345,0,-2.196396827697754,1.4731446504592896,1.7707581520080566,-0.6591200232505798
3360,0,0.19041527807712555,0.4767381250858307,0.3512076139450073,2.167760133743286
3413,0,-2.497349262237549,1.4325288534164429,0.9861438870429993,-4.822999954223633
3413,1,-1.5248879194259644,2.005892038345337,1.2483820915222168,-4.8521199226379395
3413,2,-0.08571569621562958,4.285213947296143,0.1286206990480423,0.0
3413,3,0.27260127663612366,0.5790411233901978,0.0,0.0
3424,0,-0.18126897513866425,0.5469969511032104,0.0,-2.864680051803589
3424,1,0.4718543291091919,0.33034753799438477,0.0,-4.215400218963623
3424,2,1.6486574411392212,2.4098360538482666,2.560885429382324,8.565760612487793
3424,3,2.2615740299224854,3.167874336242676,0.8296183347702026,7.439040184020996
3443,0,0.00757630867883563,0.7576056122779846,0.030321914702653885,0.3158400058746338
3443,1,0.01384779904037714,0.6922976970672607,0.06248806044459343,0.3158400058746338
3443,2,0.020769968628883362,0.692124605178833,0.06248806044459343,0.3158400058746338
3443,3,0.0,0.9585000276565552,0.0,0.0
3448,0,0.0,0.7576435208320618,0.030321914702653885,-0.3158400058746338
3456,0,0.0,0.3632500171661377,0.0,0.7786800265312195
3456,1,0.0,0.4452500343322754,0.0,0.8492400050163269
3456,2,0.0,0.4195000231266022,0.0,0.7786800265312195
3456,3,0.0,0.5040000081062317,0.0,0.8492400050163269
3456,4,1.1458431482315063,1.7489290237426758,1.5567392110824585,1.5243200063705444
3456,5,-0.27485865354537964,2.1023733615875244,1.545915961265564,0.0008399999933317304
3456,6,0.013487177900969982,0.4494377374649048,0.0179952010512352,0.3600800037384033
3456,7,1.1458431482315063,1.7489290237426758,1.5567392110824585,1.5243200063705444
3456,8,0.013487177900969982,0.4494377374649048,0.0179952010512352,0.3600800037384033
3466,0,0.013487177900969982,0.4494377374649048,0.0179952010512352,0.3600800037384033
3477,0,-0.5119481682777405,5.672946929931641,0.0,0.04312000051140785
3477,1,-0.5119481682777405,5.672946929931641,0.0,0.04368000105023384
3477,2,-0.030247656628489494,0.7557880878448486,0.05303416773676872,-0.3158400058746338
3477,3,1.663408637046814,3.626978635787964,2.970898151397705,-6.651400089263916
3481,0,-1.168196201324463,1.7447336912155151,0.6958212852478027,7.580160140991211
3481,1,-0.7506540417671204,1.1457420587539673,0.45391955971717834,-3.158400058746338
3481,2,-0.2815142273902893,0.9433720111846924,0.7799583673477173,-7.402359962463379
3481,3,-0.2852124869823456,0.9557650089263916,0.7902045845985413,0.8408400416374207
3481,4,-2.455350399017334,3.5130691528320312,0.1286206990480423,0.0
3488,0,-0.4066980183124542,3.1108028888702393,0.3782905638217926,0.0
3488,1,-0.33166471123695374,3.002962827682495,0.27264657616615295,0.0
3488,2,-0.375570148229599,3.1147141456604004,0.3782905638217926,0.0
3488,3,-0.3016189932823181,3.006129264831543,0.27264657616615295,0.0
3488,4,-1.9893227815628052,2.2681515216827393,2.020007848739624,2.8207199573516846
3495,0,-0.032770786434412,0.8188326954841614,0.0574580542743206,-0.3158400058746338
3495,1,-0.02268838882446289,0.7560527920722961,0.05303416773676872,-0.3158400058746338
3495,2,-0.01384779904037714,0.6922976970672607,0.06248806044459343,0.3158400058746338
3495,3,-0.015126853249967098,0.7562418580055237,0.05303416773676872,-0.3158400058746338
3499,0,0.0,5.267500400543213,0.0,5.773320198059082
3502,0,-0.04152124375104904,0.6911901235580444,0.06248806044459343,0.3158400058746338
3502,1,-0.04535636305809021,0.7550320029258728,0.05303416773676872,-0.3158400058746338
3502,2,-0.034607380628585815,0.6915708184242249,0.06248806044459343,0.3158400058746338
3502,3,-0.03780389577150345,0.7554478645324707,0.05303416773676872,-0.3158400058746338
3502,4,-0.04102504253387451,0.819817066192627,0.032851241528987885,-0.3158400058746338
3502,5,-0.025091512128710747,0.6269532442092896,0.07565811276435852,0.3158400058746338
3502,6,-0.027690060436725616,0.691882312297821,0.06248806044459343,0.3158400058746338
3502,7,0.0,3.845250129699707,0.0,0.0
3502,8,0.0032143036369234324,0.3214196562767029,0.006429571192711592,0.21615999937057495
3502,9,0.5919817090034485,0.3474857211112976,0.5438284873962402,0.0028000001329928637
3509,0,-0.16668371856212616,0.8667005300521851,0.061881937086582184,0.0
3509,1,-0.15800851583480835,0.8683240413665771,0.061881937086582184,0.0
3509,2,-0.08825697004795074,0.8796258568763733,0.035380564630031586,0.0
3509,3,-0.07945644110441208,0.8804644346237183,0.035380564630031586,0.0
3509,4,-0.07064796984195709,0.88121497631073,0.035380564630031586,0.0
3509,5,-0.17028594017028809,0.57063889503479,0.02980007976293564,7.077000141143799
3514,0,0.0,2.091750144958496,0.0,-5.519360065460205
3514,1,0.8145334720611572,0.33557653427124023,0.6423150897026062,4.605440139770508
3514,2,0.020523499697446823,0.5128138661384583,0.0051324148662388325,0.4309200048446655
3517,0,-0.03219640254974365,0.8044807314872742,0.16320686042308807,-0.3158400058746338
3517,1,-0.007243718486279249,0.724347710609436,0.2240781933069229,3.158400058746338
3526,0,-0.02268838882446289,0.7560527920722961,0.05303416773676872,-0.3158400058746338
3526,1,-0.015102616511285305,0.7550301551818848,0.06815040856599808,-0.3158400058746338
3528,0,-1.2193512916564941,1.7823209762573242,0.7156389355659485,6.158880233764648
3528,1,0.17671287059783936,4.415465354919434,0.0,-3.0074801445007324
3528,2,0.07697109878063202,0.6383440494537354,0.006429892498999834,-2.9691200256347656
3528,3,1.9465687274932861,2.6144447326660156,2.4268531799316406,-0.001120000029914081
3528,4,0.02554074302315712,0.31857794523239136,0.015993334352970123,0.2886800169944763
3528,5,0.0,0.6659666895866394,0.006659889128059149,4.802560329437256
3528,6,0.0,2.293750047683716,0.0,0.7168000340461731
3528,7,-2.1415655612945557,0.711585283279419,0.4106490910053253,0.7327600121498108
3533,0,-0.034607380628585815,0.6915708184242249,0.06248806044459343,0.3158400058746338
3533,1,-0.027690060436725616,0.691882312297821,0.06248806044459343,0.3158400058746338
3533,2,-0.030247656628489494,0.7557880878448486,0.05303416773676872,-2.5267200469970703
3533,3,-0.020769968628883362,0.692124605178833,0.06248806044459343,0.3158400058746338
3533,4,0.020523499697446823,0.5128138661384583,0.0051324148662388325,0.4309200048446655
3533,5,1.8674544095993042,2.406188488006592,2.837491989135742,7.257320404052734
3539,0,-0.020769968628883362,0.692124605178833,0.06248806044459343,0.3158400058746338
3539,1,-0.0226520374417305,0.7548413872718811,0.06815040856599808,0.3158400058746338
3539,2,-0.01384779904037714,0.6922976970672607,0.06248806044459343,0.3158400058746338
3539,3,0.3425200283527374,4.27236270904541,0.1286206990480423,0.0002800000074785203
3542,0,-1.2348710298538208,1.8443143367767334,0.7355352640151978,2.5267200469970703
3542,1,-1.183463454246521,1.8063499927520752,0.7156389355659485,-7.896000385284424
3545,0,-0.006304417736828327,0.6304207444190979,0.04420388117432594,-0.3158400058746338
3545,1,-0.006946823094040155,0.6946591734886169,0.027802584692835808,-0.3158400058746338
3545,2,-0.00757630867883563,0.7576056122779846,0.030321914702653885,-0.3158400058746338
3545,3,-0.008213221095502377,0.8212947249412537,0.016428904607892036,-0.3158400058746338
3545,4,0.0,0.6304522752761841,0.04420388117432594,-0.3158400058746338
3545,5,0.0,0.694693922996521,0.027802584692835808,-0.3158400058746338
3545,6,0.0,0.7576435208320618,0.030321914702653885,-0.3158400058746338
3545,7,-1.4467942714691162,3.239774227142334,1.6272550821304321,0.33908000588417053
3545,8,0.06036243587732315,0.33171728253364563,0.6791635751724243,4.122440338134766
3545,9,-0.006304417736828327,0.6304207444190979,0.04420388117432594,8.843239784240723
3545,10,-0.006946823094040155,0.6946591734886169,0.027802584692835808,3.3163201808929443
3545,11,-0.00757630867883563,0.7576056122779846,0.030321914702653885,-0.3158400058746338
3545,12,0.0,0.6314945220947266,0.025273259729146957,-5.211359977722168
3545,13,0.0,0.694693922996521,0.027802584692835808,-0.3158400058746338
3548,0,3.3648908138275146,1.2313183546066284,1.7308366298675537,6.288800239562988
3553,0,-0.024541575461626053,0.817807137966156,0.07383523136377335,0.3158400058746338
3557,0,-0.0208376906812191,0.6943813562393188,0.027802584692835808,0.3158400058746338
3557,1,-0.02268838882446289,0.7560527920722961,0.05303416773676872,-0.3158400058746338
3557,2,-0.024580959230661392,0.8191195130348206,0.0574580542743206,-0.3158400058746338
3557,3,-0.013892951421439648,0.6945549845695496,0.027802584692835808,0.3158400058746338
3557,4,-0.015126853249967098,0.7562418580055237,0.05303416773676872,-0.3158400058746338
3557,5,0.013487177900969982,0.4494377374649048,0.0179952010512352,0.3600800037384033
3560,0,3.2020297050476074,5.861275672912598,0.7376553416252136,-0.21476000547409058
3560,1,0.02554074302315712,0.31857794523239136,0.015993334352970123,0.2886800169944763
3565,0,2.046128988265991,3.055950880050659,0.7455066442489624,-5.799920082092285
3565,1,0.0032143036369234324,0.3214196562767029,0.006429571192711592,0.21615999937057495
3565,2,0.602628231048584,0.353735089302063,0.5536090135574341,0.0028000001329928637
3568,0,-0.5451352596282959,0.7799692749977112,0.9227272272109985,6.361040115356445
3568,1,-0.3519148826599121,1.8298417329788208,2.300520896911621,-8.297520637512207
3568,2,0.8638601303100586,3.121354579925537,0.4234175384044647,3.458280086517334
3572,0,0.02554074302315712,0.31857794523239136,0.015993334352970123,0.2886800169944763
3572,1,0.0,0.6659666895866394,0.006659889128059149,4.802560329437256
3575,0,-0.0573173388838768,0.8174813389778137,0.0574580542743206,0.3158400058746338
3575,1,-0.041656628251075745,0.6934438347816467,0.027802584692835808,-0.3158400058746338
3575,2,-0.2980240285396576,4.9611053466796875,0.3484727740287781,0.3158400058746338
3579,0,1.237419843673706,2.018282890319824,2.1186447143554688,-4.909240245819092
3581,0,-2.116590976715088,2.6716060638427734,2.1847002506256104,1.5526000261306763
3587,0,-0.11169769614934921,1.859393835067749,2.4462761878967285,-4.821599960327148
3590,0,-0.04850867763161659,0.691848874092102,0.04862776771187782,-0.3158400058746338
3590,1,-0.05299174413084984,0.7557880878448486,0.030321914702653885,3.158400058746338
3590,2,-0.03774387389421463,0.6283094882965088,0.05680324137210846,0.3158400058746338
3590,3,1.7235889434814453,2.466078758239746,2.802898645401001,0.0
3590,4,0.0,3.848750114440918,0.0,-2.936079978942871
3590,5,1.9542945623397827,2.8565847873687744,1.2634069919586182,-3.6582000255584717
3593,0,-0.006946823094040155,0.6946591734886169,0.027802584692835808,-0.3158400058746338
3593,1,-0.00758085772395134,0.7580605149269104,0.01516398973762989,-0.3158400058746338
3593,2,-0.008213221095502377,0.8212947249412537,0.016428904607892036,-0.3158400058746338
3593,3,0.0,0.6304522752761841,0.04420388117432594,-0.3158400058746338
3593,4,0.0,0.694693922996521,0.027802584692835808,-0.3158400058746338
3593,5,0.0,0.7580984234809875,0.01516398973762989,-0.3158400058746338
3593,6,0.016192080453038216,0.8094961047172546,0.13898330926895142,0.0
3593,7,0.018880432471632957,0.6291589140892029,0.05680324137210846,0.0
3593,8,0.020704399794340134,0.6899396181106567,0.0832299143075943,0.0
3593,9,0.02248869650065899,0.7493983507156372,0.11331146955490112,0.0
3593,10,0.024286095052957535,0.8092936873435974,0.13898330926895142,0.0
3593,11,0.02517097257077694,0.6289386749267578,0.05680324137210846,0.0
3593,12,0.027602646499872208,0.6896981000900269,0.0832299143075943,0.0
3593,13,0.029981430619955063,0.7491360306739807,0.11331146955490112,0.0
3600,0,1.6409825086593628,2.5046727657318115,2.471355676651001,-8.764280319213867
3600,1,0.0,3.848750114440918,0.0,-2.936079978942871
3600,2,1.9542945623397827,2.8565847873687744,1.2634069919586182,-3.6582000255584717
3606,0,-1.168196201324463,1.7447336912155151,0.6958212852478027,0.7896000146865845
3606,1,-2.418250560760498,3.611724615097046,1.440400242805481,3.632160186767578
3613,0,0.10292457044124603,0.6377798318862915,0.44197386503219604,-5.5543599128723145
3613,1,1.3956044912338257,2.5546367168426514,1.9490717649459839,3.568880081176758
3613,2,-1.201467514038086,1.794425368309021,0.7156389355659485,1.1054400205612183
3613,3,-0.09810274094343185,0.8135949969291687,0.0574580542743206,-0.3158400058746338
3613,4,1.428039789199829,3.377631664276123,2.905282735824585,-5.044480323791504
3616,0,-0.05049598589539528,0.6298527717590332,0.012639157474040985,0.0
3616,1,0.020769968628883362,0.692124605178833,0.06248806044459343,0.0
3616,2,0.025211365893483162,0.6299479603767395,0.04420388117432594,0.0
3616,3,0.027602646499872208,0.6896981000900269,0.0832299143075943,0.0
3616,4,0.03145899251103401,0.6286554932594299,0.05680324137210846,0.0
3616,5,0.03449812904000282,0.6893876194953918,0.0832299143075943,0.0
3616,6,0.03774387389421463,0.6283094882965088,0.05680324137210846,0.0
3616,7,0.0,3.848750114440918,0.0,-2.936079978942871
3616,8,1.9542945623397827,2.8565847873687744,1.2634069919586182,-3.6582000255584717
3616,9,-0.013901292346417904,0.6949719786643982,0.013904073275625706,0.3158400058746338
3623,0,-0.03788912668824196,0.7571510076522827,0.01516398973762989,0.3158400058746338
3623,1,-0.04102504253387451,0.819817066192627,0.032851241528987885,0.3158400058746338
3636,0,-1.079535961151123,1.8009387254714966,0.6958212852478027,-2.5267200469970703
3636,1,0.0,3.848750114440918,0.0,-2.936079978942871
3636,2,1.9542945623397827,2.8565847873687744,1.2634069919586182,-3.6582000255584717
3639,0,3.934978485107422,5.396926403045654,0.7376827597618103,-0.0711200013756752
3639,1,0.020523499697446823,0.5128138661384583,0.0051324148662388325,0.4309200048446655
3644,0,0.403524249792099,0.32684633135795593,0.44634318351745605,-4.794440269470215
3648,0,-2.0683529376983643,0.7568747997283936,1.8177911043167114,-4.823280334472656
3648,1,0.16351594030857086,0.640380322933197,0.49208909273147583,2.310840129852295
3648,2,0.02574342116713524,0.3211060166358948,0.8046638369560242,4.604880332946777
3652,0,0.10613936185836792,0.7022808194160461,0.5178582668304443,-5.837440013885498
3652,1,2.1219406127929688,3.884186029434204,2.9634571075439453,-7.9811201095581055
3652,2,0.5431601405143738,0.9061284065246582,0.6921542286872864,-9.03756046295166
3663,0,1.8812053203582764,1.317041039466858,2.6674163341522217,-4.792200088500977
18,0,-0.412264883518219,0.8534531593322754,0.018958736211061478,0.3158400058746338
18,1,-0.40370988845825195,0.8575330972671509,0.018958736211061478,0.3158400058746338
18,2,-0.3951144814491272,0.8615272045135498,0.018958736211061478,0.3158400058746338
18,3,-0.3604775071144104,0.807209312915802,0.035380564630031586,-0.3158400058746338
18,4,1.3557177782058716,1.9816473722457886,0.04802680015563965,-0.3158400058746338
20,0,-2.075301170349121,3.384902000427246,2.8949100971221924,3.888360023498535
24,0,0.24631327390670776,0.44034940004348755,0.9441357851028442,-4.978960037231445
24,1,3.0232319831848145,2.764899492263794,2.9871113300323486,2.3693599700927734
26,0,-0.5665232539176941,0.9036185145378113,0.1286008507013321,-0.3158400058746338
26,1,-0.5198160409927368,0.8671845197677612,0.020223651081323624,-0.3158400058746338
26,2,-0.5111184120178223,0.8723392486572266,0.020223651081323624,-0.3158400058746338
31,0,-1.5637271404266357,1.580701470375061,0.3816753923892975,-0.21476000547409058
31,1,1.5897914171218872,3.9803223609924316,0.1286206990480423,0.0005600000149570405
31,2,0.06983348727226257,0.31228721141815186,0.0,0.0
31,3,-0.3613711893558502,0.5282148122787476,0.0,0.0
31,4,-0.3415549695491791,5.685750484466553,0.0,0.04032000154256821
31,5,-0.5119481682777405,5.672946929931641,0.0,0.040880002081394196
31,6,-0.5119481682777405,5.672946929931641,0.0,0.041440002620220184
35,0,1.354904294013977,1.9804582595825195,0.09603439271450043,0.3158400058746338
35,1,1.4108456373214722,2.018611431121826,0.09856370836496353,0.3158400058746338
45,0,1.1925057172775269,1.0060580968856812,1.2616732120513916,5.10692024230957
56,0,2.395057439804077,1.6767914295196533,2.0434184074401855,-6.923000335693359
60,0,-0.8673050999641418,0.6882510185241699,2.2302896976470947,4.381999969482422
63,0,-0.3937205672264099,0.9312366843223572,0.020223651081323624,0.0
63,1,-0.4182490408420563,0.989251971244812,0.021483568474650383,0.0
63,2,-0.38438865542411804,0.9351273775100708,0.020223651081323624,0.0
63,3,-0.40833577513694763,0.9933850169181824,0.021483568474650383,0.0
63,4,-0.3425372540950775,0.883139431476593,0.037909891456365585,0.0
63,5,-1.6126892566680908,4.157881736755371,0.17848239839076996,0.0
63,6,3.1628260612487793,2.8925654888153076,0.1286206990480423,0.0005600000149570405
63,7,0.08535405993461609,0.3084067106246948,0.0,0.0
63,8,-0.12714837491512299,0.6272426843643188,0.0,0.0
66,0,-2.539945363998413,3.2059731483459473,0.08181454241275787,7.423079967498779
66,1,-0.37019845843315125,1.0465363264083862,0.24823620915412903,0.3158400058746338
66,2,-1.8957433700561523,0.7370264530181885,0.16306594014167786,4.3542799949646
69,0,2.525116205215454,3.4632630348205566,0.1286206990480423,0.0005600000149570405
69,1,0.47657161951065063,0.42717623710632324,0.0,0.0002800000074785203
69,2,0.011920441873371601,1.1920044422149658,0.4351373314857483,-2.0165600776672363
69,3,0.012295293621718884,1.2294883728027344,0.3139556348323822,-1.8015199899673462
69,4,0.014603182673454285,1.460269570350647,0.04382342845201492,-1.7298400402069092
72,0,-0.4828568994998932,0.8838635683059692,0.09088967740535736,-0.3158400058746338
72,1,-0.4366946220397949,0.838811993598938,0.06630582362413406,-0.3158400058746338
72,2,0.0,3.848750114440918,0.0,-2.936079978942871
72,3,1.9542945623397827,2.8565847873687744,1.2634069919586182,-3.6582000255584717
79,0,-3.0167887210845947,5.93895959854126,0.8032090663909912,0.6451200246810913
79,1,-2.593871831893921,3.412071466445923,0.1286206990480423,0.0005600000149570405
79,2,0.4409097731113434,0.4638950824737549,0.0,0.0002800000074785203
79,3,-0.40839698910713196,0.9935339689254761,0.010742321610450745,0.3158400058746338
82,0,1.1833821535110474,0.8642655611038208,1.0025227069854736,-8.880760192871094
87,0,-0.47399425506591797,0.8886479139328003,0.09088967740535736,-0.3158400058746338
87,1,-0.4366946220397949,0.838811993598938,0.06630582362413406,-0.3158400058746338
87,2,1.9465687274932861,2.6144447326660156,2.4268531799316406,3.1217200756073
96,0,2.1498875617980957,3.0114309787750244,1.5209437608718872,-1.05840003490448
96,1,1.9376184940338135,2.714097499847412,2.1374826431274414,-7.0918402671813965
104,0,-0.4758252799510956,0.8920807242393494,0.020223651081323624,-0.3158400058746338
112,0,-0.49522680044174194,0.8649316430091858,0.1710856556892395,-0.3158400058746338
112,1,-0.44114354252815247,0.8270591497421265,0.14166735112667084,-0.3158400058746338
115,0,-0.48472216725349426,0.8872779607772827,0.020223651081323624,0.3158400058746338
115,1,0.0,3.91575026512146,0.0,0.0
115,2,2.1173040866851807,5.4588942527771,0.41052955389022827,-4.883200168609619
115,3,0.0032143036369234324,0.3214196562767029,0.006429571192711592,0.21615999937057495
118,0,0.006360169965773821,0.6359958052635193,0.5578394532203674,-3.298959970474243
118,1,-0.8429339528083801,0.33745720982551575,1.1924079656600952,-4.953760147094727
118,2,2.8633694648742676,5.9276251792907715,0.2634597420692444,-2.2929201126098633
118,3,1.5359430313110352,2.396284580230713,0.37211480736732483,-2.436840057373047
118,4,-2.72330904006958,0.9048832058906555,0.08611708134412766,-2.437119960784912
118,5,-2.4604122638702393,1.477508544921875,0.08612458407878876,-2.437119960784912
118,6,-2.2483112812042236,1.7841501235961914,0.08613208681344986,-2.437119960784912
127,0,0.0,1.3827500343322754,0.0,1.1326000690460205
127,1,0.0,0.3890000283718109,0.0,1.203160047531128
127,2,0.0,0.3907500207424164,0.0,1.203160047531128
127,3,0.0,0.3930000066757202,0.0,1.203160047531128
127,4,0.0,0.3960000276565552,0.0,1.203160047531128
127,5,0.0,4.111999988555908,0.0,3.8928401470184326
127,6,0.020523499697446823,0.5128138661384583,0.0051324148662388325,0.4309200048446655
133,0,0.0,5.1322503089904785,0.0,8.960000038146973
135,0,1.705052137374878,2.43955659866333,2.0802249908447266,-8.157800674438477
135,1,0.0,3.848750114440918,0.0,-2.936079978942871
138,0,0.020523499697446823,0.5128138661384583,0.0051324148662388325,0.4309200048446655
138,1,0.35892876982688904,1.083102822303772,0.7806181907653809,5.752320289611816
138,2,0.020523499697446823,0.5128138661384583,0.0051324148662388325,0.4309200048446655
147,0,0.0,1.0240000486373901,0.0,0.0
149,0,0.0,0.7077500224113464,0.0,1.0617600679397583
149,1,0.007694486994296312,0.3846730589866638,0.0,0.28700000047683716
159,0,-2.9836084842681885,1.3712223768234253,0.13141494989395142,0.0
159,1,-2.9555890560150146,1.4306162595748901,0.13141494989395142,0.0
159,2,-2.9263875484466553,1.4894379377365112,0.13141494989395142,0.0
159,3,-2.8960156440734863,1.5476641654968262,0.13141494989395142,0.0
159,4,0.0032143036369234324,0.3214196562767029,0.006429571192711592,0.21615999937057495
159,5,0.0,1.0072500705718994,0.0,0.0
181,0,-2.9261832237243652,1.3448306322097778,0.12888562679290771,0.0
181,1,-2.898703098297119,1.4030812978744507,0.12888562679290771,0.0
181,2,-2.9573636054992676,1.4314751625061035,0.06572061777114868,0.0
181,3,-2.8700637817382812,1.4607709646224976,0.12888562679290771,0.0
181,4,0.0032143036369234324,0.3214196562767029,0.006429571192711592,0.21615999937057495
192,0,-0.5933613777160645,0.8138107061386108,0.09088967740535736,0.0
192,1,-0.586132824420929,0.8210189938545227,0.07072970271110535,0.0
192,2,-0.5695962905883789,0.8325766324996948,0.07072970271110535,0.0
192,3,-0.5612422227859497,0.8382309079170227,0.07072970271110535,0.0
192,4,-0.5537459850311279,0.8451963663101196,0.040439214557409286,0.0
192,5,-0.5111184120178223,0.8723392486572266,0.020223651081323624,0.0
192,6,1.4295837879180908,1.9607117176055908,2.9958057403564453,0.5936000347137451
192,7,0.0,0.8960000276565552,0.0,0.0
192,8,0.013487177900969982,0.4494377374649048,0.0179952010512352,0.3600800037384033
192,9,1.4295837879180908,1.9607117176055908,2.9958057403564453,0.5936000347137451
213,0,0.013487177900969982,0.4494377374649048,0.0179952010512352,0.3600800037384033
213,1,1.4312525987625122,1.9630004167556763,2.999302864074707,8.016679763793945
234,0,-0.31529566645622253,0.7457444071769714,0.13898330926895142,0.0
234,1,-0.3431434631347656,0.8116106390953064,0.07952004671096802,0.0
234,2,-0.3682645261287689,0.8710275292396545,0.06630582362413406,0.0
234,3,-0.307822585105896,0.7488600611686707,0.13898330926895142,0.0
234,4,-0.33395275473594666,0.8124285936355591,0.1059153825044632,0.0
234,5,-0.35953599214553833,0.8746666312217712,0.06630582362413406,0.0
234,6,-0.30031871795654297,0.7519007325172424,0.13898330926895142,0.0
234,7,-0.4829808175563812,2.8136420249938965,2.5038485527038574,4.282040119171143
240,0,-0.4544045627117157,0.8317819237709045,0.018958736211061478,-0.3158400058746338
240,1,1.3723721504211426,1.963564157485962,0.1679677665233612,-0.3158400058746338
245,0,-0.4175669252872467,0.864429235458374,0.0,-3.0786001682281494
245,1,-3.1915929317474365,2.860792875289917,0.1286206990480423,0.0
245,2,-1.650465726852417,1.2053930759429932,2.629047393798828,-3.890040159225464
249,0,2.3812453746795654,0.7912245988845825,2.1135172843933105,-0.7361200451850891
254,0,-0.4924602508544922,0.8804014921188354,0.07072970271110535,-0.3158400058746338
254,1,-0.4533824324607849,0.829910933971405,0.06630582362413406,-0.3158400058746338
254,2,-0.4075585901737213,0.7828469276428223,0.061881937086582184,-0.3158400058746338
256,0,0.3736759126186371,0.36291953921318054,0.341281920671463,0.6899200081825256
256,1,2.9753623008728027,1.1567602157592773,2.327563762664795,-6.509439945220947
256,2,-2.088789939880371,2.6365151405334473,1.9259073734283447,6.63040018081665
256,3,2.0046539306640625,2.8079965114593506,1.840264916419983,-6.415359973907471
281,0,0.0,4.223999977111816,0.0,0.0
286,0,0.0,4.096250057220459,0.0,-0.7868000268936157
286,1,0.0032143036369234324,0.3214196562767029,0.006429571192711592,0.21615999937057495
288,0,-0.3527601957321167,0.7302691340446472,0.13087992370128632,0.0
288,1,-0.3741399049758911,0.7947225570678711,0.1059153825044632,0.0
288,2,-0.4008868634700775,0.8515365719795227,0.11348717659711838,0.0
288,3,-0.4289880096912384,0.9112271666526794,0.09088967740535736,0.0
288,4,-0.454274982213974,0.9649400115013123,0.1286008507013321,0.0
288,5,-0.33861392736434937,0.738330602645874,0.12276343256235123,0.0
288,6,0.0,3.848750114440918,0.0,-2.936079978942871
288,7,1.9542945623397827,2.8565847873687744,1.2634069919586182,-3.6582000255584717
298,0,-0.3961918354034424,0.7799575924873352,0.13221539556980133,0.0
298,1,-0.3883725702762604,0.7838804125785828,0.13221539556980133,0.0
298,2,-0.35331183671951294,0.7314110994338989,0.12276343256235123,0.0
298,3,-0.3448652923107147,0.7325394153594971,0.13898330926895142,0.0
298,4,-0.3301464915275574,0.7392897605895996,0.13898330926895142,0.0
298,5,-2.44854998588562,2.9070210456848145,1.01109778881073,5.086480140686035
298,6,1.9465687274932861,2.6144447326660156,2.4268531799316406,-1.1718000173568726
320,0,-2.42205810546875,2.995145082473755,0.15415889024734497,0.0
320,1,-2.337690591812134,2.9506826400756836,0.45391878485679626,0.0
320,2,-2.260488271713257,2.912606954574585,0.5572174787521362,0.0
320,3,-2.3080673217773438,2.973912000656128,0.45391878485679626,0.0
320,4,-0.32829803228378296,0.7351505160331726,0.16320686042308807,0.0
320,5,-0.3135303556919098,0.7415689826011658,0.16320686042308807,0.0
320,6,0.1831381767988205,0.7483681440353394,0.5270937085151672,-4.655839920043945
331,0,-0.44434764981269836,0.8330662846565247,0.08520486950874329,-0.3158400058746338
341,0,0.5226685404777527,4.732352256774902,1.5777872800827026,-4.983439922332764
341,1,0.020523499697446823,0.5128138661384583,0.0051324148662388325,0.4309200048446655
341,2,0.020523499697446823,0.5128138661384583,0.0051324148662388325,0.4309200048446655
351,0,0.0,3.848750114440918,0.0,-2.936079978942871
351,1,1.9542945623397827,2.8565847873687744,1.2634069919586182,-3.6582000255584717
362,0,-0.3131600320339203,0.701252281665802,0.0,-1.0718400478363037
362,1,-0.4178931415081024,0.8651045560836792,0.0,-3.723720073699951
362,2,-0.3132619857788086,0.7014806270599365,0.0,0.0033599999733269215
362,3,-0.4180018901824951,0.8653296828269958,0.0,3.8743600845336914
368,0,-0.3307742476463318,0.5518150329589844,1.121578335762024,-4.66480016708374
368,1,-0.07358787953853607,0.917885422706604,0.8578424453735352,4.381440162658691
373,0,0.0,0.3907500207424164,0.0,1.1326000690460205
373,1,0.0,0.3647500276565552,0.0,1.1326000690460205
373,2,0.0,0.3382500112056732,0.0,1.1326000690460205
384,0,-2.487903356552124,0.9959983825683594,1.8333940505981445,-2.8602001667022705
384,1,2.2033324241638184,3.0862932205200195,0.9682773351669312,-5.846400260925293
388,0,-0.43952682614326477,0.7676495909690857,0.01769382134079933,-0.3158400058746338
388,1,-0.4616587162017822,0.825335681438446,0.06630582362413406,-0.3158400058746338
388,2,-0.4924541115760803,0.8600890040397644,0.20090435445308685,-0.3158400058746338
394,0,-0.21919159591197968,0.39186230301856995,0.0,-8.669079780578613
403,0,-0.4935264587402344,0.8233268857002258,0.31810542941093445,-8.559320449829102
403,1,-0.45491695404052734,0.7764188051223755,0.2982091009616852,4.263840198516846
409,0,-0.942105770111084,0.4216187596321106,0.16656719148159027,-4.663959980010986
413,0,-0.41848766803741455,0.7481561303138733,0.21889066696166992,0.3158400058746338
413,1,-0.4454358220100403,0.8153647780418396,0.1883385181427002,-0.3158400058746338
413,2,-0.4751549959182739,0.8697654008865356,0.20090435445308685,-0.3158400058746338
415,0,2.141187906265259,3.0635712146759033,1.714172601699829,0.0
415,1,0.0032143036369234324,0.3214196562767029,0.006429571192711592,0.21615999937057495
429,0,1.3557177782058716,1.9816473722457886,0.04802680015563965,0.3158400058746338
429,1,1.3914241790771484,2.033839225769043,0.049291711300611496,0.3158400058746338
429,2,1.375466227531433,1.9679912328720093,0.04802680015563965,0.3158400058746338
429,3,1.394239902496338,1.9529659748077393,0.09603439271450043,0.3158400058746338
432,0,-0.2601858973503113,1.4298322200775146,1.7942585945129395,4.390120029449463
435,0,-0.44434764981269836,0.8330662846565247,0.08520486950874329,-0.3158400058746338
435,1,-0.47399425506591797,0.8886479139328003,0.09088967740535736,0.3158400058746338
435,2,-0.3778162896633148,0.725717306137085,0.07383523136377335,-0.3158400058746338
435,3,-0.4069056212902069,0.7815926671028137,0.07952004671096802,-0.3158400058746338
435,4,-0.4359949231147766,0.8374679684638977,0.08520486950874329,-0.3158400058746338
435,5,-0.4650842249393463,0.8933433294296265,0.09088967740535736,-0.3158400058746338
435,6,-0.3911934196949005,0.7895739078521729,0.07952004671096802,-0.3158400058746338
435,7,2.0442616939544678,2.924891233444214,2.043170928955078,0.0
440,0,-0.44434764981269836,0.8330662846565247,0.08520486950874329,0.3158400058746338
440,1,1.4024738073349,5.067507743835449,0.0,-4.900279998779297
440,2,0.013487177900969982,0.4494377374649048,0.0179952010512352,0.3600800037384033
445,0,-0.4359949231147766,0.8374679684638977,0.08520486950874329,-0.3158400058746338
445,1,0.6769535541534424,3.0272574424743652,2.122208595275879,4.3439202308654785
449,0,1.375466227531433,1.9679912328720093,0.04802680015563965,0.3158400058746338
449,1,1.41169273853302,2.0198235511779785,0.049291711300611496,0.3158400058746338
456,0,-2.4906764030456543,2.9570350646972656,0.6636601090431213,-4.604320049285889
456,1,1.9465687274932861,2.6144447326660156,2.4268531799316406,-0.16660000383853912
459,0,-0.47386422753334045,0.8087565898895264,0.14166735112667084,2.5267200469970703
459,1,-0.5004363656044006,0.874030351638794,0.09088967740535736,0.3158400058746338
459,2,-0.4575954079627991,0.8180714845657349,0.14166735112667084,2.5267200469970703
459,3,1.066424012184143,3.014738082885742,2.095095634460449,0.17052000761032104
459,4,-0.1285628378391266,4.28414249420166,0.1286206990480423,0.0
459,5,0.27260127663612366,0.5790411233901978,0.0,0.0
459,6,3.099496841430664,1.5387171506881714,2.218022584915161,-8.954959869384766
462,0,-0.44606414437294006,0.836284339427948,0.018958736211061478,0.3158400058746338
462,1,-0.4747548997402191,0.8900739550590515,0.07072970271110535,0.3158400058746338
462,2,-0.40037065744400024,0.7881841659545898,0.035380564630031586,0.3158400058746338
462,3,-0.4292503595352173,0.8450377583503723,0.018958736211061478,0.3158400058746338
462,4,-0.46583056449890137,0.8947768807411194,0.07072970271110535,0.3158400058746338
462,5,-0.3924689292907715,0.7921483516693115,0.035380564630031586,0.3158400058746338
462,6,-0.4205261766910553,0.8487783670425415,0.037909891456365585,0.3158400058746338
462,7,2.4489457607269287,3.221430778503418,2.5937416553497314,-4.668440341949463
462,8,-2.958653688430786,2.816544532775879,0.8280537724494934,4.278960227966309
462,9,-0.4828568994998932,0.8838635683059692,0.09088967740535736,0.3158400058746338
462,10,-0.4153665602207184,0.7787322402000427,0.061881937086582184,0.3158400058746338
462,11,-0.44434764981269836,0.8330662846565247,0.08520486950874329,0.3158400058746338
468,0,-0.46242189407348633,0.8267000317573547,0.037909891456365585,-3.4742400646209717
468,1,-0.4935705363750458,0.8823864459991455,0.020223651081323624,0.3158400058746338
468,2,0.0032143036369234324,0.3214196562767029,0.006429571192711592,0.21615999937057495
477,0,-0.4828568994998932,0.8838635683059692,0.09088967740535736,-0.3158400058746338
477,1,-0.44506075978279114,0.8344032168388367,0.06630582362413406,-0.3158400058746338
477,2,-0.47399425506591797,0.8886479139328003,0.09088967740535736,-0.3158400058746338
477,3,-0.40037065744400024,0.7881841659545898,0.035380564630031586,-0.3158400058746338
477,4,-0.4359949231147766,0.8374679684638977,0.08520486950874329,-0.3158400058746338
477,5,-0.4650842249393463,0.8933433294296265,0.09088967740535736,-0.3158400058746338
477,6,-0.419159471988678,0.8460198044776917,0.08520486950874329,-0.3158400058746338
479,0,0.0032143036369234324,0.3214196562767029,0.006429571192711592,0.21615999937057495
479,1,0.25731101632118225,0.8318166732788086,1.5908031463623047,4.540760040283203
484,0,0.7836484313011169,2.7252187728881836,0.2273373305797577,-4.668720245361328
490,0,0.020523499697446823,0.5128138661384583,0.0051324148662388325,0.4309200048446655
494,0,0.0,5.142750263214111,0.0,0.0
496,0,-0.44579648971557617,0.835782527923584,0.037909891456365585,0.3158400058746338
496,1,-0.4758252799510956,0.8920807242393494,0.020223651081323624,0.3158400058746338
501,0,-2.38374924659729,2.9477717876434326,0.07582994550466537,0.0
501,1,0.0,0.45563146471977234,0.03194639831781387,-8.31488037109375
501,2,0.0,5.813347816467285,0.4660624861717224,-7.598080158233643
501,3,0.02554074302315712,0.31857794523239136,0.015993334352970123,0.2886800169944763
501,4,0.0,0.6660000085830688,0.0,4.802560329437256
501,5,0.0,2.293750047683716,0.0,0.7168000340461731
501,6,-2.1415655612945557,0.711585283279419,0.4106490910053253,0.7327600121498108
504,0,-0.48472216725349426,0.8872779607772827,0.020223651081323624,-0.3158400058746338
504,1,-0.44606414437294006,0.836284339427948,0.018958736211061478,0.3158400058746338
512,0,-0.3911934196949005,0.7895739078521729,0.07952004671096802,0.0
512,1,-1.3608680963516235,2.9673044681549072,0.29459941387176514,4.629800319671631
512,2,0.9471918344497681,0.9574736952781677,0.5694270133972168,-4.995200157165527
522,0,-1.9891897439956665,2.5107975006103516,2.1447718143463135,0.0
522,1,-2.2250113487243652,2.988422393798828,0.14911024272441864,0.0
522,2,-0.503463864326477,0.8030372858047485,0.018958736211061478,0.0
522,3,-0.4873034358024597,0.8129453063011169,0.018958736211061478,0.0
522,4,-0.47914978861808777,0.8177775740623474,0.018958736211061478,0.0
522,5,1.5309224128723145,3.0899713039398193,2.2103328704833984,0.017079999670386314
522,6,0.0,3.848750114440918,0.0,-2.936079978942871
522,7,1.9542945623397827,2.8565847873687744,1.2634069919586182,-3.6582000255584717
522,8,1.4388834238052368,2.058727264404297,2.9175045490264893,8.183000564575195
522,9,2.1372313499450684,3.1239826679229736,0.30345606803894043,4.640160083770752
522,10,-2.5617005825042725,3.1678285598754883,0.5741152763366699,-4.29688024520874
543,0,0.007694486994296312,0.3846730589866638,0.0,0.28700000047683716
543,1,0.09704580903053284,2.424851179122925,0.17015348374843597,0.35840001702308655
543,2,1.271779179573059,1.605266809463501,0.0,0.7459200024604797
543,3,0.0,1.408000111579895,0.0,0.0
543,4,0.06539089232683182,0.6517277956008911,0.0,2.569000005722046
550,0,1.9076712131500244,2.7294600009918213,1.9066532850265503,4.879839897155762
554,0,3.5621790885925293,3.4596405029296875,0.9036070704460144,4.284840106964111
554,1,0.013487177900969982,0.4494377374649048,0.0179952010512352,0.3600800037384033
554,2,2.041414260864258,2.9839272499084473,1.319727897644043,-2.936079978942871
554,3,1.39311683177948,2.49056077003479,2.938290596008301,0.017079999670386314
561,0,1.0688071250915527,0.3315536081790924,2.0939884185791016,-4.8613600730896
563,0,-0.3048458695411682,3.802440881729126,2.554114580154419,7.556360244750977
565,0,0.0,5.246791839599609,0.3151858150959015,-7.813120365142822
565,1,0.0,4.030355930328369,0.28258660435676575,-7.813120365142822
565,2,0.0,0.6461767554283142,0.05180469900369644,-7.813120365142822
565,3,0.007694486994296312,0.3846730589866638,0.0,0.28700000047683716
565,4,2.146127462387085,2.7088875770568848,0.0,0.7459200024604797
565,5,-0.09213542938232422,2.302157163619995,0.0,0.0008399999933317304
565,6,0.06539089232683182,0.6517277956008911,0.0,2.569000005722046
565,7,0.049694474786520004,0.4952871799468994,0.319057434797287,2.569000005722046
569,0,0.0,3.8400001525878906,0.0,0.0
569,1,0.0032143036369234324,0.3214196562767029,0.006429571192711592,0.21615999937057495
597,0,-2.3745763301849365,2.9364285469055176,0.34079697728157043,0.0
597,1,0.0,4.116000175476074,0.0,0.7487199902534485
597,2,0.020523499697446823,0.5128138661384583,0.0051324148662388325,0.4309200048446655
603,0,-2.2437562942504883,2.7746551036834717,2.090759754180908,0.406000018119812
605,0,-0.3431434631347656,0.8116106390953064,0.07952004671096802,-6.632640361785889
605,1,-0.31155991554260254,0.7579521536827087,0.0574580542743206,-0.3158400058746338
605,2,0.0,4.544000148773193,0.0,0.0
605,3,3.735851526260376,4.715471267700195,0.0,0.7459200024604797
605,4,0.0,1.6640000343322754,0.0,0.0
605,5,0.06539089232683182,0.6517277956008911,0.0,2.569000005722046
608,0,-0.3784225881099701,0.7268818616867065,0.0574580542743206,0.0
608,1,-0.3638102412223816,0.7343044877052307,0.0574580542743206,0.0
608,2,-0.35703837871551514,0.7391256093978882,0.032851241528987885,0.0
611,0,-0.4006110429763794,0.7886573672294617,0.01769382134079933,-0.3158400058746338
611,1,0.01702512614428997,1.702455997467041,2.4843497276306152,-3.0766401290893555
611,2,0.875758707523346,0.7093464732170105,1.9647136926651,-1.2726000547409058
611,3,-0.20514072477817535,0.32720449566841125,0.23677733540534973,-0.41356000304222107
611,4,0.020523499697446823,0.5128138661384583,0.0051324148662388325,0.4309200048446655
611,5,0.05019376799464226,0.3839283883571625,0.24275211989879608,1.0617600679397583
611,6,0.0611770935356617,0.46793901920318604,0.29587075114250183,1.1326000690460205
611,7,0.05576780438423157,0.4265637993812561,0.26970982551574707,1.0617600679397583
611,8,0.06307171285152435,0.4824308454990387,0.30503371357917786,1.1326000690460205
611,9,0.007694486994296312,0.3846730589866638,0.0,0.28700000047683716
611,10,0.18640252947807312,4.657577991485596,0.32682543992996216,0.35840001702308655
611,11,0.0,0.3840000033378601,0.0,0.0
611,12,-0.17403358221054077,4.348519325256348,0.0,0.0008399999933317304
611,13,0.06539089232683182,0.6517277956008911,0.0,2.569000005722046
623,0,-0.32966670393943787,0.8020016551017761,0.17577269673347473,-0.3158400058746338
629,0,0.007694486994296312,0.3846730589866638,0.0,0.28700000047683716
629,1,-0.11260997503995895,2.8137476444244385,0.0,0.0008399999933317304
629,2,0.06539089232683182,0.6517277956008911,0.0,2.569000005722046
640,0,3.245251417160034,1.734299898147583,2.410757303237915,-7.558040142059326
640,1,-3.1445534229278564,1.6004773378372192,2.6270627975463867,-7.316400051116943
661,0,0.007694486994296312,0.3846730589866638,0.0,0.28700000047683716
666,0,2.600630521774292,4.241735935211182,0.0,-3.070199966430664
671,0,-0.7978536486625671,0.4161791205406189,0.2982091009616852,0.0
671,1,0.34817126393318176,1.2108017206192017,1.620653748512268,-0.520799994468689
671,2,-1.0309168100357056,0.4368327558040619,2.5704867839813232,-1.883560061454773
680,0,-0.6491333246231079,0.890303373336792,0.7537976503372192,-8.692880630493164
680,1,3.885340452194214,3.277869462966919,2.1491997241973877,5.967360019683838
687,0,-0.4852686822414398,0.8282209038734436,0.31810542941093445,2.2108800411224365
687,1,-0.4392986297607422,0.7853612303733826,0.2982091009616852,2.2108800411224365
689,0,-1.212775468826294,2.329523801803589,1.6833821535110474,-4.6681599617004395
689,1,-0.2329065501689911,0.3194374442100525,0.45001697540283203,4.3887200355529785
691,0,1.3269516229629517,2.818620443344116,0.9636913537979126,4.385360240936279
691,1,-0.6712998151779175,2.0956673622131348,0.04401706904172897,-1.9544000625610352
691,2,-2.4316763877868652,1.0303797721862793,0.05282647907733917,-2.5998001098632812
700,0,-0.5099685788154602,0.8703768849372864,0.07072970271110535,-5.685120105743408
700,1,-0.5012394785881042,0.8754329681396484,0.07072970271110535,0.3158400058746338
700,2,-0.5369711518287659,0.9164628386497498,0.16053391993045807,-0.3158400058746338
700,3,-0.46242189407348633,0.8267000317573547,0.037909891456365585,0.3158400058746338
700,4,0.020523499697446823,0.5128138661384583,0.0051324148662388325,0.4309200048446655
703,0,1.2256114482879639,4.1071014404296875,0.1286206990480423,0.0005600000149570405
703,1,0.06670717149972916,0.3129699230194092,0.0,0.0
703,2,-0.4024275541305542,0.4976465702056885,0.0,0.0
706,0,0.0032143036369234324,0.3214196562767029,0.006429571192711592,0.21615999937057495
706,1,-0.46091902256011963,0.8240132927894592,0.08520486950874329,-0.3158400058746338
706,2,-0.4924602508544922,0.8804014921188354,0.07072970271110535,-0.3158400058746338
706,3,-0.5240049958229065,0.9367959499359131,0.04295854642987251,-0.3158400058746338
706,4,-0.45265600085258484,0.8285812139511108,0.08520486950874329,-0.3158400058746338
709,0,-1.1933759450912476,0.7662577629089355,2.4723732471466064,-4.894400119781494
709,1,-1.5991785526275635,2.060518741607666,1.8620723485946655,4.593960285186768
709,2,-0.4205261766910553,0.8487783670425415,0.037909891456365585,-0.4737600088119507
709,3,-0.38389331102371216,0.7947195768356323,0.061881937086582184,-0.3158400058746338
712,0,-3.394235610961914,1.6429376602172852,1.1664921045303345,-7.581000328063965
712,1,0.17211215198040009,1.0026525259017944,1.0063928365707397,-3.961160182952881
712,2,2.4807944297790527,2.0508127212524414,0.16107036173343658,-7.6518402099609375
712,3,0.0,3.848750114440918,0.0,-2.936079978942871
712,4,1.9542945623397827,2.8565847873687744,1.2634069919586182,-3.6582000255584717
715,0,2.761162519454956,3.278167724609375,0.1286206990480423,0.0002800000074785203
728,0,3.75154185295105,5.483613967895508,0.9362994432449341,0.14392000436782837
730,0,-2.435265064239502,3.073843240737915,0.15694813430309296,5.025160312652588
733,0,0.4490429162979126,1.4516338109970093,0.0,-6.543879985809326
735,0,-2.9555890560150146,1.4306162595748901,0.13141494989395142,0.0
735,1,0.02554074302315712,0.31857794523239136,0.015993334352970123,0.2886800169944763
735,2,0.0,0.6658668518066406,0.013319111429154873,4.802560329437256
735,3,0.0,2.293635368347168,0.022937117144465446,0.7168000340461731
735,4,-2.1415655612945557,0.711585283279419,0.4106490910053253,0.7327600121498108
735,5,-2.7647314071655273,1.775213360786438,0.06572061777114868,0.0
735,6,-2.7286763191223145,1.830149531364441,0.06572061777114868,0.0
743,0,-0.3268437385559082,0.8183107376098633,0.07952004671096802,0.3158400058746338
743,1,-0.3331381380558014,0.8850575089454651,0.06630582362413406,0.3158400058746338
743,2,1.2746235132217407,2.0330557823181152,0.09603439271450043,-0.3158400058746338
743,3,1.2948898077011108,2.0202081203460693,0.09603439271450043,-0.3158400058746338
743,4,1.32680082321167,2.069993734359741,0.1723916381597519,-0.3158400058746338
743,5,1.280392050743103,1.9542944431304932,0.09350506216287613,-0.3158400058746338
743,6,-0.10726191103458405,0.8204383850097656,0.6032842397689819,0.0008399999933317304
767,0,-0.4485834240913391,0.9054083228111267,0.040439214557409286,0.0
767,1,-0.45644494891166687,0.969549298286438,0.07513611018657684,0.0
767,2,0.020523499697446823,0.5128138661384583,0.0051324148662388325,0.4309200048446655
769,0,0.17567408084869385,0.38304847478866577,0.14906874299049377,-4.680480003356934
772,0,-3.815859794616699,4.014786243438721,1.652875304222107,-6.039600372314453
778,0,0.1133253276348114,0.4630878269672394,0.2186487317085266,-3.566920042037964
778,1,2.60052227973938,5.823292255401611,0.963875949382782,-1.417080044746399
778,2,0.02554074302315712,0.31857794523239136,0.015993334352970123,0.2886800169944763
778,3,0.0,0.6660000085830688,0.0,4.802560329437256
778,4,0.0,2.293750047683716,0.0,0.7168000340461731
789,0,-0.4864158630371094,0.957575798034668,0.021483568474650383,0.0
789,1,-0.4765298068523407,0.9618145227432251,0.04295854642987251,0.0
789,2,-0.4668880105018616,0.9665316343307495,0.04295854642987251,0.0
789,3,-0.7804844975471497,1.6578521728515625,0.03665255755186081,0.0
789,4,-0.763867199420929,1.6655738353729248,0.03665255755186081,0.0
789,5,-0.747173547744751,1.6731292009353638,0.03665255755186081,0.0
789,6,-0.9782188534736633,1.0713284015655518,1.5547816753387451,-4.80620002746582
789,7,-2.704833507537842,2.328629970550537,2.043543815612793,4.377799987792969
805,0,1.9411027431488037,3.8213248252868652,0.1286206990480423,0.0005600000149570405
805,1,0.5091850757598877,0.38772493600845337,0.0,0.0002800000074785203
808,0,-0.4541319012641907,0.8312828540802002,0.037909891456365585,7.580160140991211
808,1,-0.4153665602207184,0.7787322402000427,0.061881937086582184,7.580160140991211
808,2,-0.44579648971557617,0.835782527923584,0.037909891456365585,0.3158400058746338
808,3,-0.37174850702285767,0.7318375110626221,0.032851241528987885,-0.3158400058746338
808,4,-0.3784225881099701,0.7268818616867065,0.0574580542743206,-0.3158400058746338
808,5,1.3158165216445923,2.008363723754883,0.04802680015563965,0.3158400058746338
808,6,0.0,2.212249994277954,0.0,0.0
808,7,-1.133951187133789,3.106472969055176,1.282650113105774,4.405240058898926
808,8,0.020523499697446823,0.5128138661384583,0.0051324148662388325,0.4309200048446655
815,0,0.0032143036369234324,0.3214196562767029,0.006429571192711592,0.21615999937057495
817,0,1.9465687274932861,2.6144447326660156,2.4268531799316406,-0.001120000029914081
820,0,-0.40825504064559937,3.385779619216919,0.48058652877807617,0.8604400157928467
820,1,0.0032143036369234324,0.3214196562767029,0.006429571192711592,0.21615999937057495
820,2,0.0,0.44600000977516174,0.0,0.9909200072288513
820,3,0.013487177900969982,0.4494377374649048,0.0179952010512352,0.3600800037384033
820,4,2.041414260864258,2.9839272499084473,1.319727897644043,-2.936079978942871
820,5,0.759666919708252,0.4459148049354553,0.540066659450531,-8.743840217590332
820,6,0.8950786590576172,0.5253997445106506,0.6507031321525574,-8.528800010681152
820,7,0.6148641705513,0.36091744899749756,0.44699323177337646,-8.958880424499512
824,0,0.013487177900969982,0.4494377374649048,0.0179952010512352,0.3600800037384033
824,1,2.041414260864258,2.9839272499084473,1.319727897644043,-2.936079978942871
830,0,1.280392050743103,1.9542944431304932,0.09350506216287613,-0.3158400058746338
832,0,2.293118476867676,3.0164499282836914,1.2556711435317993,7.421960353851318
847,0,0.3787171542644501,0.7455562949180603,1.2467840909957886,-4.668720245361328
847,1,0.6688070893287659,3.675379753112793,0.8353829979896545,-4.835040092468262
847,2,-1.5705184936523438,5.077059745788574,0.31924837827682495,-4.79416036605835
851,0,-0.3696862757205963,0.9255746006965637,0.1710856556892395,-0.3158400058746338
851,1,-0.384103387594223,0.9903064370155334,0.16053391993045807,-0.3158400058746338
859,0,1.315026879310608,2.0071585178375244,0.09603439271450043,-0.3158400058746338
896,0,-2.3864879608154297,2.8915345668792725,0.5666320323944092,0.0
896,1,-2.328183650970459,2.938682794570923,0.5666320323944092,0.0
896,2,-2.269718885421753,2.9245004653930664,0.4463769197463989,0.0
896,3,-2.1245687007904053,2.975965738296509,0.2563755214214325,0.0
907,0,-1.9093164205551147,1.8543561697006226,1.8602439165115356,3.975720167160034
907,1,0.007694486994296312,0.3846730589866638,0.0,0.28700000047683716
907,2,-0.09213542938232422,2.302157163619995,0.0,0.0008399999933317304
907,3,0.06539089232683182,0.6517277956008911,0.0,2.569000005722046
912,0,-2.436427354812622,2.8926284313201904,1.0875287055969238,8.570520401000977
915,0,-0.4602426588535309,0.8840435147285461,0.1710856556892395,-2.052960157394409
915,1,-0.45137935876846313,0.8886017203330994,0.1710856556892395,-2.052960157394409
915,2,-0.40938201546669006,0.8474851846694946,0.11348717659711838,-0.3158400058746338
915,3,-0.442470908164978,0.8930709958076477,0.1710856556892395,-0.3158400058746338
915,4,-0.47155606746673584,0.9517756700515747,0.16053391993045807,-0.3158400058746338
915,5,-0.34849312901496887,0.7402454018592834,0.07383523136377335,-0.3158400058746338
915,6,-0.41467198729515076,0.8584362864494324,0.11495364457368851,4.734519958496094
915,7,0.006171715445816517,0.3085446357727051,0.2297709584236145,0.28700000047683716
915,8,0.017901265993714333,0.4472929537296295,0.0313868522644043,0.35840001702308655
915,9,-0.11260997503995895,2.8137476444244385,0.0,0.0008399999933317304
915,10,0.06539089232683182,0.6517277956008911,0.0,2.569000005722046
915,11,3.4467623233795166,1.7979118824005127,0.0,-3.138240098953247
918,0,-0.3753247559070587,0.797239363193512,0.07952004671096802,0.3158400058746338
918,1,-0.3410733640193939,0.7436932325363159,0.07383523136377335,0.3158400058746338
918,2,-0.36733371019363403,0.8009526133537292,0.07952004671096802,0.3158400058746338
918,3,-0.3593059778213501,0.804585874080658,0.07952004671096802,0.3158400058746338
918,4,1.3289941549301147,2.073415756225586,0.09856370836496353,-0.3158400058746338
918,5,1.3158165216445923,2.008363723754883,0.04802680015563965,-0.3158400058746338
918,6,0.0,3.917750120162964,0.0,0.0
918,7,1.9465687274932861,2.6144447326660156,2.4268531799316406,-0.001120000029914081
922,0,-0.46242189407348633,0.8267000317573547,0.037909891456365585,-0.3158400058746338
922,1,-0.4153665602207184,0.7787322402000427,0.061881937086582184,0.3158400058746338
922,2,-0.4075585901737213,0.7828469276428223,0.061881937086582184,0.3158400058746338
922,3,-0.36463046073913574,0.7359599471092224,0.016428904607892036,0.3158400058746338
925,0,1.6281968355178833,2.233114719390869,2.8455724716186523,2.2831201553344727
928,0,-0.5847127437591553,0.9754486083984375,0.02274848334491253,0.0
928,1,0.020523499697446823,0.5128138661384583,0.0051324148662388325,0.4309200048446655
941,0,-0.4616587162017822,0.825335681438446,0.06630582362413406,9.033080101013184
941,1,-0.4924602508544922,0.8804014921188354,0.07072970271110535,9.033080101013184
941,2,0.013487177900969982,0.4494377374649048,0.0179952010512352,0.3600800037384033
941,3,2.041414260864258,2.9839272499084473,1.319727897644043,-2.936079978942871
941,4,1.9034146070480347,2.723369836807251,2.422563314437866,0.0
950,0,0.0032143036369234324,0.3214196562767029,0.006429571192711592,0.21615999937057495
955,0,0.3156145215034485,2.6174845695495605,2.8255131244659424,4.351480007171631
960,0,0.0,2.111999988555908,0.0,1.0035200119018555
960,1,-1.1534441709518433,1.2381370067596436,1.1826848983764648,-8.510320663452148
960,2,-0.3135146200656891,0.7849389314651489,0.2614614963531494,0.3158400058746338
960,3,-0.31496158242225647,0.8628411293029785,0.2345389723777771,-0.3158400058746338
960,4,-0.29453688859939575,0.952157735824585,0.1710856556892395,-0.3158400058746338
960,5,0.020523499697446823,0.5128138661384583,0.0051324148662388325,0.4309200048446655
965,0,-0.3564491271972656,0.7379058003425598,0.0574580542743206,0.3158400058746338
965,1,-0.3206460475921631,0.6810945272445679,0.09077178686857224,0.3158400058746338
965,2,0.2635806202888489,1.4484877586364746,2.96565842628479,4.122440338134766
968,0,0.02554074302315712,0.31857794523239136,0.015993334352970123,0.2886800169944763
968,1,0.0,0.6660000085830688,0.0,4.802560329437256
968,2,0.0,2.293750047683716,0.0,0.7168000340461731
971,0,-0.3531593382358551,0.6952422261238098,0.25841644406318665,-0.3158400058746338
971,1,-0.357719361782074,0.759843111038208,0.2783127725124359,0.3158400058746338
971,2,-0.3751316964626312,0.8179557919502258,0.2982091009616852,0.3158400058746338
996,0,-0.4069056212902069,0.7815926671028137,0.07952004671096802,0.3158400058746338
996,1,-0.4289928078651428,0.8445307612419128,0.037909891456365585,0.3158400058746338
1002,0,-0.4864158630371094,0.957575798034668,0.021483568474650383,0.0
1002,1,-0.3638102412223816,0.7343044877052307,0.0574580542743206,0.0
1002,2,-0.3911934196949005,0.7895739078521729,0.07952004671096802,0.0
1002,3,-0.4478430449962616,0.9039139747619629,0.07072970271110535,0.0
1002,4,-0.4768159091472626,0.9623919725418091,0.021483568474650383,0.0
1002,5,-0.3558780252933502,0.7367235422134399,0.07383523136377335,0.0
1002,6,-0.3832782506942749,0.7934463024139404,0.07952004671096802,0.0
1002,7,1.6831110715866089,2.568974494934082,2.7485029697418213,-8.600200653076172
1002,8,1.6830090284347534,2.5688188076019287,2.7483363151550293,-4.757760047912598
1013,0,1.74341881275177,2.975538969039917,1.2588635683059692,0.28700000047683716
1013,1,0.8586553335189819,1.3396217823028564,2.0896477699279785,-5.0411200523376465
1013,2,-1.4293493032455444,4.040713310241699,0.1286206990480423,0.0
1013,3,-0.1490563452243805,1.1401208639144897,0.8383530378341675,-2.0596799850463867
1013,4,1.3344576358795166,2.176555633544922,1.9008731842041016,5.9273200035095215
1013,5,0.007694486994296312,0.3846730589866638,0.0,0.28700000047683716
1023,0,0.0032143036369234324,0.3214196562767029,0.006429571192711592,0.21615999937057495
1045,0,-0.6568320989608765,2.2010858058929443,2.3182380199432373,-4.668440341949463
1077,0,-0.8284318447113037,1.5912688970565796,0.0,4.376399993896484
1077,1,-0.5742287039756775,1.2858575582504272,0.0,3.8024001121520996
1077,2,-0.47356870770454407,0.9803617596626282,0.0,-1.071560025215149
1077,3,-0.7396548390388489,1.4207441806793213,0.0,-1.2146400213241577
1077,4,-0.47356870770454407,0.9803617596626282,0.0,-9.099720001220703
1077,5,-0.7396548390388489,1.4207441806793213,0.0,5.308239936828613
1077,6,-0.556973397731781,1.1530225276947021,0.0,-0.8565199971199036
1077,7,-2.943265199661255,5.653483867645264,0.0,7.315279960632324
1077,8,2.118788003921509,3.0970242023468018,1.0385187864303589,-4.961880207061768
1088,0,-2.8341097831726074,1.5145809650421143,2.245927095413208,9.064720153808594
1097,0,-2.407721519470215,2.9774162769317627,1.5293978452682495,-6.337240219116211
1109,0,-1.3767714500427246,4.613647937774658,2.32576060295105,4.18936014175415
1109,1,0.007694486994296312,0.3846730589866638,0.0,0.28700000047683716
1109,2,3.4576499462127686,4.364319324493408,0.0,0.7459200024604797
1109,3,-1.9517006874084473,2.364734411239624,2.097646713256836,5.591320037841797
1109,4,-2.589587926864624,3.2023143768310547,0.2060891091823578,-5.989480018615723
1114,0,-2.3221805095672607,2.8136179447174072,0.701610803604126,5.591320037841797
1114,1,-2.589587926864624,3.2023143768310547,0.2060891091823578,-5.989480018615723
1120,0,1.463969349861145,2.9548351764678955,0.39762410521507263,-4.907279968261719
1120,1,-3.2858028411865234,3.598554849624634,2.662130355834961,-4.8571600914001465
1120,2,-1.1101243495941162,3.3499090671539307,2.573089838027954,6.386240005493164
1130,0,-0.47305989265441895,0.4781950116157532,0.46018362045288086,-9.172520637512207
1137,0,-3.9372427463531494,4.060401439666748,0.6246660351753235,-4.667600154876709
1150,0,1.5455914735794067,2.119819164276123,2.701204299926758,-8.046080589294434
1152,0,-2.224848508834839,3.051438331604004,0.34079697728157043,0.0
1152,1,-2.194223403930664,3.073533773422241,0.34079697728157043,0.0
1152,2,-0.38377705216407776,0.8593834638595581,0.11348717659711838,0.0
1152,3,-0.3475858271121979,0.7997258901596069,0.1496840864419937,0.0
1152,4,-0.37363845109939575,0.8596678376197815,0.14166735112667084,0.0
1152,5,-0.3395713269710541,0.8031616806983948,0.1496840864419937,0.0
1152,6,-0.3650232255458832,0.8633611798286438,0.14166735112667084,0.0
1152,7,-0.7770780324935913,1.8904484510421753,0.4143248498439789,0.0
1152,8,0.013487177900969982,0.4494377374649048,0.0179952010512352,0.3600800037384033
1162,0,0.0,3.848750114440918,0.0,-2.936079978942871
1162,1,1.9542945623397827,2.8565847873687744,1.2634069919586182,-3.6582000255584717
1171,0,-0.3911934196949005,0.7895739078521729,0.07952004671096802,0.3158400058746338
1171,1,0.0,2.8989274501800537,0.8650769591331482,-4.6670403480529785
1171,2,-3.5595333576202393,1.3025442361831665,1.3835927248001099,-4.863039970397949
1178,0,-0.38329240679740906,0.8141636252403259,0.2982091009616852,-9.159080505371094
1182,0,0.9752759337425232,0.6683629751205444,0.40497276186943054,-5.036920070648193
1184,0,0.4365173280239105,0.37580403685569763,0.0,-2.852640151977539
1184,1,-0.26725471019744873,0.5133482813835144,0.0,-6.734000205993652
1184,2,-0.46205979585647583,0.826052725315094,0.0,-0.9993200302124023
1184,3,3.019568681716919,2.932649612426758,2.9419610500335693,2.184000015258789
1184,4,-0.491731196641922,1.1630536317825317,0.9014760851860046,6.593160152435303
1192,0,-0.41983214020729065,0.8473775386810303,0.06630582362413406,-0.3158400058746338
1192,1,-0.4488527476787567,0.9059519171714783,0.020223651081323624,-0.3158400058746338
1192,2,-0.3820682764053345,0.7909414768218994,0.1059153825044632,0.3158400058746338
1194,0,-3.1560654640197754,1.1908224821090698,1.7134953737258911,-4.905600070953369
1205,0,1.2256114482879639,4.1071014404296875,0.1286206990480423,0.0002800000074785203
1205,1,0.27260127663612366,0.5790411233901978,0.0,0.0
1205,2,0.0032143036369234324,0.3214196562767029,0.006429571192711592,0.21615999937057495
1205,3,-1.9135196208953857,1.7151885032653809,0.9090025424957275,-4.898040294647217
1215,0,0.0032143036369234324,0.3214196562767029,0.006429571192711592,0.21615999937057495
1215,1,-0.23537971079349518,0.5270805954933167,0.0,7.458080291748047
1215,2,-0.2541286051273346,0.5260862112045288,0.0,2.584120035171509
1215,3,-0.21461188793182373,0.412230908870697,0.0,3.659600019454956
1215,4,-0.28497347235679626,0.5094646215438843,0.0,0.792680025100708
1215,5,-0.2542373538017273,0.5263113379478455,0.0,1.9390000104904175
1215,6,-0.21426554024219513,0.4115656614303589,0.0,7.8887200355529785
1215,7,-0.37833738327026367,0.67637699842453,0.0,-5.730200290679932
1215,8,-0.1931247115135193,0.39979854226112366,0.0,0.07532000541687012
1215,9,0.0,3.392000198364258,0.0,0.0
1235,0,-0.09570283442735672,1.1937323808670044,0.5492272973060608,4.3022003173828125
1247,0,0.0,0.40150001645088196,0.0,1.1326000690460205
1247,1,0.0,0.5785000324249268,0.0,0.9200800061225891
1247,2,-0.21992385387420654,0.39317139983177185,0.0,4.233320236206055
1247,3,-0.2348700314760208,0.5259392261505127,0.0,-1.0718400478363037
1247,4,-0.2508663833141327,0.5193328857421875,0.0,-4.65556001663208
1247,5,-0.2671392560005188,0.51312655210495,0.0,2.4410400390625
1247,6,-0.282288521528244,0.5046645402908325,0.0,-3.364760160446167
1247,7,-0.2348700314760208,0.5259392261505127,0.0,-4.225759983062744
1247,8,-0.2508663833141327,0.5193328857421875,0.0,5.666360378265381
1247,9,-0.17639966309070587,0.3388320803642273,0.0,-5.0136799812316895
1247,10,-2.8346641063690186,2.114042282104492,0.14152225852012634,0.0
1258,0,-0.8256697654724121,1.063863754272461,2.3476810455322266,-4.675159931182861
1269,0,-0.28499582409858704,0.8320443034172058,0.0,-3.912720203399658
1269,1,-2.4200973510742188,3.537446975708008,0.1286206990480423,0.0
1280,0,-2.2978689670562744,3.0226988792419434,0.8092934489250183,2.4639999866485596
1287,0,1.3557177782058716,1.9816473722457886,0.04802680015563965,0.3158400058746338
1333,0,-1.9391396045684814,0.9147962927818298,2.701890468597412,0.05236000195145607
1341,0,2.8054754734039307,5.522960662841797,2.4742250442504883,0.14363999664783478
1341,1,2.478987216949463,5.7036566734313965,2.412155866622925,-0.0714000016450882
1341,2,3.4980287551879883,5.113055229187012,2.4744107723236084,0.14363999664783478
1341,3,2.816646099090576,5.544951438903809,2.4122462272644043,-0.0714000016450882
1341,4,1.7121211290359497,5.954078674316406,2.4745032787323,-0.0714000016450882
1341,5,-1.890017032623291,5.900264739990234,2.4745960235595703,-0.07168000191450119
1344,0,0.010239829309284687,1.0239487886428833,0.0,0.0
1348,0,-0.41734153032302856,0.8639626502990723,0.03839975968003273,1.795639991760254
1348,1,-0.4430687725543976,0.8510555624961853,0.03839975968003273,0.9357600212097168
1348,2,-0.4729726314544678,0.9791277647018433,0.043518394231796265,3.3726000785827637
1348,3,-0.4430687725543976,0.8510555624961853,0.03839975968003273,2.727760076522827
1348,4,-0.4430687725543976,0.8510555624961853,0.03839975968003273,3.372879981994629
1350,0,-0.4385381042957306,0.7659227252006531,0.061881937086582184,-5.053440093994141
1350,1,-0.469888836145401,0.8206779360771179,0.06630582362413406,-0.4737600088119507
1350,2,-0.5316131711006165,0.9284817576408386,0.0965520367026329,-0.3158400058746338
1350,3,-0.36937057971954346,0.7271562814712524,0.09834358096122742,0.3158400058746338
1350,4,-0.3911934196949005,0.7895739078521729,0.07952004671096802,0.3158400058746338
1350,5,-0.419159471988678,0.8460198044776917,0.08520486950874329,0.3158400058746338
1350,6,-0.45468777418136597,0.8951147794723511,0.12105897068977356,0.3158400058746338
1350,7,-0.48301443457603455,0.9508796334266663,0.1286008507013321,0.3158400058746338
1350,8,-0.3547545373439789,0.7343977689743042,0.09834358096122742,0.3158400058746338
1350,9,-0.3832782506942749,0.7934463024139404,0.07952004671096802,0.3158400058746338
1350,10,0.0,0.9600000381469727,0.0,0.0
1353,0,-0.4852686822414398,0.8282209038734436,0.31810542941093445,0.3158400058746338
1353,1,-0.41605323553085327,0.7800196409225464,0.035380564630031586,0.3158400058746338
1353,2,-0.44434764981269836,0.8330662846565247,0.08520486950874329,0.3158400058746338
1353,3,1.3919388055801392,1.9497426748275757,0.1679677665233612,-0.3158400058746338
1355,0,-0.4616587162017822,0.825335681438446,0.06630582362413406,0.3158400058746338
1355,1,-0.49327439069747925,0.8818569779396057,0.040439214557409286,0.3158400058746338
1355,2,0.0,1.6640000343322754,0.0,0.0
1355,3,0.0032143036369234324,0.3214196562767029,0.006429571192711592,0.21615999937057495
1363,0,1.8670521974563599,3.4176158905029297,2.721836566925049,-8.774360656738281
1365,0,1.0490254163742065,0.5741704106330872,0.7331995368003845,-4.852960109710693
1368,0,-0.4240869879722595,0.7762859463691711,0.01769382134079933,-4.5796799659729
1368,1,-0.484790563583374,0.8874031901359558,0.0404692105948925,-4.5796799659729
1368,2,-0.39235153794288635,0.8555027842521667,0.11348717659711838,0.3158400058746338
1368,3,-0.4185290038585663,0.9125813841819763,0.12105897068977356,0.3158400058746338
1368,4,-0.47657161951065063,0.42717623710632324,0.0,0.0
1375,0,0.0,0.3840000033378601,0.0,0.0
1375,1,0.16597816348075867,4.14724063873291,0.29101473093032837,0.35840001702308655
1375,2,3.815337657928467,4.815800189971924,0.0,0.7459200024604797
1375,3,0.0,1.600000023841858,0.0,0.0
1375,4,0.06539089232683182,0.6517277956008911,0.0,2.569000005722046
1378,0,-0.3652997612953186,0.756227970123291,0.2783127725124359,0.3158400058746338
1378,1,-0.38329240679740906,0.8141636252403259,0.2982091009616852,0.3158400058746338
1386,0,-0.38647961616516113,0.8654352426528931,0.018958736211061478,0.0
1386,1,0.013487177900969982,0.4494377374649048,0.0179952010512352,0.3600800037384033
1389,0,-0.4392986297607422,0.7853612303733826,0.2982091009616852,6.000960350036621
1389,1,-0.40263888239860535,0.7370254993438721,0.2783127725124359,2.052960157394409
1389,2,1.354904294013977,1.9804582595825195,0.09603439271450043,-0.3158400058746338
1395,0,-0.3952486217021942,0.7410150170326233,0.2783127725124359,8.717240333557129
1397,0,-2.101658821105957,2.6527583599090576,1.676792025566101,-8.645000457763672
1399,0,2.6077914237976074,0.9542720913887024,2.245577096939087,-4.918479919433594
1401,0,2.1951849460601807,2.8284645080566406,2.6105005741119385,6.781320095062256
1408,0,-0.18288056552410126,0.40952038764953613,0.0,0.505120038986206
1408,1,-0.19551701843738556,0.4047509729862213,0.0,-3.8670802116394043
1408,2,-0.18277862668037415,0.4092921316623688,0.0,-6.017760276794434
1408,3,-0.2511925995349884,0.5200082063674927,0.0,1.4372400045394897
1408,4,0.010239829309284687,1.0239487886428833,0.0,0.0
1418,0,-2.9573636054992676,1.4314751625061035,0.06572061777114868,0.0
1418,1,-2.928144693374634,1.4903322458267212,0.06572061777114868,0.0
1418,2,0.007694486994296312,0.3846730589866638,0.0,0.28700000047683716
1418,3,0.0,3.072000026702881,0.0,0.0
1418,4,2.2207820415496826,3.1774532794952393,1.371298909187317,0.0
1429,0,-2.2198305130004883,2.745068073272705,2.1644480228424072,0.35868000984191895
1429,1,0.020523499697446823,0.5128138661384583,0.0051324148662388325,0.4309200048446655
1434,0,0.2666783630847931,3.3263654708862305,2.2829904556274414,-7.617680072784424
1434,1,0.020523499697446823,0.5128138661384583,0.0051324148662388325,0.4309200048446655
1439,0,-0.5429606437683105,0.9266852736473083,0.021483568474650383,0.0
1439,1,-0.5749292373657227,0.9812468886375427,0.02274848334491253,0.0
1439,2,-0.5023695826530457,0.8774067163467407,0.020223651081323624,0.0
1439,3,-0.5336667895317078,0.932068407535553,0.021483568474650383,0.0
1439,4,-0.565088152885437,0.9869470000267029,0.02274848334491253,0.0
1439,5,0.0,3.848750114440918,0.0,-2.936079978942871
1439,6,1.9542945623397827,2.8565847873687744,1.2634069919586182,-3.6582000255584717
1439,7,0.7764495611190796,0.628908097743988,2.174132823944092,6.6122002601623535
1442,0,-0.4982820153236389,0.9341827630996704,0.18174415826797485,1.2633600234985352
1442,1,-0.443901389837265,0.8959581851959229,0.15111930668354034,-8.717240333557129
1442,2,-0.37654855847358704,0.7998388409614563,0.035380564630031586,-8.527680397033691
1442,3,-0.3109113276004791,0.8260069489479065,0.061881937086582184,9.033080101013184
1442,4,1.295667290687561,2.021421194076538,0.04802680015563965,-0.3158400058746338
1442,5,1.3297921419143677,2.074660539627075,0.049291711300611496,-0.3158400058746338
1442,6,-1.395043134689331,0.8761699795722961,2.806478977203369,4.359600067138672
1442,7,0.013487177900969982,0.4494377374649048,0.0179952010512352,0.3600800037384033
1442,8,2.041414260864258,2.9839272499084473,1.319727897644043,-2.936079978942871
1445,0,-0.37780606746673584,0.8692567348480225,0.018958736211061478,5.053440093994141
1445,1,-0.3191237449645996,0.7547986507415771,0.0574580542743206,-0.3158400058746338
1445,2,-0.3442623019218445,0.8142569661140442,0.035380564630031586,0.3158400058746338
1447,0,2.2285265922546387,3.1885340213775635,1.3324648141860962,0.0
1450,0,0.4544259309768677,5.035537242889404,0.0,0.04619999974966049
1450,1,1.897128939628601,0.8949776291847229,1.0655282735824585,1.1648000478744507
1454,0,0.0,4.841500282287598,0.0,0.0
1463,0,-0.5091515183448792,0.8689823746681213,0.09088967740535736,0.3158400058746338
1463,1,-0.5004363656044006,0.874030351638794,0.09088967740535736,0.3158400058746338
1463,2,-0.49167123436927795,0.878990888595581,0.09088967740535736,0.3158400058746338
1463,3,-0.48363175988197327,0.8852819800376892,0.07072970271110535,0.3158400058746338
1463,4,-0.44434764981269836,0.8330662846565247,0.08520486950874329,0.3158400058746338
1463,5,-0.4747548997402191,0.8900739550590515,0.07072970271110535,0.3158400058746338
1463,6,0.020523499697446823,0.5128138661384583,0.0051324148662388325,0.4309200048446655
1469,0,3.1429688930511475,2.3932507038116455,1.6702152490615845,-4.672359943389893
1472,0,-1.4004125595092773,3.0535290241241455,1.1132510900497437,0.0
1472,1,0.0,5.898000240325928,0.0,0.0
1482,0,0.02554074302315712,0.31857794523239136,0.015993334352970123,0.2886800169944763
1482,1,0.0,0.6660000085830688,0.0,4.802560329437256
1487,0,1.2219291925430298,1.9930169582366943,0.0467618852853775,0.3158400058746338
1487,1,1.254982590675354,2.0469284057617188,0.04802680015563965,0.3158400058746338
1487,2,1.241797924041748,1.9806982278823853,0.0467618852853775,0.3158400058746338
1487,3,1.394239902496338,1.9529659748077393,0.09603439271450043,0.3158400058746338
1487,4,1.431820034980774,2.005605936050415,0.049291711300611496,0.3158400058746338
1487,5,1.376465916633606,1.8878591060638428,0.09350506216287613,0.3158400058746338
1487,6,1.4136996269226074,1.938926100730896,0.09603439271450043,0.3158400058746338
1487,7,1.451804280281067,1.991187572479248,0.049291711300611496,0.3158400058746338
1487,8,0.0,3.848750114440918,0.0,-2.936079978942871
1487,9,1.9542945623397827,2.8565847873687744,1.2634069919586182,-3.6582000255584717
1487,10,0.0,1.4720001220703125,0.0,0.0
1494,0,1.609705924987793,3.4192278385162354,1.4658082723617554,-0.0711200013756752
1494,1,0.0,4.125500202178955,0.0,4.235559940338135
1494,2,3.1429688930511475,2.3932507038116455,1.6702152490615845,-4.672359943389893
1499,0,-0.3847588300704956,0.7965112924575806,0.01769382134079933,-0.3158400058746338
1499,1,-0.39422571659088135,0.8595892786979675,0.06630582362413406,-0.3158400058746338
1499,2,1.3557177782058716,1.9816473722457886,0.04802680015563965,-0.3158400058746338
1501,0,-0.3763522803783417,0.8659117817878723,0.08520486950874329,-0.3158400058746338
1501,1,-0.34369412064552307,0.8129130601882935,0.061881937086582184,-0.3158400058746338
1501,2,1.306900143623352,1.719143033027649,0.0,-3.4070401191711426
1501,3,-0.09617814421653748,0.361542671918869,0.2727740406990051,-7.51632022857666
1501,4,-2.02006459236145,0.8559665679931641,1.6334789991378784,0.7394800186157227
1501,5,-0.640502393245697,4.237942695617676,0.1286206990480423,0.0
1507,0,-3.325072765350342,2.1350045204162598,0.0,-3.3591601848602295
1509,0,-0.5206632018089294,0.43925780057907104,0.08905865997076035,0.5020400285720825
1509,1,-0.10055803507566452,0.7691609263420105,0.5655789971351624,0.0008399999933317304
1511,0,0.6538711190223694,0.357887864112854,0.09745247662067413,-4.675159931182861
1511,1,1.1224949359893799,0.6740723848342896,0.2790756821632385,4.270840167999268
1514,0,2.639536142349243,2.5127546787261963,1.047940731048584,4.378360271453857
1517,0,-0.4366946220397949,0.838811993598938,0.06630582362413406,0.3158400058746338
1523,0,-1.373998999595642,1.845423936843872,2.7831380367279053,-4.9344401359558105
1523,1,-0.34162068367004395,0.7448866963386536,0.0574580542743206,-0.3158400058746338
1523,2,1.831674337387085,2.620725154876709,2.585596799850464,0.0
1526,0,-0.3911934196949005,0.7895739078521729,0.07952004671096802,0.3158400058746338
1526,1,-0.4120175242424011,0.85294109582901,0.037909891456365585,0.3158400058746338
1526,2,-0.4397709369659424,0.910395085811615,0.020223651081323624,0.3158400058746338
1529,0,-0.44579648971557617,0.835782527923584,0.037909891456365585,-0.3158400058746338
1529,1,-0.4724979102611542,0.8858425617218018,0.12105897068977356,-0.3158400058746338
1529,2,-0.4366946220397949,0.838811993598938,0.06630582362413406,-0.3158400058746338
1529,3,-0.4636160433292389,0.8905231356620789,0.12105897068977356,-0.3158400058746338
1529,4,-0.36733371019363403,0.8009526133537292,0.07952004671096802,-0.3158400058746338
1529,5,-0.39422571659088135,0.8595892786979675,0.06630582362413406,-0.3158400058746338
1529,6,-0.40146222710609436,0.92368483543396,0.09088967740535736,0.3158400058746338
1529,7,2.4268531799316406,3.259516954421997,0.0,-0.001120000029914081
1535,0,0.607166051864624,1.2569292783737183,0.2975243926048279,-4.673759937286377
1535,1,-0.3986291289329529,1.4403520822525024,0.1499498039484024,-4.936680316925049
1546,0,-1.076590895652771,0.7862721681594849,0.14724014699459076,-4.671800136566162
1551,0,0.046812888234853745,1.1696979999542236,1.9943097829818726,0.9909200072288513
1556,0,-0.4366946220397949,0.838811993598938,0.06630582362413406,-0.3158400058746338
1556,1,-0.4650842249393463,0.8933433294296265,0.09088967740535736,-0.3158400058746338
1556,2,-0.3918211758136749,0.7908409833908081,0.061881937086582184,-0.3158400058746338
1556,3,1.1406316757202148,4.66102933883667,0.8237065672874451,-4.839240074157715
1568,0,-3.1924614906311035,1.352748990058899,0.24310386180877686,0.0
1568,1,-3.255074977874756,1.1543571949005127,0.7723146677017212,0.0
1568,2,-0.9753188490867615,0.4482421278953552,0.04295854642987251,0.0
1568,3,-0.5426348447799683,0.9261292219161987,0.04295854642987251,0.0
1568,4,-0.33415487408638,0.7482656240463257,0.0574580542743206,0.0
1568,5,-0.3862477242946625,0.8649159669876099,0.037909891456365585,0.0
1568,6,-0.41201794147491455,0.9226226210594177,0.040439214557409286,0.0
1568,7,-0.32665562629699707,0.7515696883201599,0.0574580542743206,0.0
1568,8,-0.3518059253692627,0.8094355463981628,0.061881937086582184,0.0
1568,9,-0.37757939100265503,0.868735134601593,0.037909891456365585,0.0
1568,10,-0.09544097632169724,0.9512262940406799,2.3879971504211426,4.23360013961792
1568,11,-0.4263107180595398,2.6416664123535156,2.7005856037139893,7.973560333251953
1568,12,-1.9575756788253784,2.4207608699798584,2.7305121421813965,4.966360092163086
1579,0,0.0,5.37600040435791,0.0,0.0
1579,1,-0.32214775681495667,0.30059128999710083,0.288671612739563,-4.983160018920898
1579,2,0.020523499697446823,0.5128138661384583,0.0051324148662388325,0.4309200048446655
1589,0,-0.37654855847358704,0.7998388409614563,0.035380564630031586,0.0
1589,1,-0.3685314357280731,0.803564190864563,0.035380564630031586,0.0
1589,2,-0.3604775071144104,0.807209312915802,0.035380564630031586,0.0
1589,3,0.0,3.848750114440918,0.0,-2.936079978942871
1589,4,1.9542945623397827,2.8565847873687744,1.2634069919586182,-3.6582000255584717
1589,5,2.066425085067749,2.9566023349761963,0.8066312670707703,-8.050559997558594
1589,6,2.034541606903076,2.973881483078003,1.234198808670044,-4.597040176391602
1589,7,1.7358285188674927,2.6494386196136475,2.166956663131714,6.361040115356445
1589,8,1.784629225730896,2.665393590927124,2.593928575515747,-6.205359935760498
1593,0,-0.32665562629699707,0.7515696883201599,0.0574580542743206,0.3158400058746338
1593,1,-0.3258119225502014,0.8157274127006531,0.1059153825044632,3.158400058746338
1593,2,-0.3291419446468353,0.8744406700134277,0.1603848785161972,-6.790560245513916
1597,0,-0.36034655570983887,0.8766385316848755,0.018958736211061478,0.3158400058746338
1597,1,-0.3553648591041565,0.9441078901290894,0.07072970271110535,-0.3158400058746338
1599,0,0.013487177900969982,0.4494377374649048,0.0179952010512352,0.3600800037384033
1619,0,-1.6514675617218018,5.967187881469727,0.0,-5.78872013092041
1619,1,0.4147380292415619,0.9043153524398804,0.725384533405304,7.985880374908447
1619,2,-0.4774109423160553,2.95831298828125,2.0500755310058594,8.668240547180176
1619,3,-0.7370660305023193,0.329857736825943,0.6012265682220459,-0.08540000021457672
1623,0,-0.4056210517883301,0.7791252136230469,0.1059153825044632,-0.4737600088119507
1623,1,-0.3978096544742584,0.7831424474716187,0.1059153825044632,-0.4737600088119507
1623,2,-0.40146222710609436,0.92368483543396,0.09088967740535736,-0.3158400058746338
1623,3,-0.4264730215072632,0.9812296628952026,0.0965520367026329,-0.3158400058746338
1623,4,-0.3431434631347656,0.8116106390953064,0.07952004671096802,0.6316800117492676
1623,5,-0.36767446994781494,0.8696319460868835,0.08520486950874329,-0.3158400058746338
1623,6,-0.39220547676086426,0.9276531934738159,0.09088967740535736,-0.3158400058746338
1623,7,-0.4166395664215088,0.9854452610015869,0.0965520367026329,-0.3158400058746338
1623,8,-0.38290950655937195,0.9315288662910461,0.09088967740535736,-0.3158400058746338
1623,9,-0.4067644476890564,0.9895623922348022,0.0965520367026329,-0.3158400058746338
1623,10,0.0032143036369234324,0.3214196562767029,0.006429571192711592,0.21615999937057495
1623,11,-0.2769116163253784,0.5732505917549133,0.0703129991889,5.881400108337402
1623,12,-3.8390278816223145,1.9058506488800049,0.1286206990480423,0.0005600000149570405
1626,0,-0.469888836145401,0.8206779360771179,0.06630582362413406,-0.3158400058746338
1626,1,-0.4308570921421051,0.7702697515487671,0.061881937086582184,-0.3158400058746338
1626,2,-0.4616587162017822,0.825335681438446,0.06630582362413406,-0.3158400058746338
1626,3,-0.4224550426006317,0.7732987403869629,0.07952004671096802,-0.3158400058746338
1626,4,-0.4533824324607849,0.829910933971405,0.06630582362413406,-0.3158400058746338
1626,5,-0.41470104455947876,0.7774845957756042,0.07952004671096802,-0.3158400058746338
1626,6,-0.44506075978279114,0.8344032168388367,0.06630582362413406,-0.3158400058746338
1626,7,-1.9461581707000732,3.738220453262329,0.33787932991981506,-3.940160036087036
1626,8,-1.558724045753479,2.9940290451049805,0.372807115316391,-3.940160036087036
1626,9,1.9465687274932861,2.6144447326660156,2.4268531799316406,-0.001120000029914081
1626,10,0.020523499697446823,0.5128138661384583,0.0051324148662388325,0.4309200048446655
1626,11,-0.20633909106254578,0.39634034037590027,0.06296883523464203,-3.223360061645508
1626,12,-2.397688865661621,4.60552978515625,0.7847369909286499,-3.223360061645508
1626,13,-1.2873666286468506,2.4728002548217773,0.42134082317352295,-3.4384000301361084
1626,14,0.020523499697446823,0.5128138661384583,0.0051324148662388325,0.4309200048446655
1630,0,-0.3778162896633148,0.725717306137085,0.07383523136377335,-0.3158400058746338
1630,1,-0.4366946220397949,0.838811993598938,0.06630582362413406,-0.3158400058746338
1630,2,-0.36937057971954346,0.7271562814712524,0.09834358096122742,-0.3158400058746338
1630,3,-0.3911934196949005,0.7895739078521729,0.07952004671096802,-0.3158400058746338
1630,4,-0.419159471988678,0.8460198044776917,0.08520486950874329,-0.3158400058746338
1630,5,-0.3547545373439789,0.7343977689743042,0.09834358096122742,-0.3158400058746338
1630,6,-0.3832782506942749,0.7934463024139404,0.07952004671096802,-0.3158400058746338
1630,7,-1.6144472360610962,3.3421597480773926,0.3349548876285553,-0.3158400058746338
1632,0,-0.6389408111572266,0.8581641316413879,0.0965520367026329,0.0
1632,1,-0.5933613777160645,0.8138107061386108,0.09088967740535736,0.0
1632,2,-0.6303273439407349,0.8645104765892029,0.0965520367026329,0.0
1632,3,-0.5851937532424927,0.8197035789489746,0.09088967740535736,0.0
1632,4,-0.6216508150100708,0.8707704544067383,0.0965520367026329,0.0
1632,5,-0.534852921962738,0.781792402267456,0.037909891456365585,0.0
1632,6,-0.5695962905883789,0.8325766324996948,0.07072970271110535,0.0
1632,7,-0.22793155908584595,1.743431568145752,1.2819790840148926,0.0008399999933317304
1632,8,0.013487177900969982,0.4494377374649048,0.0179952010512352,0.3600800037384033
1632,9,2.041414260864258,2.9839272499084473,1.319727897644043,-2.936079978942871
1640,0,-0.4346185624599457,0.8348242044448853,0.11348717659711838,-7.264320373535156
1648,0,2.069857597351074,3.9758248329162598,0.08965902030467987,-3.156440019607544
1648,1,0.41518351435661316,0.7974929809570312,0.02698095329105854,-3.3714799880981445
1648,2,2.1727027893066406,3.1086623668670654,1.0496548414230347,6.018599987030029
1648,3,-2.444103479385376,3.1491925716400146,1.0604572296142578,8.242919921875
1648,4,0.0,3.8667938709259033,0.5449159145355225,7.121800422668457
1648,5,0.0,3.848750114440918,0.0,-2.936079978942871
1648,6,1.9542945623397827,2.8565847873687744,1.2634069919586182,-3.6582000255584717
1648,7,1.302796721458435,2.7673122882843018,0.3068879246711731,-2.293480157852173
1648,8,-1.0763460397720337,2.8595590591430664,0.3374585211277008,-2.2929201126098633
1648,9,2.6771228313446045,1.4652884006500244,0.36799532175064087,-2.292639970779419
1648,10,2.2980854511260986,2.0188169479370117,0.306912899017334,-2.293480157852173
1648,11,-1.8492498397827148,2.4325692653656006,0.3374859690666199,-2.2929201126098633
1655,0,-0.47498106956481934,0.9586886167526245,0.0965520367026329,-0.3158400058746338
1655,1,-0.43669572472572327,0.9040288329124451,0.12105897068977356,-0.3158400058746338
1655,2,0.013487177900969982,0.4494377374649048,0.0179952010512352,0.3600800037384033
1655,3,2.041414260864258,2.9839272499084473,1.319727897644043,-2.936079978942871
1660,0,-0.541778564453125,0.8452498912811279,0.12105897068977356,-0.3158400058746338
1660,1,-0.5755308866500854,0.8979082703590393,0.1286008507013321,-0.3158400058746338
1660,2,-0.49994325637817383,0.7974218130111694,0.11348717659711838,-2.368800163269043
1660,3,-0.5349880456924438,0.8533191084861755,0.09088967740535736,-0.3158400058746338
1660,4,-0.5665232539176941,0.9036185145378113,0.1286008507013321,-0.3158400058746338
1660,5,-0.5974395275115967,0.9529308080673218,0.16998587548732758,-0.3158400058746338
1660,6,-0.459121972322464,0.7488468885421753,0.1059153825044632,2.052960157394409
1663,0,0.0,3.52307391166687,0.03523191437125206,-3.225600004196167
1663,1,-1.7210570573806763,4.070683002471924,2.649214029312134,4.620560169219971
1669,0,-0.44434764981269836,0.8330662846565247,0.08520486950874329,-0.3158400058746338
1669,1,-0.4006110429763794,0.7886573672294617,0.01769382134079933,-0.3158400058746338
1679,0,-0.5023695826530457,0.8774067163467407,0.020223651081323624,-0.3158400058746338
1692,0,-0.46725207567214966,0.6978540420532227,0.2783127725124359,2.842560052871704
1692,1,-0.4931531846523285,0.752712070941925,0.2982091009616852,8.685600280761719
1695,0,-2.5212278366088867,3.248566150665283,0.12340149283409119,-6.614720344543457
1695,1,2.2207820415496826,3.1774532794952393,1.371298909187317,0.0
1699,0,1.3306934833526611,1.9874279499053955,0.2158433496952057,0.3158400058746338
1699,1,1.3505008220672607,1.9740217924118042,0.2158433496952057,0.3158400058746338
1699,2,1.3914241790771484,2.033839225769043,0.049291711300611496,0.3158400058746338
1699,3,1.3701732158660889,1.9604181051254272,0.2158433496952057,0.3158400058746338
1706,0,0.0,0.4375000298023224,0.0,1.0617600679397583
1706,1,0.0,5.777250289916992,0.0,0.0
1706,2,0.02554074302315712,0.31857794523239136,0.015993334352970123,0.2886800169944763
1706,3,0.0,0.6660000085830688,0.0,4.802560329437256
1717,0,-2.5129172801971436,3.2378580570220947,0.36987268924713135,-8.160039901733398
1717,1,2.204627752304077,3.1543397903442383,1.4485515356063843,0.0
1722,0,1.3200112581253052,1.929455280303955,0.0467618852853775,-0.3158400058746338
1722,1,1.3557177782058716,1.9816473722457886,0.04802680015563965,-0.3158400058746338
1733,0,1.3158165216445923,2.008363723754883,0.04802680015563965,0.3158400058746338
1733,1,1.3200112581253052,1.929455280303955,0.0467618852853775,0.3158400058746338
1733,2,1.3557177782058716,1.9816473722457886,0.04802680015563965,0.3158400058746338
1735,0,0.0032143036369234324,0.3214196562767029,0.006429571192711592,0.21615999937057495
1738,0,1.3006476163864136,0.798859715461731,1.1364630460739136,-7.367640018463135
1749,0,0.3305932581424713,0.30234435200691223,0.0,-3.0673999786376953
1749,1,0.3305932581424713,0.30234435200691223,0.0,-1.7771600484848022
1749,2,3.22314715385437,5.762218475341797,1.6858725547790527,7.184520244598389
1759,0,1.1290534734725952,0.7249568700790405,0.8983839750289917,7.631960391998291
1773,0,-0.44606414437294006,0.836284339427948,0.018958736211061478,-0.3158400058746338
1773,1,-0.4485834240913391,0.9054083228111267,0.040439214557409286,-0.3158400058746338
1776,0,-0.4747548997402191,0.8900739550590515,0.07072970271110535,0.3158400058746338
1776,1,-0.41983214020729065,0.8473775386810303,0.06630582362413406,0.3158400058746338
1776,2,-0.36792320013046265,0.8022379875183105,0.061881937086582184,0.3158400058746338
1776,3,-0.3104422688484192,0.7142659425735474,1.9453970193862915,0.6624799966812134
1787,0,-2.79500675201416,4.174420356750488,0.2010563760995865,-4.669280052185059
1790,0,-2.79500675201416,4.174420356750488,0.2010563760995865,-4.669280052185059
1790,1,-0.8483737707138062,1.41530179977417,0.49240973591804504,-4.826920032501221
1793,0,-2.275733709335327,4.068469047546387,1.544836401939392,-6.135080337524414
1795,0,0.0,3.049365520477295,1.9545472860336304,4.337759971618652
1798,0,-0.44579648971557617,0.835782527923584,0.037909891456365585,0.3158400058746338
1798,1,-0.3911934196949005,0.7895739078521729,0.07952004671096802,0.3158400058746338
1798,2,1.2948898077011108,2.0202081203460693,0.09603439271450043,0.3158400058746338
1798,3,1.315026879310608,2.0071585178375244,0.09603439271450043,0.3158400058746338
1803,0,-0.500552773475647,3.31195330619812,1.9178332090377808,4.338320255279541
1814,0,-0.43716666102409363,0.7293044328689575,0.24450568854808807,-5.053440093994141
1814,1,-0.47386422753334045,0.8087565898895264,0.14166735112667084,-5.053440093994141
1816,0,0.0,3.7120001316070557,0.0,0.0
1824,0,-0.368712842464447,2.8202569484710693,2.073789596557617,0.0008399999933317304
1824,1,0.0,3.891000270843506,0.0,0.0
1824,2,-2.23691987991333,2.7662010192871094,1.4209036827087402,-1.935360074043274
1824,3,0.0,3.848750114440918,0.0,-2.936079978942871
1824,4,1.9542945623397827,2.8565847873687744,1.2634069919586182,-3.6582000255584717
1824,5,0.020523499697446823,0.5128138661384583,0.0051324148662388325,0.4309200048446655
1839,0,0.4303395450115204,0.8471819758415222,0.44734296202659607,-4.8347601890563965
1877,0,-1.6703195571899414,5.214412212371826,0.7158397436141968,8.08135986328125
1877,1,0.02554074302315712,0.31857794523239136,0.015993334352970123,0.2886800169944763
1877,2,0.0,0.6660000085830688,0.0,4.802560329437256
1888,0,0.0,2.432694673538208,0.1950318068265915,-8.028160095214844
1888,1,0.0,4.215619087219238,0.38043344020843506,-8.31488037109375
1888,2,0.0,4.020563125610352,0.4034018814563751,-8.31488037109375
1888,3,0.3239348232746124,0.36197173595428467,0.1718292385339737,-5.037199974060059
1888,4,-0.8934738636016846,4.1919097900390625,0.1286206990480423,0.0
1888,5,0.6675524711608887,5.536210060119629,1.0724352598190308,4.404680252075195
1888,6,0.007694486994296312,0.3846730589866638,0.0,0.28700000047683716
1895,0,0.4702903628349304,3.900256633758545,0.755530059337616,4.404680252075195
1897,0,-0.4041278660297394,0.8366082310676575,0.1883385181427002,-0.3158400058746338
1897,1,-2.525186538696289,2.937873601913452,1.414110541343689,-4.943960189819336
1897,2,0.07723663747310638,1.1015777587890625,1.4205145835876465,4.638200283050537
1900,0,-1.460717797279358,0.761944591999054,0.0,-1.8841201066970825
1900,1,-0.4924602508544922,0.8804014921188354,0.07072970271110535,0.3158400058746338
1900,2,-0.4533824324607849,0.829910933971405,0.06630582362413406,-0.3158400058746338
1900,3,-0.48363175988197327,0.8852819800376892,0.07072970271110535,0.3158400058746338
1900,4,-0.5137616395950317,0.9404343962669373,0.07513611018657684,0.3158400058746338
1900,5,-0.41470104455947876,0.7774845957756042,0.07952004671096802,-0.4737600088119507
1900,6,-0.44506075978279114,0.8344032168388367,0.06630582362413406,-0.3158400058746338
1900,7,-0.4747548997402191,0.8900739550590515,0.07072970271110535,0.3158400058746338
1900,8,-1.0315786600112915,1.9814773797988892,0.20159757137298584,-2.942239999771118
1903,0,0.7093744874000549,0.7463552951812744,0.27391934394836426,-4.799479961395264
1903,1,0.020523499697446823,0.5128138661384583,0.0051324148662388325,0.4309200048446655
1906,0,0.020523499697446823,0.5128138661384583,0.0051324148662388325,0.4309200048446655
1909,0,0.41587987542152405,0.6937927603721619,0.09753552079200745,-0.42924001812934875
1909,1,1.7476900815963745,3.9135637283325195,0.1286206990480423,0.0002800000074785203
1912,0,-1.1262376308441162,0.545141339302063,0.10031291842460632,0.6622000336647034
1917,0,-0.36733371019363403,0.8009526133537292,0.07952004671096802,0.3158400058746338
1917,1,-0.39235153794288635,0.8555027842521667,0.11348717659711838,-0.3158400058746338
1917,2,-0.41682690382003784,0.9088701009750366,0.15111930668354034,-0.3158400058746338
13,0,1.2435455322265625,1.6358041763305664,1.4981952905654907,-4.4973602294921875
15,0,-3.75064754486084,5.982375144958496,1.431313157081604,-0.3158400058746338
15,1,0.0,3.8032500743865967,0.0,-4.698960304260254
15,2,1.7058894634246826,2.339672088623047,2.643882989883423,-6.39240026473999
15,3,1.517232060432434,2.125246047973633,2.688650608062744,-1.5232000350952148
15,4,0.013487177900969982,0.4494377374649048,0.0179952010512352,0.3600800037384033
15,5,2.041414260864258,2.9839272499084473,1.319727897644043,-2.936079978942871
25,0,-1.5304286479949951,3.521212339401245,1.2723431587219238,-0.3158400058746338
27,0,-1.4241195917129517,3.5655338764190674,1.2723431587219238,-1.421280026435852
33,0,-2.564887762069702,1.3054460287094116,2.098386526107788,-2.9212400913238525
36,0,-0.41340911388397217,1.0057272911071777,0.043518394231796265,3.8021202087402344
36,1,-0.48634693026542664,1.183167815208435,0.051196347922086716,6.095880031585693
36,2,-0.3647838830947876,0.8874335289001465,0.03839975968003273,6.5259599685668945
36,3,-0.4385581314563751,1.2014353275299072,0.051186349242925644,-6.448400020599365
36,4,-0.5349721312522888,1.3014615774154663,0.05631498247385025,5.379080295562744
36,5,-0.5490177273750305,1.2294031381607056,0.05388563126325607,5.594399929046631
39,0,-3.717719793319702,5.929854393005371,1.4187473058700562,-0.3158400058746338
39,1,-1.2959414720535278,3.5502474308013916,1.2524467706680298,-1.1054400205612183
39,2,-1.2635157108306885,3.6888294219970703,1.2921608686447144,-2.052960157394409
47,0,2.024616241455078,4.53367805480957,2.099256992340088,4.219880104064941
49,0,2.024616241455078,4.53367805480957,2.099256992340088,4.219880104064941
51,0,0.9046934843063354,2.730001211166382,0.0,-7.677600383758545
51,1,0.8885079026222229,3.97330379486084,0.08143957704305649,7.457240104675293
54,0,0.0,3.936500072479248,0.0,-7.059360027313232
57,0,1.5483520030975342,2.123605251312256,2.932032346725464,0.7291200160980225
61,0,-3.869536876678467,5.9061713218688965,1.431313157081604,-0.6316800117492676
61,1,-2.1265676021575928,3.801795721054077,2.104254722595215,5.250279903411865
65,0,0.25479963421821594,2.3070101737976074,1.6222175359725952,6.083000183105469
67,0,-3.963294267654419,5.919290542602539,1.0766270160675049,-0.3158400058746338
67,1,-3.7507386207580566,5.982520580291748,1.067175030708313,-0.3158400058746338
67,2,-0.05547574907541275,0.923486053943634,0.20688170194625854,-0.7896000146865845
67,3,-0.03699616342782974,0.9244107604026794,0.20688170194625854,-0.7896000146865845
67,4,-0.02775035984814167,0.9247345328330994,0.20688170194625854,-0.7896000146865845
67,5,-0.029389970004558563,0.9793717861175537,0.2501872777938843,0.3158400058746338
67,6,-0.01726735383272171,0.8632526397705078,0.1930786669254303,0.3158400058746338
67,7,0.0032143036369234324,0.3214196562767029,0.006429571192711592,0.21615999937057495
72,0,-0.9797332286834717,1.4632588624954224,0.2841838598251343,-4.793879985809326
74,0,0.0032143036369234324,0.3214196562767029,0.006429571192711592,0.21615999937057495
77,0,-3.6166017055511475,5.898827075958252,1.7667735815048218,-0.3158400058746338
77,1,-3.6560070514678955,5.831421375274658,2.129075288772583,-0.3158400058746338
79,0,3.2723169326782227,1.3100277185440063,2.4114465713500977,-8.08612060546875
84,0,0.024621592834591866,0.8204735517501831,0.032851241528987885,1.421280026435852
84,1,3.4050891399383545,5.8115553855896,1.7198905944824219,-1.421280026435852
86,0,-1.0428158044815063,0.41747716069221497,1.203831672668457,4.121880054473877
89,0,-3.9741270542144775,5.808966159820557,1.208173394203186,0.3158400058746338
89,1,-1.9126709699630737,3.119645595550537,1.2126541137695312,1.2633600234985352
92,0,0.060989897698163986,0.8698607087135315,0.1496840864419937,0.3158400058746338
97,0,-1.972482681274414,3.0106496810913086,1.1927578449249268,-3.158400058746338
97,1,-2.005385637283325,3.060870409011841,1.2126541137695312,-3.158400058746338
97,2,-1.9440525770187378,3.170830011367798,1.2325503826141357,-2.6846401691436768
100,0,0.0,3.850750207901001,0.0,-0.9693600535392761
100,1,1.5211206674575806,2.086256980895996,2.8804657459259033,-5.8713202476501465
103,0,-0.5716681480407715,3.542384624481201,1.9602513313293457,2.8848400115966797
106,0,-0.07501790672540665,0.9357225894927979,0.1322868913412094,0.0
109,0,0.02554074302315712,0.31857794523239136,0.015993334352970123,0.2886800169944763
109,1,0.0,0.6659666895866394,0.006659889128059149,4.802560329437256
109,2,0.0,2.293750047683716,0.0,0.7168000340461731
109,3,-2.9634296894073486,2.9955978393554688,0.337819367647171,-5.3947601318359375
109,4,0.23877713084220886,0.5808886885643005,1.4033745527267456,-8.691760063171387
109,5,-0.34157416224479675,0.44011345505714417,1.1809362173080444,-0.9506000280380249
109,6,-1.5257233381271362,2.1371397972106934,2.6501505374908447,8.367799758911133
109,7,0.02554074302315712,0.31857794523239136,0.015993334352970123,0.2886800169944763
109,8,0.0,0.6659666895866394,0.006659889128059149,4.802560329437256
113,0,0.012295293621718884,1.2294883728027344,0.3139556348323822,-2.231600046157837
113,1,-1.9838868379592896,1.4795477390289307,0.8476965427398682,-4.730319976806641
116,0,-1.2829707860946655,3.745628595352173,1.3120571374893188,-1.579200029373169
116,1,-1.2077531814575195,3.6445138454437256,1.2723431587219238,-1.579200029373169
116,2,-1.226564884185791,3.701280117034912,1.2921608686447144,-1.579200029373169
120,0,-0.723233699798584,0.35007229447364807,1.6185275316238403,4.438839912414551
120,1,-1.4324172735214233,2.284740924835205,2.09287428855896,-4.893280029296875
120,2,2.559622049331665,3.4378392696380615,0.1286206990480423,0.0002800000074785203
120,3,0.5091850757598877,0.38772493600845337,0.0,0.0
120,4,0.3224859833717346,1.3177931308746338,0.9891741275787354,4.616080284118652
120,5,2.858250141143799,3.1938703060150146,0.1286206990480423,0.0002800000074785203
124,0,-2.8467748165130615,1.9930410385131836,2.4288148880004883,7.233240127563477
124,1,-0.26582756638526917,0.5796236395835876,0.45524102449417114,-4.151279926300049
128,0,0.0,0.4852500259876251,0.0,0.8492400050163269
128,1,0.0,0.4437500238418579,0.0,0.8492400050163269
128,2,0.0,0.3477500081062317,0.0,0.8492400050163269
131,0,0.0,4.087250232696533,0.0,6.226360321044922
131,1,-2.210359573364258,2.6781327724456787,2.1770668029785156,-1.9944400787353516
133,0,0.0,3.970250129699707,0.0,-0.26068001985549927
135,0,-0.5900137424468994,1.1333104372024536,0.07675392925739288,-5.802160263061523
135,1,-0.611437976360321,1.265772819519043,0.0844443142414093,6.096440315246582
135,2,-0.5737693905830383,1.284829020500183,0.05631498247385025,-5.587680339813232
135,3,-0.5737693905830383,1.284829020500183,0.05631498247385025,-0.8568000197410583
135,4,0.34197282791137695,0.7263954281806946,1.7018777132034302,-4.779320240020752
135,5,2.8253917694091797,3.9576358795166016,1.8303288221359253,4.393199920654297
138,0,-2.7286763191223145,1.830149531364441,0.06572061777114868,0.0
138,1,-2.6915299892425537,1.8843532800674438,0.06572061777114868,0.0
138,2,-2.6533071994781494,1.9378033876419067,0.06572061777114868,0.0
138,3,-2.6337969303131104,1.964239239692688,0.06572061777114868,0.0
138,4,0.03046765737235546,1.0152839422225952,0.08143307268619537,-0.591920018196106
138,5,0.006638857536017895,0.33189865946769714,0.19450396299362183,0.28700000047683716
138,6,0.09704580903053284,2.424851179122925,0.17015348374843597,0.35840001702308655
141,0,3.9732675552368164,3.561448812484741,1.3624536991119385,0.8778000473976135
141,1,-0.7097870111465454,2.9004437923431396,0.5742726922035217,8.619239807128906
147,0,-3.642674207687378,5.941352367401123,1.5584323406219482,-0.3158400058746338
147,1,-1.8156980276107788,3.246035099029541,1.2325503826141357,-1.7371200323104858
147,2,-1.8450077772140503,3.298434019088745,1.2524467706680298,-1.7371200323104858
147,3,0.14007657766342163,0.9268295764923096,0.14166735112667084,0.3158400058746338
154,0,-2.5436925888061523,1.4931150674819946,0.23646757006645203,-2.7252399921417236
154,1,-1.9989244937896729,2.471893072128296,2.1748616695404053,3.2278401851654053
156,0,-3.885432004928589,5.930432319641113,0.8548948168754578,-0.3158400058746338
156,1,2.145158052444458,3.0048062801361084,1.1826361417770386,-6.926080226898193
156,2,-1.6132794618606567,2.036315679550171,2.8983373641967773,-5.20688009262085
156,3,0.0,3.848750114440918,0.0,-2.936079978942871
156,4,1.9542945623397827,2.8565847873687744,1.2634069919586182,-3.6582000255584717
159,0,0.0,3.932000160217285,0.0,4.346720218658447
159,1,1.8366321325302124,2.518989086151123,2.4698164463043213,3.1948001384735107
161,0,1.9465687274932861,2.6144447326660156,2.4268531799316406,-1.1547200679779053
164,0,0.8801817893981934,1.6501713991165161,2.4058151245117188,-7.438760280609131
164,1,-1.2256114482879639,4.1071014404296875,0.1286206990480423,0.0
170,0,-0.8233085870742798,1.3734867572784424,1.5219998359680176,4.2657999992370605
170,1,-3.366450071334839,2.45863676071167,2.4988293647766113,4.27616024017334
170,2,0.09620281308889389,0.4108714163303375,0.8500180840492249,4.430160045623779
173,0,-1.745239496231079,3.3522915840148926,1.2524467706680298,-0.3158400058746338
173,1,0.007694486994296312,0.3846730589866638,0.0,0.28700000047683716
173,2,0.0,0.9600000381469727,0.0,0.0
173,3,0.06539089232683182,0.6517277956008911,0.0,2.569000005722046
173,4,0.08196961879730225,0.8169621229171753,0.526276171207428,2.569000005722046
176,0,-1.7786744832992554,3.334671974182129,1.2524467706680298,-2.368800163269043
176,1,0.029981430619955063,0.7491360306739807,0.11331146955490112,-0.3158400058746338
176,2,0.03735041618347168,0.7463857531547546,0.12828251719474792,-0.3158400058746338
176,3,0.040858954191207886,0.6801652312278748,0.13812485337257385,-0.3158400058746338
176,4,0.04456138610839844,0.7417983412742615,0.15064102411270142,-0.3158400058746338
176,5,0.048278506845235825,0.8036759495735168,0.16320686042308807,-0.3158400058746338
176,6,1.2723649740219116,3.8394863605499268,0.28360074758529663,4.43828010559082
176,7,-1.8471087217330933,2.2380077838897705,0.4981151521205902,4.588079929351807
176,8,-0.981940507888794,0.8626129627227783,1.035494089126587,-4.878159999847412
182,0,-3.9219858646392822,5.857595443725586,0.6361603736877441,-0.3158400058746338
182,1,-3.969935178756714,5.929209232330322,0.2855738401412964,-0.4737600088119507
182,2,-1.4825642108917236,3.411085844039917,1.2325503826141357,2.368800163269043
182,3,0.0032143036369234324,0.3214196562767029,0.006429571192711592,0.21615999937057495
185,0,0.8408963680267334,0.9026401042938232,0.42255207896232605,4.413360118865967
187,0,0.5953456163406372,0.3181596100330353,1.6861501932144165,-4.902520179748535
187,1,0.02554074302315712,0.31857794523239136,0.015993334352970123,0.2886800169944763
189,0,1.1054656505584717,3.335850954055786,0.0,-0.5138000249862671
189,1,1.0437318086624146,3.1495633125305176,0.0,6.368040084838867
193,0,-1.5586415529251099,3.310760498046875,1.2126541137695312,-0.6316800117492676
193,1,-1.584214448928833,3.3650805950164795,1.2325503826141357,-2.2108800411224365
193,2,-1.5410820245742798,3.450911045074463,1.2524467706680298,-3.0004801750183105
197,0,-1.4951406717300415,3.5363402366638184,1.2723431587219238,-2.052960157394409
200,0,-0.051931001245975494,0.3972163796424866,0.4653153419494629,0.15876001119613647
203,0,-1.720779538154602,2.7446858882904053,1.0735371112823486,4.105920314788818
203,1,-1.575513482093811,3.4353277683258057,1.2524467706680298,-1.421280026435852
203,2,-1.5304286479949951,3.521212339401245,1.2723431587219238,-1.579200029373169
206,0,-0.3883071541786194,0.31452077627182007,0.37205278873443604,2.840320110321045
208,0,-1.5504848957061768,3.380753993988037,1.2325503826141357,-2.842560052871704
208,1,-1.5410820245742798,3.450911045074463,1.2524467706680298,-2.842560052871704
208,2,-1.5304286479949951,3.521212339401245,1.2723431587219238,-2.842560052871704
208,3,-0.35269448161125183,2.502765655517578,0.05055662989616394,-3.3163201808929443
208,4,0.20209795236587524,2.8823964595794678,0.9575406312942505,-0.18592000007629395
211,0,-0.41331416368484497,1.0054962635040283,0.04350839555263519,-6.2330803871154785
211,1,1.3575083017349243,0.6075230240821838,0.0,-8.226400375366211
211,2,1.7511407136917114,1.3059697151184082,1.5927529335021973,1.019760012626648
218,0,0.1255035400390625,0.8304056525230408,0.2783127725124359,0.3158400058746338
218,1,0.1338011920452118,0.8291091322898865,0.2783127725124359,-5.685120105743408
218,2,0.13615018129348755,0.900850236415863,0.261985182762146,-0.3158400058746338
221,0,-0.5520579218864441,1.142846703529358,0.16593171656131744,-7.164360046386719
221,1,1.8551162481307983,2.5985333919525146,2.0918073654174805,5.373760223388672
224,0,0.0,0.9752500653266907,0.0,0.6451200246810913
224,1,-1.556139588356018,2.4820809364318848,2.0914361476898193,7.8542799949646
234,0,0.07244884222745895,0.6559672355651855,0.21870240569114685,0.0
234,1,0.07901379466056824,0.7154077291488647,0.23852010071277618,0.0
234,2,0.07900478690862656,0.655210018157959,0.21870240569114685,0.0
234,3,0.08616379648447037,0.7145817875862122,0.23852010071277618,0.0
234,4,0.08555282652378082,0.6543871760368347,0.21870240569114685,0.0
234,5,0.09330519288778305,0.7136844396591187,0.23852010071277618,0.0
234,6,0.09862258285284042,0.6525453925132751,0.21870240569114685,0.0
234,7,0.02554074302315712,0.31857794523239136,0.015993334352970123,0.2886800169944763
234,8,0.0,0.6660000085830688,0.0,4.802560329437256
234,9,0.0,2.293750047683716,0.0,0.7168000340461731
240,0,0.16293056309223175,0.37487083673477173,0.27963918447494507,-6.238960266113281
243,0,0.0,1.377000093460083,0.0,-8.028160095214844
245,0,0.7810122966766357,1.0939942598342896,0.053795650601387024,-4.835599899291992
253,0,-1.8156980276107788,3.246035099029541,1.2325503826141357,-1.7371200323104858
253,1,-1.8450077772140503,3.298434019088745,1.2524467706680298,-1.7371200323104858
253,2,-1.7543632984161377,3.2113404273986816,1.2126541137695312,-1.7371200323104858
253,3,0.07901379466056824,0.7154077291488647,0.23852010071277618,0.3158400058746338
253,4,0.09335121512413025,0.7741891741752625,0.25841644406318665,0.3158400058746338
255,0,0.009477946907281876,0.9477630853652954,0.018958736211061478,0.0
255,1,0.013487177900969982,0.4494377374649048,0.0179952010512352,0.3600800037384033
255,2,2.041414260864258,2.9839272499084473,1.319727897644043,-2.936079978942871
255,3,0.0,3.909250259399414,0.0,8.528240203857422
255,4,1.691372275352478,2.3197615146636963,2.7286458015441895,2.7322399616241455
258,0,-2.2434215545654297,2.7742409706115723,2.0427985191345215,6.67464017868042
260,0,-1.2364988327026367,1.8872991800308228,1.5769609212875366,-4.8510003089904785
260,1,-0.18025393784046173,0.30764415860176086,0.44021114706993103,-4.898320198059082
270,0,-1.382423996925354,3.672725200653076,1.2139232158660889,-2.052960157394409
270,1,-1.374527096748352,3.765533924102783,1.152679443359375,-1.7371200323104858
270,2,2.4327330589294434,3.7131412029266357,1.4710705280303955,-4.737600326538086
275,0,-1.9122473001480103,3.1901116371154785,1.2325503826141357,-2.6846401691436768
275,1,3.747446060180664,5.596915245056152,1.7198905944824219,-3.948000192642212
275,2,3.8088035583496094,5.688554763793945,1.5308809280395508,-3.948000192642212
275,3,3.8430094718933105,5.739642143249512,1.5446293354034424,-3.948000192642212
277,0,-3.2799110412597656,5.863698959350586,2.2265021800994873,0.0
277,1,-3.015718460083008,5.93685245513916,2.2066845893859863,0.0
277,2,0.04139016568660736,0.6890081167221069,0.0832299143075943,0.0
277,3,0.04808172956109047,0.6857596039772034,0.103896863758564,0.0
277,4,0.05475977063179016,0.6830363273620605,0.11762402951717377,0.0
277,5,0.060159552842378616,0.7503895163536072,0.09077178686857224,0.0
277,6,0.0,4.480000019073486,0.0,0.0
277,7,-2.5856192111968994,1.1883124113082886,1.9888527393341064,5.1996002197265625
277,8,0.8743482232093811,1.103621006011963,0.0,0.7459200024604797
277,9,0.0,4.480000019073486,0.0,0.0
277,10,-2.5856192111968994,1.1883124113082886,1.9888527393341064,5.1996002197265625
281,0,1.2158738374710083,0.7137024402618408,0.04230865463614464,-2.5076801776885986
281,1,3.6435275077819824,2.1387040615081787,0.12678349018096924,-2.7943999767303467
281,2,0.5536175966262817,0.3249664604663849,0.0321241095662117,-2.7943999767303467
281,3,0.9490898251533508,0.5571036338806152,0.06611032038927078,-2.7943999767303467
281,4,0.9357488751411438,2.1529722213745117,1.7478418350219727,-6.933640003204346
284,0,1.7225775718688965,2.4128811359405518,1.7771109342575073,0.04032000154256821
286,0,0.0,3.911250114440918,0.0,1.362760066986084
288,0,-1.04527747631073,3.7768630981445312,2.511852264404297,-1.3599600791931152
291,0,-3.8259341716766357,5.968989372253418,0.8548948168754578,-0.3158400058746338
317,0,0.0,4.590750217437744,0.0,1.6486400365829468
319,0,0.42895644903182983,1.679929494857788,2.7002806663513184,6.790280342102051
319,1,0.0032143036369234324,0.3214196562767029,0.006429571192711592,0.21615999937057495
319,2,0.0,1.4104294776916504,0.01410476490855217,-2.5088000297546387
322,0,-0.03136374056339264,3.1362695693969727,1.8800667524337769,4.215120315551758
329,0,2.543015718460083,3.6384990215301514,1.4710705280303955,-4.895520210266113
332,0,3.704745054244995,5.533140182495117,2.2066845893859863,-1.579200029373169
332,1,3.834162473678589,5.370660305023193,2.1867880821228027,-1.579200029373169
334,0,0.0,5.677500247955322,0.0,4.945919990539551
334,1,-0.9102466106414795,0.752478837966919,1.1683229207992554,-6.112400054931641
336,0,0.024364609271287918,0.8119100332260132,0.12276343256235123,-0.3158400058746338
339,0,0.4211446940898895,1.798661708831787,0.5112574696540833,4.39739990234375
343,0,-0.017143763601779938,0.8570739030838013,0.21889066696166992,0.3158400058746338
343,1,-0.008016864769160748,0.8016597032546997,0.17927564680576324,0.3158400058746338
343,2,-0.008572310209274292,0.8572024703025818,0.21889066696166992,0.3158400058746338
343,3,-0.009251353330910206,0.925104558467865,0.20688170194625854,0.3158400058746338
343,4,0.6901105046272278,0.786838173866272,0.7630897760391235,-2.672880172729492
343,5,2.3296585083007812,3.6345913410186768,2.953503370285034,-8.734320640563965
343,6,0.020523499697446823,0.5128138661384583,0.0051324148662388325,0.4309200048446655
346,0,0.0,4.105500221252441,0.0,6.237560272216797
350,0,3.4482483863830566,4.933689117431641,0.6039422750473022,4.445280075073242
352,0,0.02219589799642563,0.7396413087844849,0.1654726266860962,0.0
352,1,1.4544438123703003,0.9545620083808899,0.5765218734741211,0.0
352,2,-1.2357300519943237,0.39692363142967224,0.9071356058120728,-4.277560234069824
356,0,-2.542308807373047,3.1438486576080322,0.7775793075561523,-5.876359939575195
362,0,-3.7666587829589844,3.1138055324554443,1.1442762613296509,-3.137120008468628
362,1,0.007694486994296312,0.3846730589866638,0.0,0.28700000047683716
362,2,0.06640921533107758,1.6593447923660278,0.11643736064434052,0.35840001702308655
362,3,0.0,0.3840000033378601,0.0,0.0
362,4,-0.17403358221054077,4.348519325256348,0.0,0.0008399999933317304
362,5,0.06539089232683182,0.6517277956008911,0.0,2.569000005722046
362,6,0.173415869474411,1.7283743619918823,1.1133958101272583,2.569000005722046
371,0,-1.8498996496200562,3.1572725772857666,1.2126541137695312,-1.1054400205612183
371,1,-1.8802512884140015,3.2090744972229004,1.2325503826141357,-1.2633600234985352
371,2,-1.9106031656265259,3.2608766555786133,1.2524467706680298,-1.2633600234985352
373,0,-0.34140127897262573,5.683191776275635,0.1708543598651886,0.04844000190496445
373,1,0.0,0.8320000171661377,0.0,0.0
373,2,-2.4410905838012695,2.898164987564087,2.6483662128448486,1.2264000177383423
376,0,0.020523499697446823,0.5128138661384583,0.0051324148662388325,0.4309200048446655
379,0,-1.881379246711731,3.138615846633911,1.2126541137695312,-0.9475200176239014
379,1,-1.8802512884140015,3.2090744972229004,1.2325503826141357,-1.579200029373169
379,2,-1.8450077772140503,3.298434019088745,1.2524467706680298,-1.579200029373169
381,0,-1.881379246711731,3.138615846633911,1.2126541137695312,-2.842560052871704
381,1,0.0,0.9373550415039062,0.14166735112667084,0.3158400058746338
381,2,0.017622210085392,0.8809930682182312,0.07952004671096802,0.3158400058746338
381,3,0.032824959605932236,0.8201863169670105,0.032851241528987885,7.106400012969971
384,0,2.015981435775757,2.8844282627105713,1.9224965572357178,0.943880021572113
387,0,0.008837603963911533,0.8837310075759888,0.744393527507782,4.363800048828125
387,1,-1.6739979982376099,1.1970958709716797,0.22729597985744476,4.298280239105225
390,0,0.0,3.907750129699707,0.0,0.033320002257823944
392,0,0.0,0.7197578549385071,0.23852010071277618,-0.3158400058746338
392,1,0.0,0.7895070910453796,0.22702619433403015,0.3158400058746338
392,2,0.0,0.8671140074729919,0.17577269673347473,-0.7896000146865845
395,0,0.18259982764720917,1.0034637451171875,2.054508924484253,4.122440338134766
395,1,-0.1357366442680359,3.391606092453003,0.06789547204971313,-2.942239999771118
395,2,-3.411574125289917,4.218791961669922,0.43497568368911743,-2.952040195465088
395,3,0.03596608713269234,0.448616623878479,0.03608148545026779,-3.4344801902770996
401,0,-3.793656826019287,5.545173168182373,2.2265021800994873,-0.3158400058746338
401,1,-3.8259341716766357,5.968989372253418,0.8548948168754578,-0.3158400058746338
401,2,-1.35731041431427,3.3982651233673096,1.2126541137695312,-1.1054400205612183
401,3,-0.36833611130714417,2.6137607097625732,0.8747309446334839,0.3158400058746338
403,0,-0.008634109050035477,0.8633821606636047,0.1930786669254303,0.3158400058746338
403,1,0.0,0.8671140074729919,0.17577269673347473,0.3158400058746338
403,2,0.008670995011925697,0.8670706152915955,0.17577269673347473,0.3158400058746338
405,0,1.9465687274932861,2.6144447326660156,2.4268531799316406,-0.003640000009909272
421,0,-1.719642162322998,2.868797540664673,0.6780087351799011,2.2108800411224365
423,0,0.7219334840774536,1.7075332403182983,2.197445869445801,-4.845680236816406
428,0,-1.972482681274414,3.0106496810913086,1.1927578449249268,3.3163201808929443
428,1,-2.005385637283325,3.060870409011841,1.2126541137695312,-2.6846401691436768
428,2,-1.9756630659103394,3.151231288909912,1.2325503826141357,6.948480129241943
435,0,-1.575513482093811,3.4353277683258057,1.2524467706680298,-1.421280026435852
435,1,3.5484418869018555,5.9196977615356445,0.8322093486785889,-1.421280026435852
442,0,-3.7055389881134033,5.910426139831543,1.1974726915359497,-0.3158400058746338
442,1,-3.738651990890503,5.963242053985596,1.208173394203186,-0.3158400058746338
442,2,-2.0964722633361816,3.3439249992370605,0.677490770816803,-0.3158400058746338
451,0,0.06231722980737686,0.7773029804229736,0.25841644406318665,-3.948000192642212
451,1,0.07185588032007217,0.7161620855331421,0.23852010071277618,-0.3158400058746338
451,2,0.07901379466056824,0.7154077291488647,0.23852010071277618,-0.3158400058746338
451,3,0.0,5.715750217437744,0.0,0.0
455,0,-0.4263995289802551,0.9297426342964172,0.5993098020553589,4.451720237731934
455,1,2.7805728912353516,3.7345993518829346,0.943828284740448,-4.831399917602539
458,0,-2.138347625732422,2.590881109237671,1.1132510900497437,0.0
458,1,0.020523499697446823,0.5128138661384583,0.0051324148662388325,0.4309200048446655
462,0,0.0,3.9040002822875977,0.0,-2.974720001220703
462,1,1.6798648834228516,2.303978681564331,2.7648751735687256,-3.2933599948883057
469,0,-2.503765821456909,2.4808273315429688,0.31808018684387207,0.0
469,1,-2.471623420715332,2.600472927093506,0.32376500964164734,0.0
469,2,-1.8737363815307617,2.464779853820801,0.06193087249994278,0.0
476,0,0.08811130374670029,0.8781740665435791,0.061881937086582184,-0.3158400058746338
476,1,0.08981788903474808,0.8132302761077881,0.07383523136377335,-0.3158400058746338
482,0,-1.4717602729797363,3.4810404777526855,1.2524467706680298,-3.0004801750183105
482,1,-2.474608898162842,2.9983043670654297,0.42937037348747253,1.779960036277771
482,2,1.9465687274932861,2.6144447326660156,2.4268531799316406,-0.0014000000664964318
487,0,0.15061697363853455,0.7831587791442871,1.0693610906600952,4.419800281524658
501,0,0.0,3.9247500896453857,0.0,-2.6754000186920166
501,1,1.6860344409942627,2.3124403953552246,2.72003436088562,-2.7658400535583496
511,0,0.0,4.0960001945495605,0.0,0.0
511,1,0.0032143036369234324,0.3214196562767029,0.006429571192711592,0.21615999937057495
514,0,-2.1558592319488525,2.956817388534546,1.2126541137695312,-2.6846401691436768
514,1,-2.0962955951690674,2.999340295791626,1.2126541137695312,-2.6846401691436768
514,2,-2.130689859390259,3.048550844192505,1.2325503826141357,-2.842560052871704
514,3,-2.066197633743286,3.020153045654297,1.2126541137695312,-2.6846401691436768
514,4,-2.100098133087158,3.0697052478790283,1.2325503826141357,-2.842560052871704
514,5,-2.035893440246582,3.040663957595825,1.2126541137695312,-2.6846401691436768
514,6,-2.0692968368530273,3.090552568435669,1.2325503826141357,-2.842560052871704
514,7,0.013487177900969982,0.4494377374649048,0.0179952010512352,0.3600800037384033
517,0,0.0,4.114750385284424,0.0,3.04584002494812
519,0,-0.09999123215675354,0.8292568325996399,1.4229670763015747,4.1966400146484375
522,0,0.0,5.388250350952148,0.0,2.150400161743164
522,1,0.013487177900969982,0.4494377374649048,0.0179952010512352,0.3600800037384033
525,0,-0.5832079648971558,2.192333459854126,1.5855538845062256,5.486880302429199
525,1,-1.5634058713912964,3.9142613410949707,2.7614927291870117,5.420520305633545
534,0,-3.951662540435791,5.776129722595215,1.0577231645584106,0.3158400058746338
534,1,-3.8977367877960205,5.94921350479126,0.641845166683197,0.3158400058746338
536,0,-3.7505288124084473,5.9821858406066895,0.49505549669265747,0.3158400058746338
542,0,-1.1952910423278809,2.5389559268951416,0.22497984766960144,4.386199951171875
545,0,0.0,1.0178595781326294,0.7578410506248474,-4.882080078125
547,0,-0.11396577954292297,0.871715784072876,0.6409895420074463,0.0008399999933317304
547,1,2.240274667739868,3.6539804935455322,0.1286206990480423,0.0002800000074785203
547,2,0.5091850757598877,0.38772493600845337,0.0,0.0
547,3,1.2269669771194458,3.702493190765381,0.0,-3.95304012298584
547,4,0.1145341694355011,0.6294140219688416,0.0,4.610199928283691
550,0,1.7700891494750977,5.167768478393555,2.984184503555298,-4.8185200691223145
558,0,-3.792048215866089,5.9161224365234375,0.8473230600357056,0.3158400058746338
558,1,0.08794990926980972,0.7293945550918579,0.18759407103061676,-0.3158400058746338
571,0,0.2083442211151123,3.468235731124878,2.4283852577209473,-2.277520179748535
571,1,1.5864317417144775,0.8683128356933594,1.2372727394104004,-9.131080627441406
571,2,-1.562869668006897,1.6117569208145142,1.6715500354766846,2.5359599590301514
574,0,0.04535636305809021,0.7550320029258728,0.05303416773676872,9.159080505371094
574,1,0.07382046431303024,0.8180116415023804,0.016428904607892036,2.842560052871704
576,0,0.0472642220556736,0.9444966316223145,0.06630582362413406,0.0
576,1,0.04168163985013962,0.6938601732254028,0.013904073275625706,0.0
576,2,1.1661949157714844,1.7799925804138184,0.0,5.978840351104736
576,3,-0.9089698195457458,1.1240426301956177,2.2513558864593506,4.474120140075684
576,4,0.02554074302315712,0.31857794523239136,0.015993334352970123,0.2886800169944763
576,5,0.0,0.6659666895866394,0.006659889128059149,4.802560329437256
582,0,2.971191644668579,3.126084327697754,1.2869994640350342,4.410280227661133
586,0,0.03011484257876873,1.505541443824768,0.18157349526882172,0.0
586,1,0.09862258285284042,0.6525453925132751,0.21870240569114685,0.0
592,0,-2.066197633743286,3.020153045654297,1.2126541137695312,-3.158400058746338
592,1,-2.0024900436401367,2.9907748699188232,1.1927578449249268,-2.6846401691436768
598,0,0.03788912668824196,0.7571510076522827,0.01516398973762989,0.3158400058746338
598,1,0.04870729520916939,0.810813844203949,0.12276343256235123,0.3158400058746338
598,2,-1.863521695137024,1.4787999391555786,1.5928616523742676,3.7629201412200928
600,0,-1.705757975578308,2.0251471996307373,2.6193642616271973,-8.518159866333008
600,1,-0.5150972604751587,1.411115288734436,2.7445411682128906,0.052640002220869064
603,0,-1.972482681274414,3.0106496810913086,1.1927578449249268,-1.2633600234985352
603,1,-2.005385637283325,3.060870409011841,1.2126541137695312,-1.2633600234985352
603,2,-1.9440525770187378,3.170830011367798,1.2325503826141357,-1.2633600234985352
605,0,-2.596471071243286,3.2108261585235596,0.041294313967227936,-2.4508399963378906
612,0,-0.6009126901626587,1.0999633073806763,0.3877224922180176,4.405519962310791
618,0,1.5208765268325806,1.020066499710083,0.07329045236110687,0.0
623,0,-3.7507386207580566,5.982520580291748,1.067175030708313,-0.3158400058746338
630,0,0.0,5.028000354766846,0.0,0.0
635,0,0.04913979768753052,0.818013608455658,0.0574580542743206,-0.3158400058746338
635,1,0.05741209164261818,0.8188326954841614,0.032851241528987885,-0.3158400058746338
635,2,0.06559740751981735,0.8182176351547241,0.032851241528987885,-0.3158400058746338
635,3,0.06968531012535095,0.8692073225975037,0.1496840864419937,0.3158400058746338
638,0,-1.7753254175186157,2.709723711013794,1.0735371112823486,4.263840198516846
638,1,-1.8498996496200562,3.1572725772857666,1.2126541137695312,-2.2108800411224365
638,2,-1.8802512884140015,3.2090744972229004,1.2325503826141357,-2.2108800411224365
638,3,0.06491274386644363,0.8096776604652405,0.12276343256235123,0.3158400058746338
643,0,2.4602787494659424,3.838376760482788,1.5108633041381836,-4.737600326538086
643,1,2.4327330589294434,3.7131412029266357,1.4710705280303955,-4.737600326538086
643,2,2.4656357765197754,3.763361692428589,1.4909669160842896,-4.737600326538086
647,0,0.06360902637243271,0.793415904045105,0.20324237644672394,-0.3158400058746338
647,1,0.07704795897006989,0.8537757992744446,0.21889066696166992,-0.3158400058746338
647,2,2.4278793334960938,3.7878293991088867,1.4909669160842896,-4.737600326538086
647,3,2.4985389709472656,3.813582420349121,1.5108633041381836,-5.211359977722168
649,0,1.1057014465332031,3.3365626335144043,0.0,3.214400053024292
649,1,1.0453046560287476,3.1543095111846924,0.0,3.2149600982666016
651,0,3.578275680541992,5.836315631866455,1.5308809280395508,-1.2633600234985352
653,0,-3.7109928131103516,1.983197569847107,2.8172733783721924,4.414760112762451
653,1,-1.6484723091125488,2.4095654487609863,1.5949289798736572,4.434920310974121
656,0,1.046326994895935,3.1573944091796875,0.0,7.22652006149292
656,1,0.0,0.64000004529953,0.0,0.0
665,0,-1.9126709699630737,3.119645595550537,1.2126541137695312,-1.7371200323104858
665,1,-1.9122473001480103,3.1901116371154785,1.2325503826141357,-1.7371200323104858
672,0,0.0,2.459750175476074,0.0,0.0
676,0,0.007551685906946659,0.755143404006958,0.06815040856599808,0.3158400058746338
676,1,0.015126853249967098,0.7562418580055237,0.05303416773676872,0.3158400058746338
676,2,0.10506511479616165,3.501120090484619,0.14018261432647705,-4.91316032409668
676,3,1.2119977474212646,1.8908849954605103,1.0029888153076172,4.322080135345459
678,0,-2.5845673084259033,3.196105718612671,0.4124118387699127,-0.5860400199890137
681,0,0.060350071638822556,0.7527658939361572,0.06815040856599808,-0.3158400058746338
681,1,0.0032143036369234324,0.3214196562767029,0.006429571192711592,0.21615999937057495
684,0,1.8752796649932861,2.683114767074585,2.4885265827178955,0.0
687,0,-3.972318649291992,5.932768821716309,0.1428154706954956,0.3158400058746338
687,1,0.052740175276994705,0.6578452587127686,0.21870240569114685,0.7896000146865845
687,2,0.18375810980796814,1.303971290588379,0.9401148557662964,-0.2340800017118454
687,3,0.0,3.848750114440918,0.0,-2.936079978942871
687,4,1.9542945623397827,2.8565847873687744,1.2634069919586182,-3.6582000255584717
690,0,-1.0854219198226929,2.305579423904419,0.4900888502597809,4.420919895172119
692,0,0.0,1.2160000801086426,0.0,0.0
694,0,-1.7504184246063232,3.2816975116729736,1.2325503826141357,-1.7371200323104858
694,1,-1.7786744832992554,3.334671974182129,1.2524467706680298,-0.9475200176239014
699,0,0.007694486994296312,0.3846730589866638,0.0,0.28700000047683716
699,1,0.0,2.111999988555908,0.0,0.0
699,2,-0.07166089117527008,1.7905666828155518,0.0,0.0008399999933317304
699,3,0.06539089232683182,0.6517277956008911,0.0,2.569000005722046
699,4,3.1385679244995117,1.8422993421554565,0.29176855087280273,-3.0094401836395264
699,5,1.4332448244094849,0.8412964344024658,0.13323776423931122,-3.224480152130127
702,0,-1.7175146341323853,3.299037218093872,1.2325503826141357,-2.6846401691436768
702,1,-1.745239496231079,3.3522915840148926,1.2524467706680298,-2.6846401691436768
702,2,-1.8010179996490479,3.4594321250915527,1.2924754619598389,-0.6316800117492676
710,0,-1.7504184246063232,3.2816975116729736,1.2325503826141357,-2.368800163269043
712,0,-1.7221626043319702,3.2287232875823975,1.2126541137695312,-2.052960157394409
712,1,-1.7504184246063232,3.2816975116729736,1.2325503826141357,-2.052960157394409
712,2,-0.04022321477532387,0.3076643645763397,0.22623158991336823,0.0008399999933317304
714,0,0.1376253217458725,0.7156064510345459,0.20954668521881104,0.0
714,1,0.14391286671161652,0.709944486618042,0.2240781933069229,0.0
717,0,-1.8113558292388916,2.8891570568084717,0.1364736109972,6.790560245513916
717,1,0.05607316642999649,0.799736499786377,0.17927564680576324,-0.3158400058746338
725,0,-3.938345432281494,3.322587251663208,2.8821985721588135,-0.42952001094818115
725,1,-0.10055803507566452,0.7691609263420105,0.5655789971351624,0.0008399999933317304
728,0,-2.032296895980835,2.9706006050109863,1.1927578449249268,0.3158400058746338
728,1,-2.005385637283325,3.060870409011841,1.2126541137695312,-0.6316800117492676
728,2,-1.2691292762756348,0.5228637456893921,2.338409185409546,8.510600090026855
728,3,-0.4626254141330719,1.267367959022522,2.352018356323242,8.510600090026855
728,4,-0.1723574697971344,5.743525505065918,1.777480125427246,-2.7434401512145996
728,5,0.007694486994296312,0.3846730589866638,0.0,0.28700000047683716
731,0,0.007032617926597595,0.7032383680343628,0.049309711903333664,0.8657600283622742
731,1,0.014347064308822155,1.4346586465835571,2.093559980392456,1.009119987487793
731,2,0.0076181357726454735,0.7617881894111633,1.1864742040634155,1.0799599885940552
731,3,0.013487177900969982,0.4494377374649048,0.0179952010512352,0.3600800037384033
734,0,-2.032296895980835,2.9706006050109863,1.1927578449249268,6.474720001220703
736,0,-0.32271671295166016,0.6198808550834656,0.2954711616039276,4.748239994049072
736,1,1.1258556842803955,0.6760905385017395,0.21193304657936096,5.751200199127197
740,0,-2.005385637283325,3.060870409011841,1.2126541137695312,-2.052960157394409
740,1,-2.0382883548736572,3.111090660095215,1.2325503826141357,-2.052960157394409
740,2,-2.0075552463531494,3.2020998001098633,1.2524467706680298,-2.052960157394409
740,3,-1.8812892436981201,3.068460464477539,1.1927578449249268,-2.2108800411224365
745,0,0.9756618142127991,0.6977073550224304,0.8031071424484253,4.1630401611328125
751,0,-3.12273907661438,2.140033483505249,2.999206781387329,-5.143880367279053
755,0,0.72007155418396,0.4226728081703186,0.008349861018359661,-3.0094401836395264
761,0,-3.8939156532287598,5.815671920776367,1.4187473058700562,-0.6316800117492676
767,0,0.034720223397016525,0.6938257217407227,0.027802584692835808,0.0
767,1,0.04139016568660736,0.6890081167221069,0.0832299143075943,0.0
767,2,0.04765845090150833,0.6797226667404175,0.13812485337257385,0.0
767,3,0.051977016031742096,0.7413156628608704,0.15064102411270142,0.0
767,4,0.052740175276994705,0.6578452587127686,0.21870240569114685,0.0
767,5,0.05931588262319565,0.6572849750518799,0.21870240569114685,0.0
767,6,1.9465687274932861,2.6144447326660156,2.4268531799316406,-0.001120000029914081
767,7,0.020523499697446823,0.5128138661384583,0.0051324148662388325,0.4309200048446655
772,0,-0.467415452003479,1.9100267887115479,0.9742441773414612,-4.821880340576172
774,0,0.037866391241550446,0.7566966414451599,0.030321914702653885,0.3158400058746338
774,1,1.757610559463501,2.1734814643859863,0.36543866991996765,-2.965480089187622
774,2,0.0,3.848750114440918,0.0,-2.936079978942871
774,3,1.9542945623397827,2.8565847873687744,1.2634069919586182,-3.6582000255584717
774,4,-3.822998523712158,5.835138320922852,1.1974726915359497,-0.4737600088119507
774,5,0.03780389577150345,0.7554478645324707,0.05303416773676872,-0.3158400058746338
774,6,0.0573173388838768,0.8174813389778137,0.0574580542743206,-0.3158400058746338
774,7,0.0791982114315033,0.8776029348373413,0.07952004671096802,-0.3158400058746338
780,0,-1.7175146341323853,3.299037218093872,1.2325503826141357,-0.4737600088119507
780,1,-1.6439003944396973,3.403132677078247,1.2524467706680298,-3.0004801750183105
782,0,-0.6078149080276489,1.4786708354949951,0.06398293375968933,-2.6490800380706787
782,1,-0.32741013169288635,1.9073530435562134,0.0,8.993040084838867
782,2,-3.801593780517578,5.8024678230285645,1.4061815738677979,-0.3158400058746338
788,0,0.0,5.711250305175781,0.0,-8.623160362243652
791,0,0.37718743085861206,0.674321174621582,0.16468332707881927,-4.942280292510986
795,0,-1.612471580505371,2.356943368911743,0.20022888481616974,0.18592000007629395
798,0,0.0,3.3458545207977295,2.3886353969573975,0.3413200080394745
806,0,2.4697420597076416,3.688628673553467,1.4710705280303955,-6.000960350036621
811,0,2.8180904388427734,4.4949235916137695,1.0203101634979248,4.397119998931885
813,0,0.0,5.646000385284424,0.0,1.3619199991226196
817,0,0.0,3.925250291824341,0.0,-4.623080253601074
817,1,1.7083332538604736,2.3430237770080566,2.7013347148895264,-6.819960117340088
828,0,-0.6739944815635681,0.7234832644462585,0.09920945763587952,4.445280075073242
831,0,0.0,2.570500135421753,0.0,0.0
831,1,-0.8390337228775024,3.936492919921875,2.9967267513275146,-4.752439975738525
831,2,0.0032143036369234324,0.3214196562767029,0.006429571192711592,0.21615999937057495
838,0,-2.897709846496582,3.4402823448181152,2.635471820831299,4.387599945068359
848,0,-2.786081075668335,4.25246524810791,1.6847398281097412,2.9355201721191406
848,1,-1.3345047235488892,1.2960906028747559,2.494441032409668,-6.900599956512451
853,0,-1.6883052587509155,2.4677891731262207,1.2995660305023193,4.247600078582764
853,1,0.8315668702125549,2.59598970413208,0.3010669946670532,-4.8521199226379395
853,2,-1.6835331916809082,2.940351963043213,0.40854784846305847,2.5267200469970703
856,0,-0.7780980467796326,1.8929299116134644,0.08190815895795822,5.594120025634766
856,1,-0.4272763133049011,1.039462924003601,1.7123903036117554,2.296839952468872
859,0,-1.9437713623046875,3.10036301612854,1.2126541137695312,-1.7371200323104858
859,1,-1.9756630659103394,3.151231288909912,1.2325503826141357,-1.7371200323104858
864,0,-1.6563756465911865,0.6824038624763489,0.8653638958930969,-3.1732401847839355
864,1,-2.4368133544921875,5.76360559463501,1.8673394918441772,5.034120082855225
864,2,0.3140523135662079,2.077955961227417,0.0630655437707901,8.296120643615723
868,0,2.3954803943634033,3.7372825145721436,1.4710705280303955,-7.896000385284424
874,0,2.2541139125823975,1.1472721099853516,1.6211894750595093,-4.5696001052856445
874,1,0.020523499697446823,0.5128138661384583,0.0051324148662388325,0.4309200048446655
877,0,-2.227222442626953,2.8112475872039795,1.3500028848648071,6.618639945983887
879,0,0.8626406788825989,2.890763521194458,2.0198686122894287,-4.36184024810791
879,1,-1.8619039058685303,2.5007312297821045,2.321298837661743,3.364760160446167
881,0,-2.4416861534118652,3.0194172859191895,1.4174537658691406,7.210840225219727
884,0,-3.500274658203125,5.974010944366455,1.9910043478012085,-0.4737600088119507
884,1,-1.575513482093811,3.4353277683258057,1.2524467706680298,-3.0004801750183105
886,0,0.0,3.8872501850128174,0.0,-7.156239986419678
886,1,1.642080545425415,2.2521564960479736,2.8129990100860596,6.309520244598389
889,0,0.33714067935943604,0.3692306876182556,0.06536801904439926,4.37276029586792
889,1,1.3090022802352905,1.7219083309173584,1.8218475580215454,4.306119918823242
889,2,0.02554074302315712,0.31857794523239136,0.015993334352970123,0.2886800169944763
889,3,0.0,0.6659666895866394,0.006659889128059149,4.802560329437256
892,0,-1.6439003944396973,3.403132677078247,1.2524467706680298,0.4737600088119507
894,0,0.0,2.94350004196167,0.0,0.0
897,0,-0.4958668053150177,2.026289224624634,0.7379236221313477,4.229680061340332
897,1,-1.024752140045166,3.702699661254883,0.34670647978782654,-4.886000156402588
899,0,0.08765405416488647,0.9713029861450195,0.0,-8.986599922180176
904,0,2.2789762020111084,1.2473679780960083,1.8942478895187378,7.36568021774292
904,1,-0.2178277224302292,0.5616097450256348,0.4484938085079193,4.152679920196533
910,0,-3.2835094928741455,1.4302254915237427,2.837440013885498,-4.854919910430908
915,0,1.9719223976135254,3.88199782371521,2.435516357421875,4.5390801429748535
917,0,-0.017495138570666313,0.8746403455734253,0.13221539556980133,0.0
917,1,0.008213221095502377,0.8212947249412537,0.016428904607892036,0.0
917,2,0.00918513722717762,0.9184830784797668,0.2345389723777771,0.0
917,3,0.16985531151294708,0.9895052313804626,0.12105897068977356,0.0
917,4,0.6867954730987549,3.77423357963562,0.4625679552555084,0.0
917,5,0.94150310754776,0.9709537625312805,0.6533182263374329,-4.838400363922119
920,0,-1.9437713623046875,3.10036301612854,1.2126541137695312,-2.052960157394409
920,1,-1.9440525770187378,3.170830011367798,1.2325503826141357,-2.052960157394409
920,2,0.07019606232643127,0.8755781650543213,0.1059153825044632,-0.3158400058746338
922,0,-2.0382883548736572,3.111090660095215,1.2325503826141357,-2.052960157394409
922,1,-1.9756630659103394,3.151231288909912,1.2325503826141357,-2.052960157394409
922,2,-1.9440525770187378,3.170830011367798,1.2325503826141357,-2.052960157394409
922,3,-1.9754343032836914,3.222014904022217,1.2524467706680298,-2.052960157394409
922,4,-1.9122473001480103,3.1901116371154785,1.2325503826141357,-2.052960157394409
922,5,-1.8195477724075317,3.1054701805114746,1.1927578449249268,-2.6846401691436768
922,6,-1.9416747093200684,3.3139076232910156,1.2728149890899658,-2.052960157394409
933,0,-1.6655452251434326,2.778550148010254,1.0735371112823486,7.738080024719238
933,1,-1.337034821510315,3.66282320022583,1.2921608686447144,-2.2108800411224365
933,2,1.2451592683792114,3.7573904991149902,1.0530019998550415,0.017079999670386314
942,0,-3.838050603866577,5.9878926277160645,0.641845166683197,-0.3158400058746338
947,0,-0.846545934677124,2.182589054107666,1.3716384172439575,-7.545720100402832
949,0,0.4271252155303955,0.39062774181365967,0.5179909467697144,-8.477280616760254
952,0,-3.2541306018829346,1.7811061143875122,2.53792667388916,0.35868000984191895
960,0,-0.1407812535762787,1.0768252611160278,0.7918106317520142,0.0008399999933317304
964,0,-0.9511048197746277,1.3608227968215942,0.049822527915239334,-0.6991600394248962
967,0,1.85256826877594,2.112229108810425,2.0918264389038086,-2.1912801265716553
970,0,0.16192324459552765,0.47273433208465576,1.2481920719146729,-4.904200077056885
976,0,-2.5610744953155518,3.1670541763305664,0.2855766713619232,-4.170040130615234
980,0,-3.967798948287964,5.799715995788574,0.8473230600357056,-0.3158400058746338
980,1,-3.8977367877960205,5.94921350479126,0.641845166683197,-0.3158400058746338
980,2,0.02554074302315712,0.31857794523239136,0.015993334352970123,0.2886800169944763
989,0,0.5906080007553101,1.7242778539657593,0.8580551147460938,-4.978960037231445
989,1,-0.7294241189956665,2.358030080795288,1.5133103132247925,-4.853240013122559
999,0,-1.6076174974441528,1.0782445669174194,0.2334088832139969,4.136720180511475
1003,0,0.0,3.8847501277923584,0.0,-6.8266801834106445
1006,0,-2.3227508068084717,2.8143091201782227,0.2558509409427643,7.038080215454102
1006,1,2.0698540210723877,3.229259967803955,0.42363446950912476,4.523119926452637
1008,0,0.45262411236763,5.645726680755615,1.5675139427185059,4.349240303039551
1008,1,0.0,0.7680000066757202,0.0,0.0
1012,0,0.0,3.895250082015991,0.0,-3.4322400093078613
1012,1,1.7099496126174927,2.345240831375122,2.703890800476074,0.4782400131225586
1017,0,0.2534951865673065,3.615443229675293,0.03624439612030983,6.811280250549316
1017,1,0.0032143036369234324,0.3214196562767029,0.006429571192711592,0.21615999937057495
1024,0,0.0,2.5805001258850098,0.0,0.9909200072288513
1024,1,0.0,0.34150001406669617,0.0,1.0617600679397583
1024,2,0.0,3.055500030517578,0.0,0.9200800061225891
1024,3,0.0,2.439000129699707,0.0,0.9909200072288513
1024,4,0.0,0.3282500207424164,0.0,1.0617600679397583
1024,5,1.384526014328003,1.0111680030822754,1.5343002080917358,2.848440170288086
1030,0,-1.881379246711731,3.138615846633911,1.2126541137695312,-1.579200029373169
1030,1,-1.8802512884140015,3.2090744972229004,1.2325503826141357,-1.579200029373169
1032,0,-2.005385637283325,3.060870409011841,1.2126541137695312,-1.579200029373169
1032,1,3.6773335933685303,2.060795307159424,0.08431938290596008,-4.776240348815918
1036,0,-3.8495988845825195,5.749483585357666,1.7667735815048218,0.3158400058746338
1036,1,-1.881379246711731,3.138615846633911,1.2126541137695312,-2.5267200469970703
1038,0,-1.881379246711731,3.138615846633911,1.2126541137695312,5.8430399894714355
1038,1,0.013487177900969982,0.4494377374649048,0.0179952010512352,0.3600800037384033
1046,0,-1.881379246711731,3.138615846633911,1.2126541137695312,-2.6846401691436768
1048,0,-3.9869749546051025,5.82774543762207,1.067175030708313,-0.3158400058746338
1048,1,-3.707961320877075,5.914289474487305,1.7824219465255737,-0.3158400058746338
1050,0,-3.9214303493499756,1.7549500465393066,1.3761957883834839,4.364920139312744
1052,0,-3.9214303493499756,1.7549500465393066,1.3761957883834839,4.364920139312744
1056,0,0.0,4.292222023010254,0.7367891073226929,-3.0105600357055664
1056,1,0.0,5.984475612640381,1.0889921188354492,-2.795520067214966
1056,2,0.0,3.9857966899871826,0.7252935171127319,-3.0105600357055664
1056,3,2.083258628845215,3.179729700088501,0.49698492884635925,-0.24248000979423523
1056,4,0.02554074302315712,0.31857794523239136,0.015993334352970123,0.2886800169944763
1056,5,0.0,0.6660000085830688,0.0,4.802560329437256
1056,6,0.0,2.293750047683716,0.0,0.7168000340461731
1056,7,-2.1415655612945557,0.711585283279419,0.4106490910053253,0.7327600121498108
1062,0,-1.8812892436981201,3.068460464477539,1.1927578449249268,8.401400566101074
1062,1,-1.8197646141052246,3.035827159881592,1.1729401350021362,-2.368800163269043
1062,2,-1.881379246711731,3.138615846633911,1.2126541137695312,-2.368800163269043
1062,3,0.0073038795962929726,0.3651452958583832,0.12102948129177094,0.28700000047683716
1065,0,0.008122619241476059,0.8122349381446838,0.12276343256235123,0.3158400058746338
1065,1,0.008670995011925697,0.8670706152915955,0.17577269673347473,0.3158400058746338
1065,2,0.016192080453038216,0.8094961047172546,0.13898330926895142,0.3158400058746338
1065,3,0.02248869650065899,0.7493983507156372,0.11331146955490112,0.3158400058746338
1067,0,2.3954803943634033,3.7372825145721436,1.4710705280303955,-8.053919792175293
1067,1,2.4278793334960938,3.7878293991088867,1.4909669160842896,-6.316800117492676
1084,0,0.029884817078709602,0.7467219233512878,0.12828251719474792,0.3158400058746338
1084,1,0.03424711525440216,0.6843715310096741,0.11762402951717377,0.3158400058746338
1084,2,0.03735041618347168,0.7463857531547546,0.12828251719474792,0.3158400058746338
1084,3,0.04481228068470955,0.7459748983383179,0.12828251719474792,0.3158400058746338
1084,4,0.05226966738700867,0.7454895377159119,0.12828251719474792,0.3158400058746338
1090,0,-1.720779538154602,2.7446858882904053,1.0735371112823486,-3.4742400646209717
1090,1,1.9465687274932861,2.6144447326660156,2.4268531799316406,-0.001120000029914081
1092,0,-0.1826324313879013,0.40896475315093994,0.017925219610333443,-0.21168000996112823
1092,1,-0.1826324313879013,0.40896475315093994,0.017925219610333443,-7.379680156707764
1097,0,1.9465687274932861,2.6144447326660156,2.4268531799316406,-0.001120000029914081
1100,0,-0.9328755736351013,0.3843318521976471,2.1387088298797607,-2.437119960784912
1100,1,-3.680896043777466,5.497520923614502,0.7307118773460388,1.5769600868225098
1104,0,-2.224565267562866,2.7509231567382812,2.1206822395324707,-8.958040237426758
1111,0,3.4019174575805664,5.675258159637451,0.7307941913604736,0.6459600329399109
1111,1,0.0,3.9180002212524414,0.0,1.9286400079727173
1111,2,1.808590292930603,2.4805290699005127,2.4824748039245605,4.154640197753906
1111,3,0.05612332746386528,0.3084215819835663,0.6314675807952881,4.122440338134766
1111,4,0.0,3.912750244140625,0.0,2.9609999656677246
1111,5,1.7487685680389404,2.398482084274292,2.6034157276153564,-5.934880256652832
1115,0,-3.840423822402954,5.379430770874023,0.7969840168952942,0.28672000765800476
1117,0,0.33777284622192383,4.817442417144775,0.5823100805282593,2.2940399646759033
1120,0,0.02554074302315712,0.31857794523239136,0.015993334352970123,0.2886800169944763
1120,1,0.0,0.6659666895866394,0.006659889128059149,4.802560329437256
1139,0,-0.16089285910129547,1.2306574583053589,0.9049263596534729,0.0008399999933317304
1139,1,2.312901020050049,3.608447313308716,0.1286206990480423,0.0002800000074785203
1149,0,0.0032143036369234324,0.3214196562767029,0.006429571192711592,0.21615999937057495
1152,0,-1.9745991230010986,1.4120593070983887,0.17020592093467712,-5.017600059509277
1156,0,-2.032296895980835,2.9706006050109863,1.1927578449249268,-0.3158400058746338
1156,1,-2.066197633743286,3.020153045654297,1.2126541137695312,-3.158400058746338
1156,2,0.0032143036369234324,0.3214196562767029,0.006429571192711592,0.21615999937057495
1163,0,-1.388393759727478,3.579596757888794,1.2723431587219238,-0.4737600088119507
1165,0,0.7059886455535889,0.685666561126709,0.41609349846839905,-4.919040203094482
1176,0,-3.810161828994751,5.944382190704346,0.49505549669265747,0.3158400058746338
1184,0,-1.6915183067321777,3.0963034629821777,2.626913547515869,-1.2613999843597412
1184,1,0.0,5.410000324249268,0.0,0.0033599999733269215
1184,2,0.8338935375213623,4.582599639892578,0.27980706095695496,4.7625203132629395
1184,3,-0.7673333883285522,4.216823577880859,0.1286206990480423,0.0
1196,0,0.030199192464351654,0.754577100276947,0.06815040856599808,0.3158400058746338
1196,1,0.032614994794130325,0.8149399757385254,0.09834358096122742,0.3158400058746338
1200,0,-2.061901092529297,2.9501290321350098,1.1927578449249268,-3.0004801750183105
1200,1,-2.0962955951690674,2.999340295791626,1.2126541137695312,-3.0004801750183105
1203,0,2.799391031265259,4.180968761444092,0.7604533433914185,-4.849880218505859
1211,0,-3.969935178756714,5.929209232330322,0.2855738401412964,-0.3158400058746338
1213,0,0.05666130781173706,1.4157772064208984,2.4138693809509277,1.0617600679397583
1213,1,-0.06703869253396988,0.5127739906311035,0.3770526647567749,0.0008399999933317304
1213,2,0.008572310209274292,0.8572024703025818,0.21889066696166992,3.7900800704956055
1213,3,0.015789087861776352,0.7893491983413696,0.22702619433403015,3.7900800704956055
1213,4,0.017143763601779938,0.8570739030838013,0.21889066696166992,3.7900800704956055
1216,0,0.0,0.382750004529953,0.0,0.7786800265312195
1216,1,0.0,1.5555000305175781,0.0,0.8492400050163269
1216,2,0.0,3.261000156402588,0.0,0.9200800061225891
1216,3,0.0,1.5522500276565552,0.0,0.9909200072288513
1216,4,0.0,0.33525002002716064,0.0,0.7786800265312195
1216,5,0.0,1.3797500133514404,0.0,0.8492400050163269
1216,6,0.0,0.8847500681877136,0.0,0.9200800061225891
1216,7,0.1488564908504486,0.9224004745483398,0.1603848785161972,0.0
1216,8,0.14050401747226715,0.7721293568611145,0.24276985228061676,0.0
1216,9,0.14503078162670135,0.8448879718780518,0.21889066696166992,0.0
1216,10,0.15807288885116577,0.9208658337593079,0.1603848785161972,0.0
1216,11,0.14910544455051422,0.7752993106842041,0.22702619433403015,0.0
1216,12,0.15347225964069366,0.8433954119682312,0.21889066696166992,0.0
1216,13,0.16727349162101746,0.9192390441894531,0.1603848785161972,0.0
1216,14,0.7557763457298279,3.7283620834350586,0.9713698625564575,0.0
1216,15,1.9465687274932861,2.6144447326660156,2.4268531799316406,-0.001120000029914081
1216,16,0.013487177900969982,0.4494377374649048,0.0179952010512352,0.3600800037384033
1216,17,2.041414260864258,2.9839272499084473,1.319727897644043,-2.936079978942871
1216,18,0.0,3.9235002994537354,0.0,-1.283519983291626
1216,19,1.6486115455627441,2.2611138820648193,2.8241870403289795,7.279440402984619
1221,0,-2.6983835697174072,4.712824821472168,0.2173420488834381,4.737600326538086
1221,1,-0.3666185438632965,0.974005937576294,0.7748610973358154,-4.9028000831604
1221,2,0.020523499697446823,0.5128138661384583,0.0051324148662388325,0.4309200048446655
1221,3,-1.3035112619400024,0.3901151716709137,2.811013698577881,0.6451200246810913
1224,0,-1.6097875833511353,3.419401168823242,1.2524467706680298,-1.8950400352478027
1224,1,-0.27485865354537964,2.1023733615875244,1.545915961265564,0.0008399999933317304
1224,2,0.0032143036369234324,0.3214196562767029,0.006429571192711592,0.21615999937057495
1227,0,0.06611408293247223,0.36332499980926514,0.7438778281211853,4.122440338134766
1231,0,-3.717719793319702,5.929854393005371,1.4187473058700562,-0.3158400058746338
1231,1,-1.720779538154602,2.7446858882904053,1.0735371112823486,-9.001160621643066
1231,2,-1.7652333974838257,5.326765060424805,2.993180751800537,4.38368034362793
1231,3,0.0,3.848750114440918,0.0,-2.936079978942871
1231,4,1.9542945623397827,2.8565847873687744,1.2634069919586182,-3.6582000255584717
1237,0,0.0,4.1010003089904785,0.0,0.0
1240,0,-1.1162216663360596,3.881776809692383,2.5322976112365723,4.537120342254639
1244,0,-1.7786744832992554,3.334671974182129,1.2524467706680298,-2.052960157394409
1247,0,0.0,1.0065284967422485,0.20403340458869934,-3.0105600357055664
1247,1,0.0,4.13389253616333,0.8811079263687134,-2.795520067214966
1247,2,0.0,1.0472265481948853,0.2232084423303604,-3.0105600357055664
1247,3,0.0,3.848750114440918,0.0,-2.936079978942871
1247,4,1.9542945623397827,2.8565847873687744,1.2634069919586182,-3.6582000255584717
1250,0,2.8908658027648926,3.0415711402893066,1.3441646099090576,4.605160236358643
1256,0,-2.324479818344116,2.816403865814209,1.9011448621749878,-0.5023199915885925
1262,0,-3.7051427364349365,3.6711978912353516,1.0031239986419678,4.39516019821167
1262,1,-2.442409038543701,2.729200601577759,0.2936265468597412,4.076240062713623
1265,0,-3.8355653285980225,5.8543195724487305,1.4187473058700562,-0.3158400058746338
1265,1,-1.881379246711731,3.138615846633911,1.2126541137695312,-1.579200029373169
1265,2,0.015126853249967098,0.7562418580055237,0.05303416773676872,-7.264320373535156
1265,3,0.016425620764493942,0.8211715221405029,0.016428904607892036,-0.3158400058746338
1265,4,-2.5738418102264404,3.18284273147583,0.576836347579956,-2.567880153656006
1268,0,0.025211365893483162,0.6299479603767395,0.04420388117432594,-0.3158400058746338
1268,1,0.9748181104660034,2.1255416870117188,1.929980754852295,4.283999919891357
1268,2,1.7091453075408936,2.787686586380005,1.6200777292251587,-4.861639976501465
1272,0,-1.3003402948379517,3.6760101318359375,1.2921608686447144,-2.5267200469970703
1272,1,0.029884817078709602,0.7467219233512878,0.12828251719474792,5.685120105743408
1272,2,0.03424711525440216,0.6843715310096741,0.11762402951717377,-0.3158400058746338
1272,3,0.03735041618347168,0.7463857531547546,0.12828251719474792,5.685120105743408
1272,4,0.0810922384262085,0.8082175254821777,0.12276343256235123,0.3158400058746338
1272,5,0.08733579516410828,0.8704448342323303,0.13221539556980133,0.3158400058746338
1272,6,0.0754663422703743,0.6832882761955261,0.103896863758564,0.3158400058746338
1272,7,0.0823047086596489,0.7452043890953064,0.11331146955490112,0.3158400058746338
1272,8,0.08917022496461868,0.8073661923408508,0.12276343256235123,0.3158400058746338
1272,9,0.09642788767814636,0.8730786442756653,0.1059153825044632,0.3158400058746338
1272,10,2.389880657196045,3.811918258666992,1.4909669160842896,-8.211840629577637
1275,0,0.007497231941670179,0.7496982216835022,0.11331146955490112,3.7900800704956055
1275,1,0.008096444420516491,0.8096175193786621,0.13898330926895142,-8.717240333557129
1275,2,0.015102616511285305,0.7550301551818848,0.06815040856599808,-8.685600280761719
1275,3,0.016244426369667053,0.8121131062507629,0.12276343256235123,-8.717240333557129
1275,4,0.017566578462719917,0.8782118558883667,0.1059153825044632,-0.3158400058746338
1275,5,0.02268838882446289,0.7560527920722961,0.05303416773676872,0.3158400058746338
1275,6,0.024541575461626053,0.817807137966156,0.07383523136377335,0.3158400058746338
1275,7,0.0226520374417305,0.7548413872718811,0.06815040856599808,-0.3158400058746338
1275,8,0.08302608132362366,0.6885598301887512,0.04862776771187782,0.3158400058746338
1275,9,0.09075362980365753,0.7526466846466064,0.01516398973762989,0.3158400058746338
1275,10,0.02554074302315712,0.31857794523239136,0.015993334352970123,0.2886800169944763
1275,11,0.0,0.6659666895866394,0.006659889128059149,4.802560329437256
1275,12,0.0,2.293635368347168,0.022937117144465446,0.7168000340461731
1275,13,-2.1415655612945557,0.711585283279419,0.4106490910053253,0.7327600121498108
1278,0,0.0,3.9250001907348633,0.0,8.975959777832031
1278,1,1.809620976448059,2.481942653656006,2.483889579772949,5.84220027923584
1278,2,-2.2991533279418945,2.8431596755981445,1.2117104530334473,5.328400135040283
1281,0,-2.005385637283325,3.060870409011841,1.2126541137695312,-2.2108800411224365
1281,1,-1.720779538154602,2.7446858882904053,1.0735371112823486,1.7371200323104858
1281,2,-1.9756630659103394,3.151231288909912,1.2325503826141357,-2.2108800411224365
1286,0,1.2500758171081543,0.8751842379570007,1.1361643075942993,-7.723240375518799
1286,1,0.02554074302315712,0.31857794523239136,0.015993334352970123,0.2886800169944763
1286,2,0.0,0.6659666895866394,0.006659889128059149,4.802560329437256
1289,0,-2.4633984565734863,2.9847216606140137,0.27134329080581665,7.870800018310547
1289,1,-1.9709511995315552,2.4373011589050293,2.6941921710968018,3.7839200496673584
1291,0,-1.7863883972167969,3.193636417388916,1.2126541137695312,-1.7371200323104858
1291,1,-1.7831474542617798,3.2640295028686523,1.2325503826141357,-1.7371200323104858
1291,2,0.017566578462719917,0.8782118558883667,0.1059153825044632,-0.3158400058746338
1291,3,0.024541575461626053,0.817807137966156,0.07383523136377335,-0.3158400058746338
1291,4,0.03031584993004799,0.7574920058250427,0.01516398973762989,-0.3158400058746338
1295,0,-2.682858943939209,2.5539968013763428,1.436698317527771,4.40440034866333
1298,0,0.018820829689502716,0.6271727681159973,0.07565811276435852,0.3158400058746338
1298,1,0.020769968628883362,0.692124605178833,0.06248806044459343,0.3158400058746338
1298,2,0.0226520374417305,0.7548413872718811,0.06815040856599808,0.3158400058746338
1298,3,0.025091512128710747,0.6269532442092896,0.07565811276435852,-0.3158400058746338
1298,4,0.027690060436725616,0.691882312297821,0.06248806044459343,0.3158400058746338
1298,5,0.030199192464351654,0.754577100276947,0.06815040856599808,0.3158400058746338
1298,6,0.032770786434412,0.8188326954841614,0.0574580542743206,-7.264320373535156
1298,7,0.027490392327308655,0.6868932843208313,0.103896863758564,0.3158400058746338
1298,8,1.5896815061569214,0.9331227540969849,0.24098987877368927,-3.0094401836395264
1298,9,1.5873103141784668,0.9317308664321899,0.25937578082084656,-2.7943999767303467
1298,10,-1.4214849472045898,0.8343935012817383,0.24911336600780487,-2.940279960632324
1301,0,-2.3542845249176025,0.9975863695144653,0.4126341938972473,3.062920093536377
1301,1,0.0,4.872000217437744,0.0,0.0
1307,0,-0.834527313709259,1.8687385320663452,0.08190815895795822,-9.171680450439453
1307,1,-0.7780980467796326,1.8929299116134644,0.08190815895795822,6.5259599685668945
1307,2,-0.834527313709259,1.8687385320663452,0.08190815895795822,-4.010720252990723
1307,3,-0.7780980467796326,1.8929299116134644,0.08190815895795822,5.594120025634766
1307,4,-0.834527313709259,1.8687385320663452,0.08190815895795822,-2.6488001346588135
1310,0,-1.047071933746338,3.384899139404297,1.624962329864502,4.171720027923584
1316,0,-1.189781904220581,0.6055610775947571,0.7293261885643005,4.340280055999756
1316,1,1.0446470975875854,1.5602096319198608,2.7398579120635986,4.46068000793457
1319,0,-0.6809073090553284,4.219293117523193,0.3856913149356842,4.35260009765625
1321,0,0.03786693885922432,0.6303581595420837,0.025273259729146957,0.0
1321,1,0.04402497783303261,0.6279006600379944,0.05680324137210846,0.0
1321,2,0.04993895813822746,0.6229047775268555,0.09444490075111389,0.0
1321,3,0.21590553224086761,0.8116092085838318,0.2783127725124359,0.0
1321,4,0.2320934534072876,0.8071290850639343,0.2783127725124359,0.0
1321,5,0.2401529997587204,0.8047678470611572,0.2783127725124359,0.0
1325,0,2.3954803943634033,3.7372825145721436,1.4710705280303955,8.843239784240723
1327,0,0.04514073580503464,0.751442551612854,0.09077178686857224,3.0004801750183105
1329,0,0.017143763601779938,0.8570739030838013,0.21889066696166992,0.3158400058746338
1329,1,2.4697420597076416,3.688628673553467,1.4710705280303955,-6.316800117492676
1329,2,2.503145456314087,3.7385177612304688,1.4909669160842896,-6.316800117492676
1332,0,-0.43102219700813293,0.9651784300804138,1.4473459720611572,3.1572799682617188
1332,1,-0.3848477303981781,0.8617809414863586,1.2922948598861694,-5.802720069885254
1332,2,-0.49261605739593506,1.0197927951812744,1.5507134199142456,6.741559982299805
1332,3,0.0,0.38416406512260437,0.04242931678891182,-2.5088000297546387
1338,0,0.04870729520916939,0.810813844203949,0.12276343256235123,-6.000960350036621
1338,1,0.05228838697075844,0.8704270720481873,0.1496840864419937,-0.3158400058746338
1338,2,0.04808172956109047,0.6857596039772034,0.103896863758564,-0.3158400058746338
1338,3,0.0524386502802372,0.7478996515274048,0.11331146955490112,-0.3158400058746338
1338,4,0.05681286379694939,0.810286283493042,0.12276343256235123,-0.3158400058746338
1338,5,0.060989897698163986,0.8698607087135315,0.1496840864419937,-0.3158400058746338
1338,6,0.05493680387735367,0.6852445006370544,0.103896863758564,-0.3158400058746338
1338,7,-0.1218237429857254,1.349940538406372,0.7404727935791016,4.413360118865967
1342,0,0.0,3.9382503032684326,0.0,1.3641600608825684
1342,1,1.6463308334350586,2.257986068725586,2.820280075073242,-6.742959976196289
1353,0,2.107302188873291,3.080235481262207,1.7570003271102905,0.407120019197464
1355,0,-0.5336634516716003,1.9282667636871338,2.1017003059387207,-5.969040393829346
1355,1,0.03212250396609306,0.6419146656990051,0.006427392829209566,-2.760240077972412
1358,0,-2.474144697189331,3.1879000663757324,0.8601056337356567,2.119040012359619
1360,0,0.06469079107046127,0.7168447971343994,0.23852010071277618,-8.369760513305664
1360,1,0.0700870156288147,0.7766408920288086,0.25841644406318665,-8.369760513305664
1363,0,0.032824959605932236,0.8201863169670105,0.032851241528987885,0.3158400058746338
1363,1,0.035373490303754807,0.8838655948638916,0.01769382134079933,0.3158400058746338
1363,2,0.034720223397016525,0.6938257217407227,0.027802584692835808,-0.3158400058746338
1363,3,0.037866391241550446,0.7566966414451599,0.030321914702653885,-0.3158400058746338
1363,4,0.040957339107990265,0.8184641003608704,0.0574580542743206,0.3158400058746338
1363,5,0.044183701276779175,0.8829375505447388,0.035380564630031586,0.3158400058746338
1363,6,0.041656628251075745,0.6934438347816467,0.027802584692835808,-0.3158400058746338
1363,7,0.2464047223329544,4.101816177368164,0.16445614397525787,-0.3158400058746338
1363,8,1.8609302043914795,2.662583827972412,2.5211362838745117,0.0
1366,0,-3.5370116233825684,4.557388782501221,0.17311902344226837,9.155720710754395
1369,0,-0.4643355906009674,2.290639638900757,1.5649045705795288,-4.839240074157715
1374,0,-3.717719793319702,5.929854393005371,1.4187473058700562,-0.3158400058746338
1374,1,0.0,3.848750114440918,0.0,-2.936079978942871
1374,2,1.9542945623397827,2.8565847873687744,1.2634069919586182,-3.6582000255584717
1377,0,3.6125893592834473,1.7042524814605713,0.7268601059913635,-4.817399978637695
1380,0,0.0032143036369234324,0.3214196562767029,0.006429571192711592,0.21615999937057495
1383,0,-1.7753254175186157,2.709723711013794,1.0735371112823486,-6.000960350036621
1383,1,-1.911879301071167,3.049494504928589,1.1927578449249268,-7.264320373535156
1383,2,-1.9437713623046875,3.10036301612854,1.2126541137695312,-1.421280026435852
1383,3,-1.9756630659103394,3.151231288909912,1.2325503826141357,-1.7371200323104858
1383,4,2.8475871086120605,4.162307262420654,2.31290340423584,4.395999908447266
1383,5,-0.6101371049880981,0.40922483801841736,1.6416059732437134,4.420919895172119
1383,6,-0.43309640884399414,1.3069108724594116,0.9622741341590881,4.684959888458252
1386,0,0.02554074302315712,0.31857794523239136,0.015993334352970123,0.2886800169944763
1386,1,0.0,0.6658668518066406,0.013319111429154873,4.802560329437256
1391,0,3.7091450691223145,4.981768608093262,0.062111467123031616,-3.2158000469207764
1391,1,1.437340497970581,0.8437005281448364,0.033337775617837906,-3.0094401836395264
1391,2,-1.720779538154602,2.7446858882904053,1.0735371112823486,7.422240257263184
1391,3,-0.01384779904037714,0.6922976970672607,0.06248806044459343,0.3158400058746338
1391,4,-0.006924245972186327,0.6924015283584595,0.06248806044459343,0.3158400058746338
1391,5,0.03535226732492447,0.8833352327346802,0.035380564630031586,0.3158400058746338
1391,6,0.037902310490608215,0.9470522999763489,0.018958736211061478,0.3158400058746338
1391,7,0.03762417659163475,0.7518563866615295,0.09077178686857224,0.3158400058746338
1391,8,0.040957339107990265,0.8184641003608704,0.0574580542743206,0.3158400058746338
1391,9,0.044183701276779175,0.8829375505447388,0.035380564630031586,0.3158400058746338
1391,10,0.047370776534080505,0.9466259479522705,0.018958736211061478,0.3158400058746338
1391,11,0.04514073580503464,0.751442551612854,0.09077178686857224,0.3158400058746338
1391,12,0.04913979768753052,0.818013608455658,0.0574580542743206,0.3158400058746338
1394,0,0.020523499697446823,0.5128138661384583,0.0051324148662388325,0.4309200048446655
1401,0,-1.7175146341323853,3.299037218093872,1.2325503826141357,-1.7371200323104858
1401,1,-1.6439003944396973,3.403132677078247,1.2524467706680298,-1.2633600234985352
1401,2,-1.6700154542922974,3.4571948051452637,1.2723431587219238,-2.2108800411224365
1401,3,0.009411669336259365,0.941135585308075,0.11348717659711838,-0.3158400058746338
1401,4,0.052819523960351944,0.7533317804336548,0.06815040856599808,0.3158400058746338
1401,5,0.05681286379694939,0.810286283493042,0.12276343256235123,0.3158400058746338
1404,0,0.4690799415111542,0.946777880191803,0.08470957726240158,4.620840072631836
1406,0,-3.9997541904449463,5.261419296264648,0.7969242334365845,0.14363999664783478
1406,1,-0.5826186537742615,3.854949712753296,0.5494161248207092,-0.6451200246810913
1406,2,-2.23992919921875,2.8272864818573,2.017636775970459,4.75216007232666
1406,3,0.0,3.049548864364624,0.3986898362636566,-3.4406399726867676
1406,4,0.0,5.833858013153076,0.82211834192276,-3.4406399726867676
1406,5,0.0,5.065968990325928,0.7656462788581848,-3.4406399726867676
1411,0,0.007694486994296312,0.3846730589866638,0.0,0.28700000047683716
1411,1,0.0,1.8560000658035278,0.0,0.0
1411,2,0.06539089232683182,0.6517277956008911,0.0,2.569000005722046
1414,0,-3.969935178756714,5.929209232330322,0.2855738401412964,0.4737600088119507
1414,1,-1.7753254175186157,2.709723711013794,1.0735371112823486,0.7896000146865845
1414,2,-1.9756630659103394,3.151231288909912,1.2325503826141357,-2.5267200469970703
1414,3,-1.9126709699630737,3.119645595550537,1.2126541137695312,6.316800117492676
1414,4,-3.9790549278259277,1.5929608345031738,0.1286206990480423,0.0002800000074785203
1414,5,-0.4409097731113434,0.4638950824737549,0.0,0.0
1414,6,1.362074375152588,0.6761895418167114,0.9747104048728943,-8.954959869384766
1417,0,3.453927516937256,2.316582441329956,2.845233201980591,-1.5946000814437866
1420,0,-2.032296895980835,2.9706006050109863,1.1927578449249268,-3.158400058746338
1427,0,-3.9699180126190186,5.802813529968262,1.572235345840454,-0.4737600088119507
1427,1,-1.7972413301467896,2.8039464950561523,0.744763195514679,-3.0004801750183105
1427,2,0.0208032988011837,0.6932352781295776,0.04862776771187782,0.3158400058746338
1427,3,0.06247556209564209,0.6922976970672607,0.013904073275625706,-0.3158400058746338
1427,4,0.020523499697446823,0.5128138661384583,0.0051324148662388325,0.4309200048446655
1430,0,0.0,3.936500072479248,0.0,6.530440330505371
1430,1,1.71208918094635,2.348175287246704,2.653491735458374,8.946280479431152
1432,0,0.02248869650065899,0.7493983507156372,0.11331146955490112,-0.3158400058746338
1435,0,-1.6097875833511353,3.419401168823242,1.2524467706680298,-0.9475200176239014
1435,1,0.020850200206041336,0.6947982311248779,0.013904073275625706,0.3158400058746338
1435,2,0.03031584993004799,0.7574920058250427,0.01516398973762989,-2.049600124359131
1438,0,-1.6177854537963867,3.3490703105926514,1.2325503826141357,-0.4737600088119507
1438,1,-1.6097875833511353,3.419401168823242,1.2524467706680298,-2.2108800411224365
1438,2,-1.635360598564148,3.473721981048584,1.2723431587219238,-3.0004801750183105
1438,3,-2.589273691177368,3.201925754547119,0.2060641050338745,5.144160270690918
1440,0,0.10755926370620728,0.711675763130188,0.23852010071277618,0.0
1440,1,0.11653139442205429,0.771040678024292,0.25841644406318665,0.0
1440,2,0.1255035400390625,0.8304056525230408,0.2783127725124359,0.0
1440,3,0.1051430031657219,0.6515265107154846,0.21870240569114685,0.0
1440,4,0.114670529961586,0.7105645537376404,0.23852010071277618,0.0
1440,5,0.1242358535528183,0.7698368430137634,0.25841644406318665,0.0
1440,6,0.1338011920452118,0.8291091322898865,0.2783127725124359,0.0
1440,7,0.6758593916893005,3.9372711181640625,1.3238534927368164,0.0
1440,8,2.178781747817993,5.012943744659424,1.6908189058303833,-7.043960094451904
1444,0,0.0032143036369234324,0.3214196562767029,0.006429571192711592,0.21615999937057495
1449,0,0.3261513113975525,0.37186551094055176,0.12629972398281097,-4.9568400382995605
1453,0,0.05542462319135666,0.6913292407989502,0.04862776771187782,0.3158400058746338
1453,1,0.060350071638822556,0.7527658939361572,0.06815040856599808,1.421280026435852
1453,2,0.30446723103523254,3.797718048095703,0.4593955874443054,0.8343999981880188
1455,0,1.8467764854431152,2.6423330307006836,2.450702428817749,6.412559986114502
1457,0,-2.066197633743286,3.020153045654297,1.2126541137695312,-3.0004801750183105
1457,1,-2.0692968368530273,3.090552568435669,1.2325503826141357,-2.368800163269043
1457,2,0.047729045152664185,0.7945293188095093,0.20324237644672394,0.3158400058746338
1457,3,0.05034191161394119,0.7179951667785645,0.23852010071277618,0.3158400058746338
1460,0,1.7377774715423584,2.540102481842041,2.3396506309509277,0.4110400080680847
1464,0,0.5937785506248474,0.5652583241462708,1.0545796155929565,-4.9070000648498535
1466,0,0.0,0.3700000047683716,0.0,4.300800323486328
1466,1,0.020523499697446823,0.5128138661384583,0.0051324148662388325,0.4309200048446655
1468,0,0.3763788938522339,1.1357603073120117,0.0,-1.989400029182434
1473,0,0.03474106639623642,0.6942422986030579,0.013904073275625706,0.3158400058746338
1480,0,0.007694486994296312,0.3846730589866638,0.0,0.28700000047683716
1480,1,0.05109091475605965,1.2765915393829346,0.08957930654287338,0.35840001702308655
1480,2,0.0,0.3840000033378601,0.0,0.0
1480,3,-0.17403358221054077,4.348519325256348,0.0,0.0008399999933317304
1480,4,0.06539089232683182,0.6517277956008911,0.0,2.569000005722046
1488,0,0.942896842956543,0.7482369542121887,0.7715389132499695,-3.173520088195801
1501,0,2.772545099258423,4.052618026733398,0.944341778755188,-4.858839988708496
1503,0,-0.4774109721183777,5.290236473083496,0.05311911553144455,0.04844000190496445
1503,1,-0.3031628727912903,5.046649932861328,0.050559159368276596,0.04844000190496445
1503,2,-0.318512886762619,5.302176475524902,0.05311911553144455,0.04872000217437744
1503,3,-0.3031628727912903,5.046649932861328,0.050559159368276596,0.04872000217437744
1503,4,-0.318512886762619,5.302176475524902,0.05311911553144455,0.04928000271320343
1503,5,-0.3031628727912903,5.046649932861328,0.050559159368276596,0.04928000271320343
1503,6,0.19449840486049652,4.859866619110107,0.04863918945193291,0.04928000271320343
1503,7,0.18832911550998688,0.9290567636489868,0.009479842148721218,0.004200000315904617
1503,8,0.20025260746479034,0.8552563786506653,0.1059153825044632,0.0
1503,9,0.21390271186828613,0.8740830421447754,0.2982091009616852,0.0
1503,10,0.20879501104354858,0.8532111644744873,0.1059153825044632,0.0
1503,11,0.22263270616531372,0.8719003200531006,0.2982091009616852,0.0
1503,12,0.21731655299663544,0.851080596446991,0.1059153825044632,0.0
1503,13,0.2313404381275177,0.8696304559707642,0.2982091009616852,0.0
1503,14,0.22489799559116364,0.8454127311706543,0.13221539556980133,0.0
1503,15,0.007694486994296312,0.3846730589866638,0.0,0.28700000047683716
1503,16,0.0,4.3520002365112305,0.0,0.0
1503,17,-0.1330845057964325,3.325338125228882,0.0,0.0008399999933317304
1503,18,0.06539089232683182,0.6517277956008911,0.0,2.569000005722046
1503,19,0.0,0.6172500252723694,0.0,0.8492400050163269
1503,20,0.0,0.49525001645088196,0.0,0.8492400050163269
1503,21,0.0,1.4172500371932983,0.0,0.9200800061225891
1503,22,0.0,0.38600000739097595,0.0,0.8492400050163269
1503,23,0.0,1.0444999933242798,0.0,0.9200800061225891
1503,24,0.0,0.5265000462532043,0.0,0.9909200072288513
1503,25,0.0,0.5602500438690186,0.0,0.9909200072288513
1503,26,0.0,0.5742500424385071,0.0,0.9909200072288513
1503,27,0.0,0.5672500133514404,0.0,0.9909200072288513
1503,28,0.007694486994296312,0.3846730589866638,0.0,0.28700000047683716
1503,29,0.19406169652938843,4.848954677581787,0.3402544856071472,0.35840001702308655
1510,0,-1.7543632984161377,3.2113404273986816,1.2126541137695312,-0.6316800117492676
1510,1,-1.7831474542617798,3.2640295028686523,1.2325503826141357,-1.579200029373169
1510,2,-1.7786744832992554,3.334671974182129,1.2524467706680298,-1.421280026435852
1519,0,-0.09385416656732559,0.7178835272789001,0.5278737545013428,0.0008399999933317304
1519,1,0.02554074302315712,0.31857794523239136,0.015993334352970123,0.2886800169944763
1519,2,0.0,0.6658668518066406,0.013319111429154873,4.802560329437256
1523,0,0.008213221095502377,0.8212947249412537,0.016428904607892036,-1.1054400205612183
1523,1,0.017690282315015793,0.8843962550163269,0.01769382134079933,0.3158400058746338
1523,2,1.9510695934295654,2.9139769077301025,1.5241824388504028,4.34112024307251
1526,0,-1.720779538154602,2.7446858882904053,1.0735371112823486,7.896000385284424
1526,1,-0.025898873805999756,0.8630368113517761,0.1930786669254303,-0.3158400058746338
1528,0,-3.844209671020508,5.997501850128174,0.49947935342788696,-0.3158400058746338
1528,1,0.25946250557899475,5.184925556182861,1.052351474761963,-4.8316802978515625
1532,0,-0.9926089644432068,0.5562627911567688,0.0912226140499115,-1.9191200733184814
1535,0,-0.18818144500255585,0.421390563249588,0.0,8.389920234680176
1535,1,-0.1876717507839203,0.42024919390678406,0.0,-4.010720252990723
1535,2,0.042289480566978455,0.6031484007835388,0.012094194069504738,0.0
1535,3,0.0,1.1007500886917114,0.0,0.9200800061225891
1535,4,0.0,0.4617500305175781,0.0,0.8492400050163269
1535,5,0.0,0.861750066280365,0.0,0.9200800061225891
1535,6,0.0,0.36100003123283386,0.0,0.8492400050163269
1535,7,0.0,0.6907500624656677,0.0,0.9200800061225891
1535,8,0.0,0.5702500343322754,0.0,0.9200800061225891
1541,0,0.008213221095502377,0.8212947249412537,0.016428904607892036,0.7896000146865845
1543,0,0.0,3.8732502460479736,0.0,0.2710399925708771
1543,1,1.6497366428375244,2.2626571655273438,2.661475896835327,-7.04032039642334
1548,0,-0.054549094289541245,5.454727649688721,0.0,-2.6222000122070312
1548,1,-0.3260297477245331,2.0202677249908447,1.3407405614852905,2.7129201889038086
1550,0,3.3912456035614014,1.3971463441848755,2.2487313747406006,-5.287800312042236
1552,0,0.06716800481081009,0.744295060634613,0.12828251719474792,-5.527200222015381
1552,1,0.07236344367265701,0.8018661737442017,0.16320686042308807,-8.211840629577637
1552,2,0.06840863823890686,0.6818045973777771,0.11762402951717377,0.3158400058746338
1552,3,0.0746074765920639,0.7435862421989441,0.12828251719474792,0.3158400058746338
1552,4,-0.5188801884651184,1.1619168519973755,0.14054366946220398,5.594399929046631
1552,5,0.0,3.909929037094116,0.4714566171169281,6.62060022354126
1552,6,0.0032143036369234324,0.3214196562767029,0.006429571192711592,0.21615999937057495
1556,0,-0.3179835379123688,0.6933470964431763,2.021632432937622,4.408880233764648
1558,0,1.9703973531723022,2.8192074298858643,2.253474473953247,0.0
1558,1,0.007694486994296312,0.3846730589866638,0.0,0.28700000047683716
1570,0,-1.722801685333252,3.0089359283447266,0.24310386180877686,3.632160186767578
1570,1,-1.671283483505249,2.918957233428955,0.5773770809173584,-0.4737600088119507
1570,2,-1.6019033193588257,2.9322643280029297,0.23427358269691467,-2.842560052871704
1570,3,0.02219589799642563,0.7396413087844849,0.1654726266860962,0.3158400058746338
1570,4,0.03248235583305359,0.8116257786750793,0.12276343256235123,0.3158400058746338
1570,5,0.04411077871918678,0.88148033618927,0.061881937086582184,0.3158400058746338
1580,0,-1.972482681274414,3.0106496810913086,1.1927578449249268,-3.7900800704956055
1580,1,-2.005385637283325,3.060870409011841,1.2126541137695312,-2.6846401691436768
1580,2,-1.9440525770187378,3.170830011367798,1.2325503826141357,-2.6846401691436768
1580,3,0.016425620764493942,0.8211715221405029,0.016428904607892036,-8.243480682373047
1582,0,0.013487177900969982,0.4494377374649048,0.0179952010512352,0.3600800037384033
1582,1,2.041414260864258,2.9839272499084473,1.319727897644043,-2.936079978942871
1589,0,-0.2949847877025604,0.8901455998420715,0.0,1.3644400835037231
1596,0,0.0328446701169014,0.8206788301467896,0.016428904607892036,-0.3158400058746338
1596,1,0.03788912668824196,0.7571510076522827,0.01516398973762989,0.3158400058746338
1596,2,0.04545861855149269,0.7567342519760132,0.01516398973762989,0.3158400058746338
1598,0,2.827878952026367,1.1982636451721191,0.9838141202926636,-6.361600399017334
1600,0,-3.935065269470215,5.751869201660156,1.5584323406219482,0.0
1600,1,-3.891324043273926,5.939425468444824,1.218874216079712,0.0
1600,2,0.18641872704029083,1.5460255146026611,0.2673081159591675,0.0
1603,0,-1.4522405862808228,2.368664503097534,0.9207363128662109,-1.7371200323104858
1605,0,-2.3163082599639893,2.8643736839294434,1.8712129592895508,8.614200592041016
1607,0,0.8584794402122498,1.6900336742401123,0.5042635202407837,8.797599792480469
1609,0,3.7047531604766846,5.415223121643066,0.9916341304779053,-0.3158400058746338
1615,0,-0.5226694345474243,1.6316721439361572,1.8734233379364014,-4.7930402755737305
1617,0,0.312431275844574,2.8288190364837646,0.696468710899353,-4.927999973297119
1620,0,-1.6932470798492432,2.761756181716919,1.0735371112823486,8.401400566101074
1620,1,-1.724504828453064,2.8127386569976807,1.0933547019958496,8.401400566101074
1620,2,-1.6346769332885742,2.7270541191101074,1.0536407232284546,5.3692803382873535
1622,0,1.0462831258773804,0.956879198551178,1.2946327924728394,-6.938120365142822
1625,0,-0.7721755504608154,4.784843921661377,0.0,-2.6751201152801514
1625,1,2.67478346824646,2.495800495147705,2.6673529148101807,2.2405600547790527
1625,2,2.4327988624572754,1.3001158237457275,2.053755283355713,-5.293400287628174
1630,0,-1.7798750400543213,2.246596097946167,2.670149564743042,3.668840169906616
1635,0,-1.226564884185791,3.701280117034912,1.2921608686447144,-1.421280026435852
1635,1,-1.1782662868499756,3.6783177852630615,1.1947882175445557,-1.579200029373169
1637,0,-1.2631933689117432,3.811809778213501,0.484205961227417,-1.2633600234985352
1637,1,-1.2735340595245361,3.8430142402648926,0.6949588656425476,-1.2633600234985352
1639,0,-1.2077531814575195,3.6445138454437256,1.2723431587219238,-0.9475200176239014
1639,1,-1.226564884185791,3.701280117034912,1.2921608686447144,-0.9475200176239014
1641,0,-1.1846646070480347,3.8296988010406494,0.8964328169822693,-0.7896000146865845
1641,1,0.0593874491751194,0.7407588362693787,0.15064102411270142,0.3158400058746338
1645,0,0.8024296164512634,0.7338627576828003,1.3988032341003418,-4.79640007019043
1647,0,-1.9754036664962769,5.960974216461182,1.6034870147705078,4.625600337982178
1647,1,-2.389051914215088,4.3731303215026855,0.6008655428886414,-5.008640289306641
1647,2,0.06539761275053024,0.35938772559165955,0.7358165383338928,4.122440338134766
1650,0,-1.720779538154602,2.7446858882904053,1.0735371112823486,-8.685600280761719
1652,0,-1.584214448928833,3.3650805950164795,1.2325503826141357,-1.421280026435852
1652,1,-1.9648908376693726,4.2843451499938965,1.5619803667068481,5.673920154571533
1657,0,-3.3113532066345215,1.9437220096588135,0.15366901457309723,-2.7252399921417236
1657,1,3.973581075668335,2.3324413299560547,0.18440082669258118,-3.224480152130127
1657,2,1.9465687274932861,2.6144447326660156,2.4268531799316406,-0.001120000029914081
1662,0,-1.2635157108306885,3.6888294219970703,1.2921608686447144,-1.7371200323104858
1662,1,0.30050957202911377,0.752378523349762,0.2684825658798218,-2.16972017288208
1664,0,0.0,3.86650013923645,0.0,-8.233960151672363
1664,1,-1.4243758916854858,1.7613996267318726,2.7966811656951904,-1.8916800022125244
1664,2,2.4286553859710693,3.401911735534668,2.984051465988159,1.471119999885559
1664,3,1.3351670503616333,2.69486403465271,2.1470701694488525,-0.09940000623464584
1668,0,-3.8103747367858887,5.944714546203613,1.067175030708313,-0.4737600088119507
1672,0,1.3920162916183472,1.0599671602249146,1.5345529317855835,-4.8347601890563965
1677,0,-1.7753254175186157,2.709723711013794,1.0735371112823486,-0.3158400058746338
1679,0,0.0,4.126500129699707,0.0,6.340320110321045
1684,0,3.884058952331543,1.7850561141967773,1.046069860458374,-4.750760078430176
1684,1,1.183512568473816,3.4552605152130127,2.834592342376709,-4.858839988708496
1689,0,-2.222226142883301,2.1582586765289307,0.857341468334198,4.29856014251709
1691,0,-3.5075881481170654,5.851543426513672,2.1103835105895996,0.3158400058746338
1705,0,-3.9923863410949707,5.712231159210205,1.5584323406219482,-0.6316800117492676
1707,0,-1.9437713623046875,3.10036301612854,1.2126541137695312,-2.842560052871704
1719,0,0.0,3.8505001068115234,0.0,3.5957601070404053
1724,0,0.0,3.8445000648498535,0.0,-5.113080024719238
1727,0,-0.44290974736213684,1.3365236520767212,0.0,-2.219560146331787
1727,1,-0.44290974736213684,1.3365236520767212,0.0,-3.581480026245117
1727,2,-0.48322874307632446,1.3238110542297363,0.0,-1.4308000802993774
1727,3,-0.44290974736213684,1.3365236520767212,0.0,-5.588520050048828
1727,4,-0.48322874307632446,1.3238110542297363,0.0,4.160240173339844
1727,5,-0.50330650806427,1.518776774406433,0.0,-7.810600280761719
1727,6,-0.5489794015884399,1.5039358139038086,0.0,7.887600421905518
1727,7,-0.04249782860279083,2.124608278274536,1.4538131952285767,8.611400604248047
1727,8,-0.021105583757162094,2.110487937927246,1.4751337766647339,-4.827199935913086
1729,0,2.317070722579956,3.3152213096618652,0.20240314304828644,-5.80019998550415
1729,1,0.0,4.125500202178955,0.0,8.478680610656738
1732,0,-3.6104111671447754,5.888730049133301,1.5446293354034424,0.3158400058746338
1732,1,0.013487177900969982,0.4494377374649048,0.0179952010512352,0.3600800037384033
1747,0,-2.0998494625091553,1.232584834098816,0.024349594488739967,-2.940279960632324
1749,0,-0.34140127897262573,5.683191776275635,0.1708543598651886,0.049560002982616425
1749,1,-2.407752513885498,2.977454423904419,0.5396132469177246,1.9896800518035889
1752,0,-1.9437713623046875,3.10036301612854,1.2126541137695312,-1.7371200323104858
1752,1,-1.6932470798492432,2.761756181716919,1.0735371112823486,8.685600280761719
1752,2,1.4252549409866333,1.7268781661987305,1.885947346687317,-3.8897600173950195
1752,3,-2.9571194648742676,3.8899006843566895,2.008535623550415,-0.842519998550415
1752,4,0.0032143036369234324,0.3214196562767029,0.006429571192711592,0.21615999937057495
1758,0,-1.7753254175186157,2.709723711013794,1.0735371112823486,-6.948480129241943
1758,1,-2.0382883548736572,3.111090660095215,1.2325503826141357,-1.8950400352478027
1758,2,-1.9756630659103394,3.151231288909912,1.2325503826141357,-1.8950400352478027
1758,3,-1.9440525770187378,3.170830011367798,1.2325503826141357,-1.8950400352478027
1758,4,-1.881379246711731,3.138615846633911,1.2126541137695312,-1.8950400352478027
1760,0,1.725287675857544,2.633349895477295,2.545825958251953,1.5271199941635132
1760,1,0.0,4.124250411987305,0.0,3.5137200355529785
1760,2,-2.004056453704834,2.4782395362854004,2.2753336429595947,-6.928320407867432
1760,3,2.2434465885162354,3.0769457817077637,1.1779435873031616,-4.456480026245117
1760,4,-2.0849130153656006,2.5782275199890137,2.1723670959472656,3.4171199798583984
1760,5,2.1871914863586426,3.0636839866638184,1.374077320098877,3.9608800411224365
1764,0,-0.4240570366382599,1.370861291885376,1.924088478088379,-4.8347601890563965
1768,0,1.5078223943710327,1.3515406847000122,0.3894270658493042,2.9565200805664062
1768,1,-2.6901495456695557,1.0458754301071167,1.6911354064941406,6.5399603843688965
1782,0,0.05551625043153763,0.6924721002578735,0.027802584692835808,0.3158400058746338
1784,0,-3.0850160121917725,0.9232844114303589,2.397590398788452,0.014000000432133675
1789,0,-1.7863883972167969,3.193636417388916,1.2126541137695312,-1.579200029373169
1789,1,-1.8450077772140503,3.298434019088745,1.2524467706680298,-1.421280026435852
1789,2,-1.7831474542617798,3.2640295028686523,1.2325503826141357,-1.579200029373169
1795,0,2.013190269470215,2.880434513092041,2.012115955352783,-4.345600128173828
1795,1,1.6731975078582764,2.393979549407959,2.460106372833252,-2.737840175628662
1795,2,1.722446084022522,2.6290125846862793,2.3401105403900146,-7.658840179443359
1795,3,2.3630783557891846,3.3810479640960693,0.0,8.977359771728516
1795,4,0.020523499697446823,0.5128138661384583,0.0051324148662388325,0.4309200048446655
1795,5,0.4420570135116577,1.333950400352478,0.12681862711906433,-2.9537200927734375
1798,0,0.0,3.920250177383423,0.0,-8.519840240478516
1798,1,1.790239930152893,2.4553608894348145,2.5079567432403564,2.7829201221466064
1801,0,0.020704399794340134,0.6899396181106567,0.0832299143075943,0.3158400058746338
1801,1,0.022580526769161224,0.7524584531784058,0.09077178686857224,0.3158400058746338
1801,2,0.027602646499872208,0.6896981000900269,0.0832299143075943,0.3158400058746338
1801,3,0.030103858560323715,0.7521950006484985,0.09077178686857224,0.3158400058746338
1801,4,0.0,5.88800048828125,0.0,0.0
1801,5,0.025560418143868446,0.6386696100234985,0.04481588304042816,0.35840001702308655
1801,6,0.39743101596832275,0.5016458630561829,0.0,0.7459200024604797
1801,7,-0.1330845057964325,3.325338125228882,0.0,0.0008399999933317304
1801,8,0.06539089232683182,0.6517277956008911,0.0,2.569000005722046
1801,9,0.0,1.7920000553131104,0.0,0.0
1801,10,-2.4017550945281982,0.7980393767356873,1.768871545791626,4.863039970397949
1801,11,0.43591707944869995,1.1942001581192017,0.8885174989700317,7.0725202560424805
1805,0,0.0,3.9305002689361572,0.0,-7.819840431213379
1805,1,1.8325914144515991,2.5134472846984863,2.4643826484680176,2.2170400619506836
1805,2,2.111603260040283,3.086522340774536,0.7192219495773315,-1.622040033340454
1805,3,0.02554074302315712,0.31857794523239136,0.015993334352970123,0.2886800169944763
1805,4,0.0,0.6659666895866394,0.006659889128059149,4.802560329437256
1805,5,0.0,2.293750047683716,0.0,0.7168000340461731
1805,6,-3.641711950302124,1.2100441455841064,0.6983048915863037,-3.998120069503784
1808,0,0.5653484463691711,1.9660577774047852,0.1434352993965149,-2.741760015487671
1808,1,-2.2599878311157227,1.326583981513977,0.18373987078666687,-2.940279960632324
1808,2,0.33271124958992004,0.4114345610141754,0.6146103143692017,-4.7636399269104
1808,3,-2.621375799179077,2.080195903778076,2.389071226119995,0.0610400028526783
1816,0,0.022725895047187805,0.7573026418685913,0.030321914702653885,-0.3158400058746338
1816,1,0.027797024697065353,0.6945549845695496,0.013904073275625706,-0.3158400058746338
1816,2,0.030247656628489494,0.7557880878448486,0.05303416773676872,-0.3158400058746338
1816,3,0.034720223397016525,0.6938257217407227,0.027802584692835808,-0.3158400058746338
1816,4,0.03780389577150345,0.7554478645324707,0.05303416773676872,-0.3158400058746338
1816,5,0.040596853941679,0.8112604022026062,0.12276343256235123,0.3158400058746338
1816,6,0.043153274804353714,0.8623462915420532,0.1930786669254303,-0.3158400058746338
1816,7,0.23141072690486908,3.8522162437438965,0.15444880723953247,-0.3158400058746338
1816,8,2.1558451652526855,3.084542751312256,1.0821397304534912,3.065999984741211
1816,9,1.7270537614822388,2.524427652359009,2.4232425689697266,-4.4416399002075195
1816,10,2.3437066078186035,3.3533310890197754,0.5348705053329468,6.480040073394775
1819,0,-1.1576879024505615,3.8794851303100586,0.6949588656425476,-0.7896000146865845
1819,1,-1.175513505935669,3.9392201900482178,0.7056595683097839,-0.9475200176239014
1819,2,0.0,0.4480000138282776,0.0,0.0
1819,3,0.0032143036369234324,0.3214196562767029,0.006429571192711592,0.21615999937057495
1822,0,0.007694486994296312,0.3846730589866638,0.0,0.28700000047683716
1822,1,1.2320361137390137,1.5551022291183472,0.0,0.7459200024604797
1822,2,0.0,1.2160000801086426,0.0,0.0
1825,0,-1.7786744832992554,3.334671974182129,1.2524467706680298,-2.2108800411224365
1825,1,-1.7175146341323853,3.299037218093872,1.2325503826141357,-1.579200029373169
1825,2,-0.017566578462719917,0.8782118558883667,0.1059153825044632,4.105920314788818
1825,3,0.020704399794340134,0.6899396181106567,0.0832299143075943,0.3158400058746338
1825,4,2.457395553588867,1.3450236320495605,1.1844159364700317,-4.875080108642578
1829,0,0.020523499697446823,0.5128138661384583,0.0051324148662388325,0.4309200048446655
1832,0,1.7133307456970215,2.4514012336730957,2.7308661937713623,5.594399929046631
1836,0,-1.688887596130371,2.693817377090454,1.0536407232284546,-4.263840198516846
1836,1,-1.720779538154602,2.7446858882904053,1.0735371112823486,8.559320449829102
1836,2,0.16081558167934418,2.6770427227020264,0.8295990228652954,0.3158400058746338
1838,0,3.5390305519104004,4.287986755371094,0.8972403407096863,4.387880325317383
1838,1,-3.527155637741089,1.453139305114746,2.3916659355163574,4.329639911651611
1841,0,-0.06132635846734047,0.5552619099617004,0.011174255050718784,-7.452760219573975
1841,1,-0.11352363228797913,3.7829859256744385,2.817866802215576,2.2909600734710693
1841,2,0.013487177900969982,0.4494377374649048,0.0179952010512352,0.3600800037384033
1844,0,0.07334540039300919,0.7310075759887695,0.18759407103061676,0.3158400058746338
1844,1,-3.740107297897339,4.4404120445251465,0.5239245295524597,4.389280319213867
1847,0,1.773644208908081,2.537696599960327,2.6077933311462402,-4.375840187072754
1847,1,-2.475322723388672,3.1244049072265625,1.0603930950164795,8.358560562133789
1847,2,-3.4100048542022705,2.596588134765625,0.1286206990480423,0.0002800000074785203
1847,3,-0.27260127663612366,0.5790411233901978,0.0,0.0
1847,4,-2.926114320755005,1.7175917625427246,0.1018197312951088,-2.4385199546813965
1850,0,-3.967798948287964,5.799715995788574,0.8473230600357056,-0.3158400058746338
1850,1,-3.8977367877960205,5.94921350479126,0.641845166683197,0.3158400058746338
1850,2,0.02959107793867588,0.7393823862075806,0.1654726266860962,-0.3158400058746338
1852,0,0.007694486994296312,0.3846730589866638,0.0,0.28700000047683716
1852,1,0.11747020483016968,2.9351887702941895,0.20596420764923096,0.35840001702308655
1852,2,2.4243292808532715,3.06003999710083,0.0,0.7459200024604797
1852,3,0.0,0.5760000348091125,0.0,0.0
1852,4,-0.23545721173286438,5.883290767669678,0.0,0.0008399999933317304
1852,5,0.06539089232683182,0.6517277956008911,0.0,2.569000005722046
1861,0,-0.41706740856170654,0.5842025279998779,0.08655192703008652,0.14363999664783478
1861,1,0.12094821780920029,1.3402388095855713,2.8525161743164062,4.4556403160095215
1863,0,0.08202385902404785,4.100646495819092,0.16414622962474823,0.7123200297355652
1863,1,0.013487177900969982,0.4494377374649048,0.0179952010512352,0.3600800037384033
1866,0,0.08610270172357559,0.6585931777954102,0.20546041429042816,0.0
1866,1,0.09446703642606735,0.7225713729858398,0.20954668521881104,0.0
1866,2,0.10234707593917847,0.782845139503479,0.22702619433403015,0.0
1866,3,0.10887143760919571,0.8327494859695435,0.2783127725124359,0.0
1866,4,0.09862258285284042,0.6525453925132751,0.21870240569114685,0.0
1866,5,0.10108279436826706,0.7172966003417969,0.2240781933069229,0.0
1866,6,0.10951469093561172,0.7771304249763489,0.24276985228061676,0.0
1866,7,0.1255035400390625,0.8304056525230408,0.2783127725124359,0.0
1866,8,0.08389543741941452,0.6417099237442017,1.7685589790344238,4.353720188140869
1866,9,-1.891317367553711,1.0351879596710205,0.6906527876853943,3.5646800994873047
1866,10,3.777329444885254,1.3822425603866577,0.7735660672187805,0.017079999670386314
1866,11,0.020523499697446823,0.5128138661384583,0.0051324148662388325,0.4309200048446655
1866,12,0.38012948632240295,0.7126695513725281,0.6013758778572083,2.535680055618286
1866,13,0.020523499697446823,0.5128138661384583,0.0051324148662388325,0.4309200048446655
1869,0,1.9473974704742432,3.401200532913208,0.0,-8.154720306396484
1872,0,-0.6353293657302856,1.1096258163452148,0.8195661902427673,-4.852680206298828
1876,0,-0.8138664364814758,2.2295970916748047,1.6588809490203857,4.927160263061523
1879,0,-1.4345649480819702,0.6767613291740417,0.5610920786857605,-1.1289600133895874
1879,1,0.5213168859481812,1.9596790075302124,1.8515946865081787,-4.6782402992248535
1882,0,1.1049937009811401,3.3344268798828125,0.0,6.655879974365234
1882,1,1.0447542667388916,3.152648448944092,0.0,-7.9668402671813965
1882,2,0.01516398973762989,0.7580984234809875,0.0,2.5815999507904053
1882,3,0.09810274094343185,0.8135949969291687,0.0574580542743206,-0.3158400058746338
1882,4,0.10623365640640259,0.8125733137130737,0.0574580542743206,-1.2633600234985352
1882,5,0.0,1.7310000658035278,0.0,0.0
1882,6,-0.31103700399398804,2.379098653793335,0.9306173920631409,4.5348801612854
1882,7,2.809875011444092,3.4747238159179688,2.3264434337615967,-4.976439952850342
1886,0,0.0427410714328289,4.273964881896973,2.1711368560791016,4.166399955749512
1889,0,1.6085089445114136,4.8538336753845215,2.4700605869293213,3.708320140838623
1889,1,0.517026424407959,0.44511547684669495,1.986619472503662,4.394880294799805
1889,2,0.013487177900969982,0.4494377374649048,0.0179952010512352,0.3600800037384033
1889,3,2.041414260864258,2.9839272499084473,1.319727897644043,-2.936079978942871
1893,0,2.6785686016082764,3.380946159362793,1.6730139255523682,4.392360210418701
1898,0,-1.0496314764022827,1.7119922637939453,1.2871572971343994,8.008560180664062
1898,1,0.9587869048118591,3.4643499851226807,1.9637271165847778,0.017079999670386314
1900,0,-1.7633869647979736,1.5806165933609009,0.2855435311794281,8.009119987487793
1900,1,-1.0496314764022827,1.7119922637939453,1.2871572971343994,8.008560180664062
1903,0,-0.31945186853408813,2.4434635639190674,0.049291711300611496,-4.263840198516846
1903,1,0.008208292536437511,0.820801854133606,0.032851241528987885,-6.790560245513916
1903,2,0.015160957351326942,0.7579468488693237,0.01516398973762989,-0.3158400058746338
1903,3,0.016415763646364212,0.8206787705421448,0.032851241528987885,-6.790560245513916
1903,4,0.017566578462719917,0.8782118558883667,0.1059153825044632,0.3158400058746338
1903,5,0.02273954078555107,0.757757306098938,0.01516398973762989,-0.3158400058746338
1903,6,0.024621592834591866,0.8204735517501831,0.032851241528987885,-8.685600280761719
1903,7,0.0,4.1347503662109375,0.0,0.0
1903,8,-3.9385483264923096,5.6352009773254395,0.3440440893173218,-4.893840312957764
1903,9,0.0032143036369234324,0.3214196562767029,0.006429571192711592,0.21615999937057495
1906,0,2.106642723083496,2.8294410705566406,2.4654784202575684,5.4140801429748535
1909,0,0.0,3.482250213623047,0.0,-2.150400161743164
1912,0,2.1709814071655273,3.1733150482177734,1.2741519212722778,7.657440185546875
1914,0,-1.266620397567749,4.094639778137207,0.1286206990480423,0.0002800000074785203
1916,0,0.6178002953529358,0.9030362963676453,0.2793809473514557,2.310840129852295
1918,0,0.19939763844013214,0.7809044122695923,0.008059865795075893,-7.451920032501221
1924,0,-1.7863883972167969,3.193636417388916,1.2126541137695312,-1.579200029373169
1924,1,0.020523499697446823,0.5128138661384583,0.0051324148662388325,0.4309200048446655
1927,0,-1.6563308238983154,1.888486385345459,1.6818795204162598,-6.741840362548828
1934,0,-2.744126796722412,4.4757843017578125,0.31538069248199463,4.410560131072998
1936,0,0.7748918533325195,0.3102174699306488,0.6888923645019531,-9.1226806640625
1939,0,-0.3932364881038666,0.8140614032745361,0.6053208112716675,-4.225480079650879
1939,1,-0.20671160519123077,0.39705586433410645,0.01791522279381752,-5.587120056152344
1939,2,1.2234615087509155,0.5922014117240906,0.0,6.12108039855957
1944,0,-1.0778509378433228,2.3501996994018555,2.609482765197754,-4.803120136260986
1946,0,-0.6390867829322815,4.5350422859191895,0.9283818006515503,4.4161601066589355
1949,0,-2.261974334716797,3.1023571491241455,1.2723431587219238,-2.368800163269043
1949,1,-2.1650843620300293,3.097761869430542,1.2524467706680298,-2.368800163269043
1949,2,-2.0692968368530273,3.090552568435669,1.2325503826141357,-2.368800163269043
1951,0,0.0,5.184000015258789,0.0,0.0
1951,1,-1.7628499269485474,1.4278720617294312,1.5855538845062256,5.721519947052002
1951,2,0.020523499697446823,0.5128138661384583,0.0051324148662388325,0.4309200048446655
1954,0,0.0,3.9050002098083496,0.0,-3.358880043029785
1954,1,1.631091833114624,2.2370853424072266,2.7941746711730957,0.5342400074005127
1956,0,-0.06556127965450287,0.9350594878196716,0.14166735112667084,-0.3158400058746338
1956,1,-0.06064842268824577,0.8649904727935791,0.17577269673347473,-0.3158400058746338
1956,2,-0.0562075637280941,0.9356682896614075,0.14166735112667084,-0.3158400058746338
1956,3,-0.043337635695934296,0.8660303354263306,0.17577269673347473,-0.3158400058746338
1956,4,-0.046848222613334656,0.9361835718154907,0.14166735112667084,-0.3158400058746338
1956,5,-0.038973599672317505,0.7788224220275879,0.25841644406318665,-0.3158400058746338
1956,6,-0.03467531129717827,0.8664203882217407,0.17577269673347473,-0.3158400058746338
1959,0,0.020523499697446823,0.5128138661384583,0.0051324148662388325,0.4309200048446655
1969,0,-0.8886369466781616,1.3272041082382202,1.092724323272705,8.640520095825195
1971,0,-0.617093563079834,0.8643869161605835,0.7422930002212524,6.047440052032471
1975,0,-1.7831474542617798,3.2640295028686523,1.2325503826141357,-1.7371200323104858
1975,1,-1.811931848526001,3.316718816757202,1.2524467706680298,-0.7896000146865845
1975,2,-1.689789891242981,3.2457830905914307,1.2126541137695312,-2.368800163269043
1975,3,0.0921957790851593,0.8347602486610413,0.2783127725124359,0.4737600088119507
1975,4,3.923048257827759,5.380563735961914,2.2066845893859863,-1.2633600234985352
1975,5,0.020523499697446823,0.5128138661384583,0.0051324148662388325,0.4309200048446655
1975,6,-3.1682097911834717,5.664003849029541,0.9145656228065491,5.572000026702881
1981,0,-2.1794724464416504,2.6951608657836914,2.1730828285217285,-4.946199893951416
1981,1,2.141187906265259,3.0635712146759033,1.714172601699829,0.0
1981,2,0.013487177900969982,0.4494377374649048,0.0179952010512352,0.3600800037384033
1987,0,0.8812974095344543,2.341367721557617,1.8626526594161987,8.59712028503418
1997,0,0.0,0.9195000529289246,0.0,0.0
2000,0,-0.3120926320552826,4.451181888580322,2.55483341217041,4.386199951171875
2000,1,1.0054919719696045,1.269153356552124,0.4307384788990021,-4.788840293884277
2008,0,-1.7424225807189941,2.659503221511841,1.0536407232284546,-0.3158400058746338
2008,1,-1.7753254175186157,2.709723711013794,1.0735371112823486,-0.3158400058746338
2008,2,0.007694486994296312,0.3846730589866638,0.0,0.28700000047683716
2014,0,-0.4897650480270386,1.7696503400802612,1.7105724811553955,-1.5243200063705444
2014,1,0.20837704837322235,4.16406774520874,0.9323315620422363,1.3798400163650513
2014,2,-1.1396567821502686,1.3259090185165405,1.800205111503601,-1.5246000289916992
2014,3,-2.890045642852783,3.165128469467163,0.1286206990480423,0.0002800000074785203
2014,4,-0.22545550763607025,0.5989740490913391,0.0,0.0
2014,5,0.16410602629184723,1.4858508110046387,0.256607323884964,0.0
2014,6,0.08263137191534042,0.6852864027023315,0.0832299143075943,0.0
2014,7,0.09069917351007462,0.7521950602531433,0.030321914702653885,0.0
2014,8,0.1789560765028,1.4841355085372925,0.256607323884964,0.0
2017,0,-1.0206103324890137,3.4201297760009766,2.44179630279541,4.392360210418701
2020,0,0.2188388854265213,0.9346362948417664,0.31810542941093445,9.159080505371094
2023,0,-0.9751876592636108,0.6400227546691895,2.7528140544891357,-4.761120319366455
2023,1,-0.08782241493463516,0.7951627969741821,2.255847215652466,4.433520317077637
2023,2,-2.6992712020874023,2.897468090057373,1.3122930526733398,4.235000133514404
2023,3,0.9878929853439331,1.6112942695617676,2.1514792442321777,-4.799479961395264
2025,0,-1.8698948621749878,2.854067325592041,0.06825045496225357,0.3158400058746338
2030,0,2.100205898284912,3.0049350261688232,1.8622684478759766,0.0
2032,0,-2.515568494796753,3.175204038619995,0.12156426161527634,-8.703800201416016
2032,1,1.6382848024368286,2.344027042388916,2.773054838180542,2.53764009475708
2032,2,2.3497061729431152,3.2913246154785156,0.8197593092918396,-7.689080238342285
2035,0,-2.5901248455047607,1.5203702449798584,0.21058042347431183,-2.7252399921417236
2035,1,-3.655003786087036,4.519820213317871,0.4075569808483124,-2.952040195465088
2035,2,0.02554074302315712,0.31857794523239136,0.015993334352970123,0.2886800169944763
2035,3,0.0,0.6659666895866394,0.006659889128059149,4.802560329437256
2035,4,0.0,2.293750047683716,0.0,0.7168000340461731
2038,0,-1.3947454690933228,3.7054598331451416,1.3120571374893188,-1.579200029373169
2038,1,-1.337034821510315,3.66282320022583,1.2921608686447144,-1.579200029373169
2040,0,-1.2635157108306885,3.6888294219970703,1.2921608686447144,-1.2633600234985352
2040,1,0.006171715445816517,0.3085446357727051,0.2297709584236145,0.28700000047683716
2040,2,0.09959886223077774,2.4886434078216553,0.174629807472229,0.35840001702308655
2040,3,0.0,0.5120000243186951,0.0,0.0
2040,4,-0.21498267352581024,5.371700286865234,0.0,0.0008399999933317304
2040,5,0.06539089232683182,0.6517277956008911,0.0,2.569000005722046
2043,0,-1.8498996496200562,3.1572725772857666,1.2126541137695312,-1.8950400352478027
2043,1,-1.8802512884140015,3.2090744972229004,1.2325503826141357,-1.7371200323104858
2043,2,-1.9106031656265259,3.2608766555786133,1.2524467706680298,-1.7371200323104858
2043,3,0.07330425083637238,0.8122914433479309,0.09834358096122742,0.3158400058746338
2043,4,0.09642788767814636,0.8730786442756653,0.1059153825044632,0.3158400058746338
2045,0,2.843336582183838,2.350517511367798,0.5575537085533142,-4.856040000915527
2048,0,0.0,4.541567325592041,0.2272677719593048,-3.225600004196167
2048,1,0.0,2.108484983444214,0.1690395474433899,-3.225600004196167
2048,2,0.0,3.5724825859069824,0.32239434123039246,-3.0105600357055664
2054,0,-0.7173931002616882,0.557688295841217,2.144428014755249,-4.973360061645508
2054,1,-3.533331871032715,5.635751247406006,0.9373809099197388,-0.21503999829292297
2057,0,0.6419908404350281,0.5307182669639587,0.05840228125452995,-2.950080156326294
2057,1,1.9832080602645874,2.8375368118286133,2.2189669609069824,0.0
2059,0,-1.720779538154602,2.7446858882904053,1.0735371112823486,2.5267200469970703
2064,0,2.4656357765197754,3.763361692428589,1.4909669160842896,-9.159080505371094
2064,1,2.4697420597076416,3.688628673553467,1.4710705280303955,8.401400566101074
2064,2,0.0,4.838000297546387,0.0,0.0
2067,0,-0.009290876798331738,0.929056704044342,0.1883385181427002,0.3158400058746338
2067,1,0.022725895047187805,0.7573026418685913,0.030321914702653885,-3.3163201808929443
2067,2,0.026347672566771507,0.8779922723770142,0.1059153825044632,-6.632640361785889
2067,3,0.02778034657239914,0.69413822889328,0.027802584692835808,-3.3163201808929443
2067,4,0.030247656628489494,0.7557880878448486,0.05303416773676872,8.401400566101074
2067,5,0.034720223397016525,0.6938257217407227,0.027802584692835808,-3.3163201808929443
2067,6,0.7655252814292908,0.3425940275192261,0.664454996585846,4.359879970550537
2067,7,-1.447917103767395,2.4154915809631348,0.2257789820432663,-4.7952799797058105
2067,8,-3.568479061126709,5.953125,0.5564460158348083,-4.7952799797058105
2069,0,-2.8167355060577393,1.6914851665496826,0.06572061777114868,0.0
2069,1,-2.7823448181152344,1.7474778890609741,0.06572061777114868,0.0
2071,0,0.05741209164261818,0.8188326954841614,0.032851241528987885,-1.2633600234985352
2071,1,0.06143692135810852,0.8762363791465759,0.1059153825044632,-0.3158400058746338
2071,2,0.06548915058374405,0.8168672919273376,0.0574580542743206,-1.2633600234985352
2071,3,0.07019606232643127,0.8755781650543213,0.1059153825044632,-0.3158400058746338
2071,4,-0.20111607015132904,1.538321852684021,1.1311579942703247,0.0008399999933317304
2071,5,0.013487177900969982,0.4494377374649048,0.0179952010512352,0.3600800037384033
2071,6,2.041414260864258,2.9839272499084473,1.319727897644043,-2.936079978942871
2071,7,0.553402304649353,0.32484009861946106,0.03211161494255066,-2.5076801776885986
2071,8,0.553097665309906,0.3246612846851349,0.03852687403559685,-2.5076801776885986
2071,9,1.6001094579696655,0.9392437934875488,0.11145810037851334,-2.7943999767303467
2074,0,0.028967631980776787,0.7238045334815979,0.2240781933069229,0.3158400058746338
2074,1,0.03428066894412041,0.8565596342086792,0.21889066696166992,0.3158400058746338
2074,2,0.039458904415369034,0.7885203957557678,0.22702619433403015,0.3158400058746338
2074,3,0.0,0.6232500076293945,0.0,0.0
2077,0,0.0,4.736000061035156,0.0,0.0
2084,0,-0.46759629249572754,1.511611819267273,0.7256678342819214,-4.783520221710205
2084,1,-2.0231800079345703,2.5537006855010986,2.228926181793213,-5.243279933929443
2088,0,2.3440375328063965,3.910446882247925,1.5108633041381836,-8.843239784240723
2088,1,2.0671792030334473,3.297201633453369,1.2896442413330078,-8.843239784240723
2090,0,0.0032143036369234324,0.3214196562767029,0.006429571192711592,0.21615999937057495
2093,0,-0.914296567440033,1.063718557357788,2.4452662467956543,-4.6782402992248535
2095,0,-0.05363095551729202,0.4102191925048828,0.30164211988449097,0.0008399999933317304
2097,0,-1.8498996496200562,3.1572725772857666,1.2126541137695312,-1.8950400352478027
2097,1,-1.8802512884140015,3.2090744972229004,1.2325503826141357,-1.8950400352478027
2097,2,-1.9106031656265259,3.2608766555786133,1.2524467706680298,-1.8950400352478027
2099,0,0.0,4.124000072479248,0.0,-2.292639970779419
2102,0,-3.8977367877960205,5.94921350479126,0.641845166683197,0.3158400058746338
2102,1,-3.9198453426361084,5.9829583168029785,0.86246657371521,0.3158400058746338
2105,0,1.4009188413619995,1.2812116146087646,0.2869212031364441,-3.0673999786376953
2108,0,0.0,5.88800048828125,0.0,0.0
2108,1,-1.63721764087677,0.5991089344024658,1.218489170074463,6.950160026550293
2115,0,-2.0971148014068604,1.230979561805725,0.12168677896261215,-2.7252399921417236
2115,1,1.5452300310134888,0.9070302844047546,0.10763539373874664,-3.0094401836395264
2115,2,-0.9366540908813477,1.6745141744613647,0.3096349537372589,-0.1629600077867508
2120,0,3.285043239593506,1.590084433555603,2.3393049240112305,7.690760135650635
2122,0,-1.3968431949615479,3.127919912338257,0.5880355834960938,0.0
2122,1,-1.3699091672897339,3.151888608932495,0.5194095969200134,0.0
2127,0,1.9573895931243896,2.800596237182617,2.2877564430236816,0.0
2129,0,0.0,3.905250072479248,0.0,-9.127440452575684
2140,0,-2.110884189605713,3.2932727336883545,1.253028392791748,-4.921000003814697
2143,0,0.0,0.3062500059604645,0.0,0.7786800265312195
2143,1,0.0,1.4227501153945923,0.0,0.8492400050163269
2143,2,0.0,3.9245002269744873,0.0,0.8433600068092346
2143,3,2.022372007369995,2.7737364768981934,2.9505257606506348,-5.548759937286377
2143,4,0.851510763168335,4.200634956359863,0.1286206990480423,0.0005600000149570405
2143,5,0.06357418745756149,0.3136213421821594,0.0,0.0
2143,6,-0.4409097731113434,0.4638950824737549,0.0,0.0
2148,0,-3.857161045074463,5.887281894683838,1.208173394203186,0.3158400058746338
2148,1,-1.7753254175186157,2.709723711013794,1.0735371112823486,-5.527200222015381
2152,0,-2.651121139526367,4.739572525024414,0.2173420488834381,4.895520210266113
2158,0,-1.2196985483169556,3.8076610565185547,2.794447660446167,-3.6363601684570312
2163,0,-1.3612219095230103,3.616396903991699,1.195305347442627,-0.7896000146865845
2163,1,-1.3536837100982666,3.708432912826538,1.135200023651123,-0.9475200176239014
2169,0,2.171386957168579,3.1067793369293213,1.426710605621338,1.3823599815368652
2169,1,-1.6718841791152954,2.0674712657928467,2.793032646179199,-1.6962400674819946
2172,0,0.0,3.877000093460083,0.0,-1.074079990386963
2177,0,-3.8259341716766357,5.968989372253418,0.8548948168754578,0.3158400058746338
2177,1,-1.881379246711731,3.138615846633911,1.2126541137695312,-1.8950400352478027
2179,0,-1.972482681274414,3.0106496810913086,1.1927578449249268,-3.158400058746338
2179,1,-1.9437713623046875,3.10036301612854,1.2126541137695312,-3.158400058746338
2179,2,-1.9440525770187378,3.170830011367798,1.2325503826141357,-2.6846401691436768
2181,0,-2.0992093086242676,0.7208996415138245,0.33545124530792236,-4.883480072021484
2184,0,-1.226564884185791,3.701280117034912,1.2921608686447144,-1.7371200323104858
2186,0,0.0032143036369234324,0.3214196562767029,0.006429571192711592,0.21615999937057495
2189,0,-1.7543632984161377,3.2113404273986816,1.2126541137695312,-2.052960157394409
2189,1,-1.7831474542617798,3.2640295028686523,1.2325503826141357,-2.052960157394409
2189,2,0.020523499697446823,0.5128138661384583,0.0051324148662388325,0.4309200048446655
2192,0,0.0,3.413250207901001,0.0,0.0
2192,1,0.8793569207191467,1.0440093278884888,2.7495710849761963,4.33188009262085
2195,0,0.0,3.8787500858306885,0.0,2.5656399726867676
2195,1,1.95726478099823,2.8609261512756348,1.717413306236267,3.7629201412200928
2202,0,0.0,3.8787500858306885,0.0,2.5656399726867676
2202,1,0.020523499697446823,0.5128138661384583,0.0051324148662388325,0.4309200048446655
2202,2,-0.15418899059295654,1.1793800592422485,0.8672211766242981,0.0008399999933317304
2215,0,-0.08110100030899048,0.5025484561920166,0.43754345178604126,-4.722760200500488
2215,1,-2.704416036605835,2.8454012870788574,0.9191483855247498,-4.820760250091553
2215,2,-1.3041812181472778,0.9726353287696838,2.374021053314209,-4.828880310058594
2227,0,3.867279291152954,5.9027252197265625,1.7269096374511719,-4.905320167541504
2227,1,-0.5511149168014526,4.9899115562438965,2.677743673324585,-4.849319934844971
2229,0,3.477794647216797,1.312214970588684,0.4859660267829895,-4.754680156707764
2229,1,-1.5180797576904297,0.8507391214370728,1.4072388410568237,4.3632402420043945
2231,0,-3.1912693977355957,1.6646409034729004,2.3070621490478516,-3.244920015335083
2233,0,0.4565735161304474,1.8657227754592896,2.231088638305664,-4.797520160675049
2236,0,-1.6655452251434326,2.778550148010254,1.0735371112823486,6.474720001220703
2236,1,-1.6106456518173218,2.879450559616089,1.0933547019958496,-4.105920314788818
2239,0,0.0,0.7835000157356262,0.0,0.8492400050163269
2239,1,0.0,1.4970000982284546,0.0,0.9200800061225891
2239,2,0.0,0.4820000231266022,0.0,0.9909200072288513
2239,3,-0.08715029805898666,0.6666061282157898,0.4901684522628784,0.0008399999933317304
2239,4,0.0,3.848750114440918,0.0,-2.936079978942871
2239,5,1.9542945623397827,2.8565847873687744,1.2634069919586182,-3.6582000255584717
2239,6,0.0,3.913750171661377,0.0,3.980760097503662
2244,0,0.0,2.0470001697540283,0.0,0.0
2244,1,0.9208683967590332,1.646293044090271,1.3753584623336792,4.250960350036621
2244,2,0.30073514580726624,3.751166820526123,0.684788167476654,4.2240800857543945
2250,0,-3.1801705360412598,5.554283142089844,1.9798375368118286,-4.842600345611572
2250,1,1.2788848876953125,0.7854929566383362,0.8005346655845642,-4.866400241851807
2250,2,-1.881379246711731,3.138615846633911,1.2126541137695312,-1.8950400352478027
2256,0,2.4656357765197754,3.763361692428589,1.4909669160842896,-7.896000385284424
2267,0,1.3969252109527588,1.560954213142395,0.0,-2.4351601600646973
2267,1,0.5146120190620422,2.197850227355957,1.5442970991134644,-8.286320686340332
2269,0,-2.5835633277893066,3.194864273071289,0.45379602909088135,7.081480026245117
2269,1,-2.4981234073638916,3.0267951488494873,0.3541664183139801,-7.3024001121521
2269,2,1.9465687274932861,2.6144447326660156,2.4268531799316406,-0.001120000029914081
2272,0,0.0,1.026207447052002,0.08227217197418213,-5.304320335388184
2272,1,0.0,3.9536123275756836,0.47672393918037415,-2.9498000144958496
2272,2,0.4278930723667145,4.264658451080322,0.1286206990480423,0.0002800000074785203
2272,3,0.27260127663612366,0.5790411233901978,0.0,0.0
2277,0,-0.4272031784057617,0.49702027440071106,1.0207043886184692,5.284719944000244
2283,0,-2.0024900436401367,2.9907748699188232,1.1927578449249268,-2.6846401691436768
2283,1,-1.720779538154602,2.7446858882904053,1.0735371112823486,3.158400058746338
2283,2,-1.8801133632659912,2.9988272190093994,1.1729401350021362,-2.842560052871704
2283,3,-1.9437713623046875,3.10036301612854,1.2126541137695312,-2.6846401691436768
2283,4,-1.6346769332885742,2.7270541191101074,1.0536407232284546,3.3163201808929443
2288,0,2.02763032913208,2.9637792110443115,1.8695130348205566,-6.776000022888184
2291,0,0.0,5.504000186920166,0.0,0.0
2293,0,0.0,4.12375020980835,0.0,-0.21140000224113464
2293,1,-1.4149764776229858,1.7497762441635132,2.7782256603240967,-4.120759963989258
2296,0,-3.9198453426361084,5.9829583168029785,0.86246657371521,-0.3158400058746338
2296,1,-3.8103747367858887,5.944714546203613,1.067175030708313,-0.3158400058746338
2303,0,1.9465687274932861,2.6144447326660156,2.4268531799316406,-0.001120000029914081
2312,0,1.9465687274932861,2.6144447326660156,2.4268531799316406,-0.001120000029914081
2317,0,-1.2043030261993408,3.759599447250366,1.135200023651123,-0.7896000146865845
2317,1,-1.2417315244674683,3.87644362449646,0.9102357625961304,-0.7896000146865845
2323,0,-1.1413215398788452,2.5557358264923096,0.0,-8.633800506591797
2326,0,3.4153997898101807,5.9651198387146,1.0388565063476562,-1.7371200323104858
2331,0,1.0070796012878418,0.939690887928009,1.02553391456604,2.0246801376342773
2336,0,0.05038239806890488,0.6284359097480774,0.04420388117432594,0.0
2336,1,0.05657334625720978,0.6268946528434753,0.05680324137210846,0.0
2336,2,0.06264098733663559,0.6243204474449158,0.07565811276435852,0.0
2336,3,0.06860083341598511,0.6211265325546265,0.09444490075111389,0.0
2336,4,0.07480856031179428,0.6204094886779785,0.09444490075111389,0.0
2336,5,0.013487177900969982,0.4494377374649048,0.0179952010512352,0.3600800037384033
2342,0,0.07153987139463425,0.7927401661872864,0.20324237644672394,-0.3158400058746338
2344,0,-0.08044642955064774,0.6153287291526794,0.45246317982673645,0.0008399999933317304
2350,0,1.957313895225525,0.9962103366851807,2.8842546939849854,1.916040062904358
2352,0,-0.44328853487968445,0.9926462173461914,0.04350839555263519,8.963359832763672
2352,1,-3.91141939163208,5.717306613922119,0.0,5.839120388031006
2360,0,1.0837435722351074,3.7688307762145996,0.039216846227645874,-7.453320026397705
2360,1,-1.388393759727478,3.579596757888794,1.2723431587219238,-2.5267200469970703
2360,2,2.4327330589294434,3.7131412029266357,1.4710705280303955,8.717240333557129
2360,3,2.1307544708251953,3.2522242069244385,1.2884646654129028,0.043960001319646835
2367,0,0.1929248571395874,0.7555549740791321,0.25841644406318665,0.0
2367,1,0.20777878165245056,0.8137276768684387,0.2783127725124359,0.0
2367,2,0.20047064125537872,0.7535879611968994,0.25841644406318665,0.0
2367,3,0.21550129354000092,0.7494280934333801,0.25841644406318665,0.0
2367,4,0.2229846566915512,0.7472356557846069,0.25841644406318665,0.0
2367,5,0.2304457426071167,0.7449685335159302,0.25841644406318665,0.0
2367,6,0.2378837913274765,0.7426268458366394,0.25841644406318665,0.0
2367,7,0.16331490874290466,0.8974849581718445,1.8375258445739746,4.122440338134766
2370,0,-1.8498996496200562,3.1572725772857666,1.2126541137695312,-1.421280026435852
2370,1,-2.755894422531128,4.703557968139648,1.8065558671951294,-7.746200084686279
2374,0,-0.2145238220691681,1.6408767700195312,1.2065684795379639,0.0008399999933317304
2376,0,-1.6762503385543823,2.7964091300964355,1.0085365772247314,-3.948000192642212
2376,1,0.07515431195497513,0.7490363717079163,0.09077178686857224,-0.3158400058746338
2376,2,0.08168122917413712,0.8140878081321716,0.07383523136377335,6.790560245513916
2378,0,0.020523499697446823,0.5128138661384583,0.0051324148662388325,0.4309200048446655
2381,0,-2.7314250469207764,4.770533084869385,0.10995767265558243,4.737600326538086
2381,1,-0.05033687502145767,1.0058984756469727,0.09088967740535736,-0.9475200176239014
2381,2,-0.040148403495550156,1.0031746625900269,0.12105897068977356,-0.9475200176239014
2381,3,-0.03011481463909149,1.003525972366333,0.12105897068977356,-0.9475200176239014
2381,4,-0.009456627070903778,0.945631206035614,0.06630582362413406,8.843239784240723
2381,5,0.0,0.9456784725189209,0.06630582362413406,8.843239784240723
2381,6,0.0032143036369234324,0.3214196562767029,0.006429571192711592,0.21615999937057495
2384,0,0.1065995916724205,5.3292694091796875,1.8855360746383667,4.420639991760254
2387,0,2.8101701736450195,1.3602280616760254,0.2817467749118805,-1.574160099029541
2387,1,-2.8521358966827393,1.276410698890686,0.25051257014274597,-1.5764000415802002
2387,2,1.329916000366211,2.8249170780181885,0.2817692458629608,-1.3585600852966309
2387,3,-0.5594627261161804,3.0744857788085938,0.2505325675010681,-1.5764000415802002
2387,4,2.5216493606567383,1.841649055480957,0.28179171681404114,-1.358280062675476
2387,5,0.6208858489990234,3.0629262924194336,0.25055253505706787,-1.3610800504684448
2387,6,-2.7685465812683105,1.4441386461257935,0.28179171681404114,-1.358280062675476
2387,7,2.320420503616333,1.9976832866668701,0.30721238255500793,-1.1415600776672363
2387,8,2.770885467529297,5.454865455627441,0.613875687122345,0.2900800108909607
2387,9,1.620558500289917,2.52829647064209,0.6715471744537354,1.2188400030136108
2387,10,2.847686529159546,1.1400327682495117,0.24591749906539917,1.433880090713501
2387,11,2.8988702297210693,0.9955151081085205,0.27660122513771057,2.0095601081848145
2387,12,-2.729398488998413,5.37319278717041,1.2216674089431763,0.6451200246810913
2387,13,3.245431900024414,5.063324928283691,1.2818721532821655,0.28700000047683716
2387,14,-1.737218976020813,0.9508442878723145,0.6126133799552917,-4.837560176849365
2387,15,0.0032143036369234324,0.3214196562767029,0.006429571192711592,0.21615999937057495
2387,16,0.2918500304222107,0.710002601146698,0.07702148705720901,1.442560076713562
2387,17,0.0930834636092186,0.6158952713012695,0.10692324489355087,-0.7896000146865845
2387,18,0.10182584822177887,0.6737400889396667,0.13812485337257385,-0.7896000146865845
2387,19,0.11105278879404068,0.7347909808158875,0.15064102411270142,-0.7896000146865845
2387,20,0.09923765808343887,0.6149336099624634,0.10692324489355087,-0.7896000146865845
2387,21,0.1085580512881279,0.6726881265640259,0.13812485337257385,-0.7896000146865845
2387,22,0.11527939140796661,0.6715689897537231,0.13812485337257385,-0.7896000146865845
2387,23,0.0032143036369234324,0.3214196562767029,0.006429571192711592,0.21615999937057495
2387,24,-0.3423270583152771,1.0330054759979248,0.0,-2.4346001148223877
2387,25,-0.3423270583152771,1.0330054759979248,0.0,-1.2877200841903687
2387,26,-0.3423270583152771,1.0330054759979248,0.0,-0.4275600016117096
2387,27,-0.4429883658885956,1.3367608785629272,0.0,-0.21252000331878662
2387,28,-0.3736729025840759,1.0236815214157104,0.0,-7.6669602394104
2387,29,-0.40272384881973267,1.2152587175369263,0.0,-0.6425999999046326
2391,0,0.2487139105796814,1.3667888641357422,2.798386812210083,4.122440338134766
2391,1,-0.04091722145676613,0.4534076452255249,0.23700818419456482,0.42476001381874084
2391,2,-0.27422311902046204,3.0386924743652344,1.5884050130844116,0.49560001492500305
2391,3,-0.0400402806699276,0.44369015097618103,0.23192860186100006,0.42476001381874084
2391,4,-0.2646963596343994,2.9331254959106445,1.5332224369049072,0.49560001492500305
2391,5,-0.03214782103896141,0.3562330901622772,0.1862124502658844,0.42476001381874084
2391,6,-0.22310148179531097,2.4722087383270264,1.2922890186309814,0.49560001492500305
2391,7,-0.04402637109160423,0.48786041140556335,0.25501754879951477,0.49560001492500305
2391,8,-0.28948983550071716,3.20786452293396,1.6768356561660767,0.49560001492500305
2391,9,2.491879463195801,1.5305160284042358,2.000669240951538,4.464320182800293
2391,10,2.1054024696350098,0.8673967123031616,1.21456778049469,4.429600238800049
2391,11,0.020523499697446823,0.5128138661384583,0.0051324148662388325,0.4309200048446655
2395,0,-1.9437713623046875,3.10036301612854,1.2126541137695312,-2.2108800411224365
2395,1,-1.9440525770187378,3.170830011367798,1.2325503826141357,-2.2108800411224365
2395,2,0.01895080879330635,0.378700315952301,0.007584494538605213,-0.3158400058746338
2395,3,0.0,3.633500099182129,0.0,6.594560146331787
2395,4,-0.9449844360351562,0.9552423357963562,0.01343727670609951,9.012920379638672
2395,5,3.21791934967041,2.06620192527771,1.8003398180007935,-2.725800037384033
2395,6,0.16037686169147491,0.9342877268791199,0.009479842148721218,4.031440258026123
2395,7,0.7018373012542725,0.6548739075660706,0.31810542941093445,0.9475200176239014
2398,0,0.0,5.440000057220459,0.0,0.0
2398,1,-2.3666892051696777,1.234520435333252,1.905650019645691,0.09211999922990799
2398,2,0.020523499697446823,0.5128138661384583,0.0051324148662388325,0.4309200048446655
2402,0,0.15742500126361847,0.7385905385017395,0.06815040856599808,-0.3158400058746338
2402,1,0.6625981330871582,2.8298821449279785,0.05813612416386604,-0.3158400058746338
2402,2,0.3180418312549591,0.9597224593162537,0.020223651081323624,-5.053440093994141
2402,3,0.33717140555381775,0.9531700611114502,0.020223651081323624,0.4737600088119507
2402,4,0.34668609499931335,0.9497507810592651,0.020223651081323624,0.4737600088119507
2402,5,0.3561660647392273,0.9462364912033081,0.020223651081323624,0.6316800117492676
2402,6,0.3656105101108551,0.9426276087760925,0.020223651081323624,0.6316800117492676
2402,7,0.013487177900969982,0.4494377374649048,0.0179952010512352,0.3600800037384033
2402,8,2.041414260864258,2.9839272499084473,1.319727897644043,-2.936079978942871
2402,9,-2.2513983249664307,1.4456061124801636,0.6547518968582153,-2.507120132446289
2402,10,-0.4716578722000122,0.3028480112552643,0.14312319457530975,-2.507120132446289
2405,0,-3.819777727127075,1.9441450834274292,0.1286206990480423,0.0002800000074785203
2405,1,-0.4024275541305542,0.4976465702056885,0.0,0.0
2405,2,0.064703568816185,0.8070684671401978,0.13898330926895142,0.3158400058746338
2405,3,0.06716800481081009,0.744295060634613,0.12828251719474792,0.4737600088119507
2405,4,0.07277087867259979,0.806381106376648,0.13898330926895142,0.3158400058746338
2405,5,0.0746074765920639,0.7435862421989441,0.12828251719474792,0.4737600088119507
2408,0,0.007694486994296312,0.3846730589866638,0.0,0.28700000047683716
2408,1,0.0,0.8320000171661377,0.0,0.0
2408,2,0.06539089232683182,0.6517277956008911,0.0,2.569000005722046
2408,3,-0.32848960161209106,2.5125925540924072,1.8475580215454102,0.0008399999933317304
2412,0,0.0,3.848750114440918,0.0,-2.936079978942871
2412,1,1.9542945623397827,2.8565847873687744,1.2634069919586182,-3.6582000255584717
2412,2,-2.08424973487854,0.8344011306762695,1.6715500354766846,2.6801600456237793
2415,0,-0.9685251712799072,3.4995367527008057,2.7035040855407715,-7.920360088348389
2417,0,0.14330002665519714,0.5386782288551331,0.11299318075180054,0.3158400058746338
2417,1,0.15410536527633667,0.6035255193710327,0.10692324489355087,0.3158400058746338
2417,2,0.16952809691429138,0.6639257669448853,0.11762402951717377,0.3158400058746338
2417,3,0.18488985300064087,0.7240873575210571,0.12828251719474792,-3.3163201808929443
2417,4,0.14867953956127167,0.5372183918952942,0.11299318075180054,0.3158400058746338
2417,5,0.1661442369222641,0.6003229022026062,0.10692324489355087,0.3158400058746338
2417,6,0.18277180194854736,0.6604027152061462,0.11762402951717377,0.3158400058746338
2417,7,0.3787243068218231,1.3684308528900146,0.2878221869468689,-3.3163201808929443
2417,8,0.22793878614902496,0.8568432927131653,0.3438962996006012,0.3399200141429901
2420,0,-1.9437713623046875,3.10036301612854,1.2126541137695312,-3.4742400646209717
2420,1,-1.9122473001480103,3.1901116371154785,1.2325503826141357,-1.7371200323104858
2420,2,-1.9106031656265259,3.2608766555786133,1.2524467706680298,-1.7371200323104858
2420,3,0.22156204283237457,0.7162498831748962,0.11331146955490112,-3.632160186767578
2420,4,0.0032143036369234324,0.3214196562767029,0.006429571192711592,0.21615999937057495
2423,0,-1.7753254175186157,2.709723711013794,1.0735371112823486,-0.7896000146865845
2423,1,0.1250508427619934,0.6168952584266663,0.05680324137210846,-2.842560052871704
2423,2,0.020523499697446823,0.5128138661384583,0.0051324148662388325,0.4309200048446655
2423,3,-0.13332179188728333,0.4023115932941437,0.14517126977443695,-2.219560146331787
2426,0,-1.0511085987091064,2.7925097942352295,1.7083981037139893,4.413360118865967
2426,1,0.6399789452552795,0.7754161357879639,2.9276747703552246,4.45088005065918
2429,0,-1.9068068265914917,2.910407066345215,1.1530437469482422,-0.3158400058746338
2429,1,-1.9397097826004028,2.960627794265747,1.1729401350021362,0.3158400058746338
2429,2,-1.8482213020324707,2.947958469390869,1.1530437469482422,-0.3158400058746338
2429,3,-1.8186498880386353,2.9662930965423584,1.1530437469482422,0.3158400058746338
2429,4,-3.9629266262054443,1.6326709985733032,0.1286206990480423,0.0002800000074785203
2429,5,-0.5385414958000183,0.3457934856414795,0.0,0.0
2429,6,-3.0446243286132812,3.016730785369873,0.1286206990480423,0.0005600000149570405
2429,7,-0.17686763405799866,0.6150755286216736,0.0,0.0002800000074785203
2432,0,-0.49469152092933655,5.481723785400391,0.0,0.04872000217437744
2432,1,-0.47683820128440857,5.283889293670654,0.2654893398284912,0.04872000217437744
2432,2,-0.49469152092933655,5.481723785400391,0.0,0.04928000271320343
2432,3,-2.40704607963562,4.203993797302246,1.2369580268859863,-4.812920093536377
2432,4,-2.3844170570373535,3.136547565460205,0.5151013135910034,-1.5859200954437256
2432,5,1.4056228399276733,0.8250827193260193,0.34739843010902405,-2.5076801776885986
2432,6,-2.40704607963562,4.203993797302246,1.2369580268859863,-4.812920093536377
2436,0,-0.22399747371673584,0.5153736472129822,0.18622340261936188,4.4170002937316895
2438,0,2.142025947570801,3.0004186630249023,1.3457025289535522,0.8775200247764587
2438,1,2.2735679149627686,3.2529780864715576,0.0,-9.169440269470215
2438,2,0.020523499697446823,0.5128138661384583,0.0051324148662388325,0.4309200048446655
2438,3,0.10479190200567245,0.6104732751846313,0.1255590170621872,-9.159080505371094
2438,4,0.11592845618724823,0.6753501892089844,0.11762402951717377,0.3158400058746338
2438,5,0.12643329799175262,0.7365469336509705,0.12828251719474792,4.5796799659729
2438,6,0.11089129000902176,0.6093948483467102,0.1255590170621872,-9.159080505371094
2438,7,0.1226760521531105,0.6741571426391602,0.11762402951717377,0.3158400058746338
2438,8,0.13379232585430145,0.7352457642555237,0.12828251719474792,4.5796799659729
2438,9,0.10527238994836807,0.5473818182945251,0.11299318075180054,-0.3158400058746338
2438,10,0.11697959899902344,0.6082555055618286,0.1255590170621872,0.3158400058746338
2438,11,2.226609468460083,3.185791015625,0.31160736083984375,-7.394240379333496
2441,0,0.6273815631866455,1.1216087341308594,2.5250132083892822,4.446680068969727
2444,0,-2.1628940105438232,2.620622158050537,2.3246328830718994,-6.312040328979492
2444,1,2.2572691440582275,3.2296581268310547,1.1758354902267456,0.0
2444,2,-3.8495988845825195,5.749483585357666,1.7667735815048218,0.3158400058746338
2444,3,-1.719642162322998,2.868797540664673,0.6780087351799011,2.052960157394409
2444,4,-0.4300995469093323,2.665144205093384,0.8946273326873779,-0.6316800117492676
2447,0,2.498307466506958,2.681748390197754,1.1337631940841675,4.43828010559082
2450,0,-2.413806915283203,3.0467584133148193,0.03887185454368591,8.413439750671387
2450,1,-2.461118698120117,3.171116352081299,0.8976330757141113,-3.999800205230713
2450,2,0.020523499697446823,0.5128138661384583,0.0051324148662388325,0.4309200048446655
2450,3,-0.11556247621774673,1.9237295389175415,1.3469547033309937,-6.287680149078369
2450,4,0.7341821789741516,3.1356096267700195,2.397739887237549,2.2920801639556885
2450,5,0.020523499697446823,0.5128138661384583,0.0051324148662388325,0.4309200048446655
2454,0,0.0,1.6342500448226929,0.0,0.0
14,0,-0.08705435693264008,0.8676398992538452,0.1496840864419937,0.3158400058746338
14,1,0.02554074302315712,0.31857794523239136,0.015993334352970123,0.2886800169944763
14,2,0.0,0.6659666895866394,0.006659889128059149,4.802560329437256
14,3,0.0,2.293750047683716,0.0,0.7168000340461731
21,0,0.11246000975370407,5.622251033782959,0.11248250305652618,0.0
21,1,-2.3837499618530273,2.947772741317749,1.0491881370544434,-6.541360378265381
21,2,1.9451314210891724,2.6125144958496094,2.4250614643096924,-8.416240692138672
23,0,-0.0352991558611393,1.1762855052947998,0.23855219781398773,-0.3158400058746338
23,1,-0.0191970057785511,0.9597223401069641,0.31810542941093445,-0.3158400058746338
23,2,-0.020646901801228523,1.0322074890136719,0.29687508940696716,-0.3158400058746338
23,3,-0.02220018580555916,1.1098613739013672,0.24823620915412903,-0.3158400058746338
23,4,-0.023534730076789856,1.1765797138214111,0.23855219781398773,-0.3158400058746338
23,5,-0.010323966853320599,1.0323623418807983,0.29687508940696716,-0.3158400058746338
23,6,-0.01110064797103405,1.11002779006958,0.24823620915412903,-0.3158400058746338
23,7,-2.432706594467163,3.0083131790161133,0.7440568804740906,-3.103520154953003
23,8,1.945371150970459,2.6128363609313965,2.4253602027893066,6.383440017700195
23,9,-1.9425232410430908,2.5029137134552,2.3100366592407227,-1.1676000356674194
23,10,-2.5970051288604736,3.1466031074523926,0.2450878918170929,-2.1509599685668945
26,0,1.4505728483200073,4.377245903015137,0.744175374507904,2.2948801517486572
26,1,1.0155832767486572,0.38319212198257446,0.265632688999176,-4.736480236053467
26,2,-0.15284177660942078,0.8903915882110596,0.16439390182495117,-4.723599910736084
30,0,-1.2731910943984985,1.451644778251648,0.41155198216438293,4.474120140075684
32,0,-0.09275554120540619,0.9244615435600281,0.1883385181427002,0.0
32,1,-0.0978180468082428,0.9749177098274231,0.2501872777938843,0.0
41,0,0.8089709281921387,0.7398450970649719,1.5010486841201782,4.414200305938721
43,0,-2.5173263549804688,2.038982391357422,1.0735371112823486,7.738080024719238
43,1,-0.15876363217830658,1.2143710851669312,0.31271862983703613,0.3158400058746338
43,2,-0.13345825672149658,1.1068087816238403,0.22598636150360107,0.3158400058746338
43,3,-0.14087912440299988,1.1683521270751953,0.23855219781398773,0.3158400058746338
43,4,-0.14661218225955963,1.215898036956787,0.31271862983703613,0.3158400058746338
43,5,-0.11508695781230927,1.0420217514038086,0.23443318903446198,0.3158400058746338
43,6,-1.1018654108047485,4.1420159339904785,0.1286206990480423,0.0002800000074785203
43,7,0.025593174621462822,0.6394881010055542,0.0,0.0002800000074785203
46,0,2.011582374572754,2.878134250640869,1.9183015823364258,4.811240196228027
46,1,0.0032143036369234324,0.3214196562767029,0.006429571192711592,0.21615999937057495
48,0,-0.8269617557525635,1.5884450674057007,0.07167088240385056,-7.594160079956055
48,1,-0.8744797706604004,1.5633612871170044,0.0716908797621727,0.7210000157356262
48,2,-0.9361675381660461,1.5269279479980469,0.07168088853359222,-4.224639892578125
48,3,-0.7809466123580933,1.396146297454834,0.06402292847633362,4.806760311126709
48,4,-0.936298131942749,1.5271409749984741,0.0716908797621727,-4.368000030517578
48,5,-0.21060869097709656,0.7057629823684692,0.5370054841041565,-8.109640121459961
48,6,-1.2193639278411865,2.461130380630493,1.9608484506607056,-8.268119812011719
48,7,-3.3944852352142334,1.6013610363006592,0.9184829592704773,4.332159996032715
48,8,0.0032143036369234324,0.3214196562767029,0.006429571192711592,0.21615999937057495
52,0,-3.439183235168457,2.511756420135498,1.7505775690078735,0.5541200041770935
52,1,0.037949755787849426,0.3147285282611847,0.6719782948493958,2.741760015487671
52,2,0.02554074302315712,0.31857794523239136,0.015993334352970123,0.2886800169944763
52,3,0.0,0.6659666895866394,0.006659889128059149,4.802560329437256
52,4,0.0,2.293750047683716,0.0,0.7168000340461731
55,0,-1.264938473701477,1.5642375946044922,1.317997694015503,-5.008640289306641
57,0,0.8542512059211731,0.47872641682624817,2.1881234645843506,4.480279922485352
57,1,0.5961584448814392,2.3347456455230713,0.1447531133890152,4.344200134277344
67,0,-2.4121463298797607,1.6887555122375488,1.7252590656280518,-3.0004801750183105
67,1,-2.616086959838867,1.9106203317642212,1.0735371112823486,1.8950400352478027
67,2,-2.596850633621216,1.9366852045059204,1.0735371112823486,1.8950400352478027
67,3,-0.009598983451724052,0.9598663449287415,0.31810542941093445,-6.158880233764648
67,4,0.010196992196142673,1.019665241241455,0.337923139333725,-0.3158400058746338
70,0,-2.5173263549804688,2.038982391357422,1.0735371112823486,-2.052960157394409
80,0,-0.9991092681884766,1.786169171333313,0.08190815895795822,-3.07804012298584
80,1,-0.5906046032905579,1.134445309638977,0.051186349242925644,-4.225200176239014
80,2,-0.46839722990989685,0.8373825550079346,0.03839975968003273,-2.6479601860046387
80,3,-0.4012333154678345,0.6544281244277954,0.03072180785238743,3.588479995727539
85,0,-0.24998480081558228,0.31553611159324646,0.875922679901123,-4.8734002113342285
85,1,0.5399937629699707,0.30975106358528137,0.15895706415176392,-4.938640117645264
87,0,0.2642184793949127,0.797305166721344,0.6124159693717957,0.948360025882721
87,1,2.9730865955352783,2.0374755859375,2.4657936096191406,-6.927760124206543
94,0,-0.07191324979066849,0.8969972133636475,0.2982091009616852,0.3158400058746338
94,1,-2.430915117263794,3.0060977935791016,1.3242018222808838,0.13104000687599182
97,0,-0.8858301043510437,0.3141446113586426,0.1905238777399063,-4.865000247955322
99,0,-0.1163443773984909,0.964878261089325,0.2794646620750427,-9.033080101013184
99,1,-0.1066899448633194,0.9659934639930725,0.2794646620750427,-9.033080101013184
99,2,-0.11333665251731873,1.0261741876602173,0.29687508940696716,-2.052960157394409
102,0,0.3211666941642761,1.116890549659729,0.4374364912509918,-4.909520149230957
107,0,2.0896177291870117,2.1985528469085693,2.5548064708709717,-4.881800174713135
109,0,-0.0941656082868576,0.7202657461166382,0.7784875631332397,4.2442402839660645
109,1,1.5304867029190063,0.8376920223236084,0.17505790293216705,-4.933040142059326
112,0,-0.040340177714824677,1.0079665184020996,0.07072970271110535,-0.3158400058746338
117,0,-0.5058862566947937,5.605773448944092,2.7886600494384766,4.450040340423584
122,0,-2.690398931503296,1.8044764995574951,1.0735371112823486,5.685120105743408
122,1,-2.653773784637451,1.8579200506210327,1.0735371112823486,5.685120105743408
122,2,0.0,1.272093653678894,0.8890902996063232,4.587520122528076
122,3,-0.08044642955064774,0.6153287291526794,0.45246317982673645,0.0008399999933317304
124,0,1.9465687274932861,2.6144447326660156,2.4268531799316406,-2.215360164642334
124,1,1.3075028657913208,4.081768989562988,0.1286206990480423,0.0002800000074785203
129,0,-1.757743000984192,1.3948591947555542,1.3147659301757812,-2.437119960784912
129,1,-2.4464895725250244,1.0079199075698853,1.514987587928772,-2.437119960784912
135,0,-2.690398931503296,1.8044764995574951,1.0735371112823486,8.559320449829102
135,1,-2.653773784637451,1.8579200506210327,1.0735371112823486,8.559320449829102
135,2,0.08040247112512589,1.338432788848877,1.176012635231018,-6.398560047149658
137,0,1.755104899406433,3.065354585647583,0.0,-5.083400249481201
149,0,-0.9170176386833191,1.31205153465271,0.0,0.07671999931335449
149,1,3.6369733810424805,1.3722749948501587,0.0,0.4001200199127197
152,0,-1.5992095470428467,3.4869956970214844,2.856236696243286,-8.224160194396973
154,0,-0.07393313944339752,0.9221919178962708,0.20688170194625854,-0.3158400058746338
156,0,1.7725893259048462,1.864997148513794,2.494948625564575,-5.019840240478516
159,0,0.02554074302315712,0.31857794523239136,0.015993334352970123,0.2886800169944763
159,1,0.0,0.6658668518066406,0.013319111429154873,4.802560329437256
159,2,0.0,2.293750047683716,0.0,0.7168000340461731
159,3,-2.1415655612945557,0.711585283279419,0.4106490910053253,0.7327600121498108
159,4,0.16714605689048767,1.186090111732483,0.0839838832616806,0.0
159,5,0.17929431796073914,1.1863173246383667,0.048017196357250214,0.0
159,6,0.1912631094455719,1.1851762533187866,0.024013400077819824,0.0
162,0,0.05291616916656494,1.0574413537979126,0.18174415826797485,-0.3158400058746338
162,1,0.0,1.534000039100647,0.0,0.0
165,0,-0.056026436388492584,0.9326531291007996,0.1603848785161972,-0.3158400058746338
175,0,-2.5575997829437256,1.9882314205169678,1.0735371112823486,-4.263840198516846
175,1,-0.05683451145887375,0.9461049437522888,0.018958736211061478,-0.3158400058746338
175,2,0.010323966853320599,1.0323623418807983,0.29687508940696716,-0.3158400058746338
191,0,-0.15100346505641937,0.9357043504714966,0.018958736211061478,0.0
191,1,-0.13226042687892914,0.9385371208190918,0.018958736211061478,0.0
191,2,0.5561125874519348,0.3649807274341583,0.8046513795852661,4.552239894866943
191,3,-1.709887146949768,2.6098437309265137,0.09363095462322235,4.591160297393799
191,4,0.0032143036369234324,0.3214196562767029,0.006429571192711592,0.21615999937057495
197,0,-0.009718511253595352,0.971818745136261,0.2794646620750427,-0.3158400058746338
209,0,-0.04210223630070686,1.0519944429397583,0.21342052519321442,-0.3158400058746338
209,1,-0.029895693063735962,0.9962241649627686,0.1710856556892395,-0.3158400058746338
209,2,-0.03144602105021477,1.0478862524032593,0.23443318903446198,-0.3158400058746338
209,3,-0.018912307918071747,0.9454893469810486,0.06630582362413406,-0.3158400058746338
209,4,-0.01993212290108204,0.9964733123779297,0.1710856556892395,-0.3158400058746338
209,5,-0.020965760573744774,1.048148274421692,0.23443318903446198,-0.3158400058746338
209,6,0.013487177900969982,0.4494377374649048,0.0179952010512352,0.3600800037384033
222,0,0.34748393297195435,0.5930600166320801,0.7515831589698792,0.04032000154256821
224,0,0.0,1.0295000076293945,0.0,0.0
235,0,0.09631557762622833,1.0672820806503296,0.07513611018657684,-0.3158400058746338
248,0,-0.019996561110019684,0.99969482421875,0.15111930668354034,-0.3158400058746338
262,0,-0.051384348422288895,2.5688750743865967,0.3098151981830597,4.257960319519043
262,1,0.2454301118850708,1.3487428426742554,2.761439085006714,4.122440338134766
262,2,-2.5815041065216064,1.657564640045166,0.3078113794326782,-1.7203199863433838
265,0,-0.5634482502937317,1.8881505727767944,0.1579713672399521,-3.366720199584961
265,1,0.020523499697446823,0.5128138661384583,0.0051324148662388325,0.4309200048446655
265,2,0.0,2.8887500762939453,0.0,-1.7920000553131104
271,0,-2.5091099739074707,2.9789202213287354,0.4301662743091583,-2.1568400859832764
271,1,1.9465687274932861,2.6144447326660156,2.4268531799316406,-0.03724000230431557
271,2,0.0,3.848750114440918,0.0,-2.936079978942871
271,3,1.9542945623397827,2.8565847873687744,1.2634069919586182,-3.6582000255584717
284,0,-0.07548324763774872,0.8364370465278625,0.2783127725124359,0.3158400058746338
284,1,-0.08087947964668274,0.8962332606315613,0.2982091009616852,0.3158400058746338
284,2,-0.08683022856712341,0.9621740579605103,0.2988447844982147,0.3158400058746338
284,3,-0.07191324979066849,0.8969972133636475,0.2982091009616852,0.3158400058746338
284,4,-0.07720430940389633,0.9629942774772644,0.2988447844982147,0.3158400058746338
284,5,-0.0629398375749588,0.8976715207099915,0.2982091009616852,0.3158400058746338
284,6,-0.053960125893354416,0.8982560038566589,0.2982091009616852,0.3158400058746338
284,7,2.160398244857788,3.091057062149048,1.6390814781188965,0.0
291,0,-3.822995185852051,2.1929454803466797,1.031940221786499,-7.990360260009766
293,0,-2.5240414142608643,1.515718698501587,2.014220952987671,4.442200183868408
298,0,0.2920854389667511,1.0553816556930542,0.3387400209903717,4.3957200050354
301,0,2.0082333087921143,2.873342275619507,2.149290084838867,0.0
311,0,-2.5309956073760986,2.268664836883545,0.30673301219940186,3.4742400646209717
317,0,-2.596850633621216,1.9366852045059204,1.0735371112823486,4.263840198516846
317,1,-0.037154216319322586,0.9283599853515625,0.1883385181427002,0.3158400058746338
317,2,-0.03998512774705887,0.9990949630737305,0.15111930668354034,0.3158400058746338
321,0,-0.40595024824142456,0.31557831168174744,0.3517722487449646,5.300400257110596
324,0,-1.911391019821167,1.748064398765564,2.4618608951568604,1.9154800176620483
327,0,-2.690398931503296,1.8044764995574951,1.0735371112823486,-5.053440093994141
327,1,-2.653773784637451,1.8579200506210327,1.0735371112823486,8.053919792175293
327,2,-0.028231244534254074,0.9407591819763184,0.11348717659711838,0.3158400058746338
327,3,-0.1082569882273674,3.6074838638305664,0.4351837933063507,0.3158400058746338
335,0,-2.4968111515045166,2.0640532970428467,1.0735371112823486,1.2633600234985352
335,1,-0.010740173980593681,1.073981523513794,0.021483568474650383,-0.3158400058746338
344,0,0.0,5.768500328063965,0.0,-4.730880260467529
347,0,-1.7323189973831177,1.5842938423156738,1.7478418350219727,-1.512279987335205
355,0,-0.3773598372936249,3.7610113620758057,0.8452579379081726,-0.3158400058746338
355,1,1.9167311191558838,2.7424228191375732,2.3886353969573975,-4.424560070037842
365,0,-0.11969961225986481,0.9927042126655579,0.15111930668354034,0.7896000146865845
365,1,-0.1094130277633667,0.9906488060951233,0.1710856556892395,0.7896000146865845
365,2,-0.08513671159744263,0.9434080123901367,0.037909891456365585,0.3158400058746338
365,3,-0.09894413501024246,0.9861410856246948,0.20090435445308685,-0.3158400058746338
365,4,-0.07557360082864761,0.9426539540290833,0.06630582362413406,0.3158400058746338
365,5,-0.08907794207334518,0.9870811700820923,0.20090435445308685,-0.3158400058746338
365,6,-0.09279186278581619,1.0282355546951294,0.29687508940696716,-0.3158400058746338
365,7,0.020523499697446823,0.5128138661384583,0.0051324148662388325,0.4309200048446655
368,0,-2.4541878700256348,0.9825009107589722,0.42661434412002563,4.442480087280273
380,0,-0.0302586629986763,1.0083194971084595,0.07072970271110535,-0.3158400058746338
380,1,-0.021173879504203796,1.058552861213684,0.18174415826797485,0.3158400058746338
400,0,3.2943785190582275,3.6079468727111816,1.6190741062164307,4.461240291595459
409,0,-0.08869900554418564,0.9828821420669556,0.2206847071647644,-0.3158400058746338
416,0,-2.5647995471954346,3.171660900115967,2.0719549655914307,4.317880153656006
416,1,1.2504339218139648,0.8569305539131165,0.24463312327861786,-3.6744401454925537
421,0,-0.9771277904510498,4.173202991485596,0.1286206990480423,0.0
424,0,1.0525530576705933,2.560614585876465,0.08308003842830658,-4.77232027053833
426,0,-0.11993113160133362,0.9173442721366882,0.20688170194625854,0.0
426,1,-0.10083455592393875,0.9129775166511536,0.2345389723777771,0.0
426,2,-0.09169989079236984,0.9139402508735657,0.2345389723777771,0.0
443,0,1.88822603225708,0.9849428534507751,1.163446068763733,4.323480129241943
443,1,-1.066573977470398,1.292290449142456,2.2942724227905273,-4.84876012802124
445,0,-0.988707423210144,3.1962227821350098,2.3884902000427246,3.3003602027893066
453,0,-1.5944576263427734,1.7462226152420044,2.6380844116210938,-3.9975600242614746
453,1,0.8575564026832581,0.9022621512413025,2.4456958770751953,-2.490880012512207
453,2,0.020523499697446823,0.5128138661384583,0.0051324148662388325,0.4309200048446655
455,0,0.020523499697446823,0.5128138661384583,0.0051324148662388325,0.4309200048446655
458,0,0.1273919939994812,0.7000732421875,1.4333418607711792,4.122440338134766
458,1,-0.8762738704681396,1.337478756904602,0.0639929324388504,8.534680366516113
471,0,-0.05976448208093643,0.9948791265487671,0.1710856556892395,-0.3158400058746338
471,1,-0.03175817057490349,1.0582882165908813,0.18174415826797485,-0.3158400058746338
473,0,-0.11814113706350327,0.9797793030738831,0.2206847071647644,0.3158400058746338
473,1,-0.12460295110940933,1.0333690643310547,0.265773743391037,0.3158400058746338
473,2,-0.10156148672103882,0.9195592999458313,0.20688170194625854,-0.3158400058746338
473,3,-0.10833760350942612,0.9809117317199707,0.2206847071647644,0.3158400058746338
473,4,-0.11426320672035217,1.034563422203064,0.265773743391037,0.3158400058746338
473,5,2.3488693237304688,3.5851383209228516,0.1286206990480423,0.0002800000074785203
476,0,-2.58347225189209,3.194751501083374,0.41223713755607605,3.117799997329712
476,1,-2.653773784637451,1.8579200506210327,1.0735371112823486,4.895520210266113
476,2,-0.11122499406337738,0.9224216938018799,0.1883385181427002,0.3158400058746338
476,3,-0.11864585429430008,0.9839650988578796,0.20090435445308685,0.3158400058746338
476,4,-0.12550124526023865,1.0408188104629517,0.23443318903446198,0.3158400058746338
476,5,-0.09572626650333405,0.8667259812355042,0.1496840864419937,-0.3158400058746338
476,6,-0.10199537128210068,0.9234877824783325,0.1883385181427002,0.3158400058746338
479,0,-2.8280112743377686,1.1321560144424438,2.3157458305358887,-4.875639915466309
479,1,1.5589243173599243,4.019263744354248,0.0,4.189080238342285
492,0,-1.8058961629867554,1.6187198162078857,0.2924270033836365,-4.941440105438232
505,0,0.0,1.0621874332427979,0.16053391993045807,-0.3158400058746338
511,0,-0.266440749168396,0.5117848515510559,0.14732907712459564,4.340000152587891
522,0,-0.6498979926109314,0.872880756855011,0.0,-0.6398000121116638
522,1,-2.0243630409240723,2.555194139480591,2.427151679992676,5.70304012298584
522,2,1.602695107460022,2.244957447052002,2.7287240028381348,7.339360237121582
534,0,-2.7259480953216553,1.750311017036438,1.0735371112823486,-4.5796799659729
534,1,-2.139118194580078,2.93385648727417,2.703354597091675,-1.171239972114563
544,0,-0.12151321768760681,0.9294455647468567,0.14166735112667084,0.0
544,1,-0.11185123771429062,0.9276153445243835,0.1603848785161972,0.0
544,2,-0.10256964713335037,0.9286873936653137,0.1603848785161972,0.0
544,3,-0.09327779710292816,0.9296666979789734,0.1603848785161972,0.0
544,4,-0.0839766189455986,0.9305529594421387,0.1603848785161972,0.0
544,5,1.9465687274932861,2.6144447326660156,2.4268531799316406,-0.001120000029914081
549,0,0.0,4.928000450134277,0.0,0.0
553,0,0.07176371663808823,3.58770751953125,2.351022958755493,-4.778480052947998
553,1,3.6661837100982666,2.6775429248809814,1.159211277961731,4.46068000793457
557,0,-1.2464053630828857,5.093257904052734,1.6796528100967407,2.0596799850463867
561,0,0.0,5.523500442504883,0.0,-2.5804800987243652
566,0,-3.194934844970703,2.142873525619507,1.2748596668243408,-7.264320373535156
568,0,2.0672607421875,2.9577975273132324,1.971397876739502,0.0
575,0,0.020523499697446823,0.5128138661384583,0.0051324148662388325,0.4309200048446655
577,0,-2.5575997829437256,1.9882314205169678,1.0735371112823486,-6.158880233764648
597,0,-0.13175147771835327,0.9349255561828613,0.08520486950874329,0.0
597,1,-0.12239579111337662,0.9361963272094727,0.08520486950874329,0.0
597,2,-0.13014979660511017,0.9955061078071594,0.12105897068977356,0.0
597,3,-0.1038149744272232,0.9399628639221191,0.06630582362413406,0.0
597,4,-0.11969961225986481,0.9927042126655579,0.15111930668354034,0.0
597,5,-0.09441030770540237,0.9409540295600891,0.06630582362413406,0.0
597,6,-0.10976675152778625,0.9938515424728394,0.15111930668354034,0.0
597,7,-0.4919334352016449,5.4511613845825195,0.38375893235206604,-8.52992057800293
597,8,1.4279283285140991,3.113525867462158,2.550323247909546,-6.89192008972168
597,9,0.02554074302315712,0.31857794523239136,0.015993334352970123,0.2886800169944763
597,10,0.0,0.6660000085830688,0.0,4.802560329437256
602,0,-2.616086959838867,1.9106203317642212,1.0735371112823486,1.421280026435852
602,1,-2.5173263549804688,2.038982391357422,1.0735371112823486,-1.421280026435852
608,0,0.0,0.9817500710487366,0.0,8.673279762268066
617,0,0.0,0.9817500710487366,0.0,8.673279762268066
650,0,-0.9365484714508057,5.146732330322266,0.0,0.8512000441551208
654,0,-2.653773784637451,1.8579200506210327,1.0735371112823486,5.211359977722168
654,1,-2.616086959838867,1.9106203317642212,1.0735371112823486,-3.632160186767578
654,2,-2.5575997829437256,1.9882314205169678,1.0735371112823486,-3.632160186767578
654,3,-0.10054793953895569,1.00212562084198,0.09088967740535736,0.3158400058746338
666,0,-2.616086959838867,1.9106203317642212,1.0735371112823486,-2.052960157394409
666,1,-2.596850633621216,1.9366852045059204,1.0735371112823486,-2.052960157394409
666,2,-2.5575997829437256,1.9882314205169678,1.0735371112823486,-2.052960157394409
668,0,-2.653773784637451,1.8579200506210327,1.0735371112823486,9.159080505371094
668,1,-2.5575997829437256,1.9882314205169678,1.0735371112823486,9.001160621643066
668,2,-0.11557862162590027,1.0464733839035034,0.21342052519321442,-0.3158400058746338
668,3,-0.07990628480911255,0.9966968894004822,0.15111930668354034,-0.3158400058746338
672,0,-2.2794697284698486,2.706281900405884,2.369124412536621,7.650160312652588
672,1,-2.4392433166503906,3.078864574432373,0.755435585975647,-1.8312000036239624
682,0,0.7468439936637878,3.339799165725708,1.7384041547775269,0.06887999922037125
682,1,0.021242331713438034,1.0619750022888184,0.16053391993045807,0.3158400058746338
703,0,0.0,1.6367501020431519,0.0,1.2740000486373901
719,0,0.18241454660892487,2.021353006362915,1.1352561712265015,-4.975880146026611
726,0,-0.09583152085542679,0.9551187753677368,0.31810542941093445,0.3158400058746338
726,1,-0.08627570420503616,0.9560292959213257,0.31810542941093445,0.3158400058746338
726,2,-0.0767112523317337,0.9568442702293396,0.31810542941093445,0.3158400058746338
726,3,-0.0629398375749588,0.8976715207099915,0.2982091009616852,0.3158400058746338
726,4,-0.0671391412615776,0.9575635194778442,0.31810542941093445,0.3158400058746338
728,0,-1.9066367149353027,2.357769012451172,2.5540010929107666,-5.1864399909973145
731,0,-0.010110309347510338,1.0109972953796387,0.020223651081323624,0.3158400058746338
731,1,0.03221622481942177,1.0735520124435425,0.021483568474650383,-0.3158400058746338
735,0,0.02491392381489277,1.245530128479004,0.21384648978710175,0.0
735,1,0.03748857602477074,1.2492444515228271,0.18888980150222778,0.0
735,2,0.04782285541296005,1.1949337720870972,0.10792167484760284,0.0
735,3,0.049978937953710556,1.2488070726394653,0.18888980150222778,0.0
735,4,0.06271936744451523,1.2533419132232666,0.15131622552871704,0.0
735,5,2.394551992416382,1.0716291666030884,2.6476643085479736,-4.828320026397705
735,6,2.4794986248016357,1.357121467590332,2.4295475482940674,-5.001640319824219
735,7,-2.8447227478027344,1.669816017150879,0.29767775535583496,-4.873680114746094
739,0,-0.08806413412094116,0.9758471250534058,0.2501872777938843,-0.3158400058746338
739,1,-0.07340396195650101,0.9155913591384888,0.2345389723777771,-0.3158400058746338
739,2,-0.0788659155368805,0.9837200045585632,0.2206847071647644,-0.3158400058746338
739,3,-0.06348776072263718,1.0568593740463257,0.18174415826797485,0.7896000146865845
743,0,-0.10001688450574875,0.9055741429328918,0.261985182762146,2.368800163269043
743,1,-0.10756216943264008,0.9738907814025879,0.2501872777938843,2.368800163269043
743,2,-0.09095629304647446,0.9065290689468384,0.261985182762146,-0.3158400058746338
743,3,-0.0978180468082428,0.9749177098274231,0.2501872777938843,2.368800163269043
743,4,3.6295812129974365,2.279592752456665,0.1286206990480423,0.0002800000074785203
743,5,-0.5644530057907104,0.3016502261161804,0.0,0.0
746,0,-0.09878677874803543,0.8944365382194519,0.2982091009616852,0.0
746,1,-0.0970248356461525,0.9670120477676392,0.2794646620750427,0.0
750,0,-2.323035717010498,2.872692823410034,1.8766475915908813,-8.478119850158691
752,0,0.0,2.44950008392334,0.0,0.0
757,0,0.0,0.8235000371932983,0.0,1.0617600679397583
757,1,0.0,3.4610002040863037,0.0,1.203160047531128
757,2,0.0,0.811750054359436,0.0,1.0617600679397583
757,3,0.0,0.7272500395774841,0.0,1.2740000486373901
760,0,0.0,4.121750354766846,0.0,-2.114840030670166
765,0,-0.10756216943264008,0.9738907814025879,0.2501872777938843,0.3158400058746338
765,1,-0.09169989079236984,0.9139402508735657,0.2345389723777771,-0.3158400058746338
765,2,-0.0978180468082428,0.9749177098274231,0.2501872777938843,0.3158400058746338
765,3,-0.10391203314065933,1.0356543064117432,0.265773743391037,0.3158400058746338
765,4,-0.08255605399608612,0.9148114919662476,0.2345389723777771,0.3158400058746338
765,5,-1.8335801362991333,2.2674262523651123,2.942993640899658,5.063240051269531
765,6,1.9465687274932861,2.6144447326660156,2.4268531799316406,-0.001120000029914081
768,0,0.010239829309284687,1.0239487886428833,0.0,0.0
777,0,-1.940163254737854,0.6662808656692505,1.4644991159439087,-4.765320301055908
796,0,-2.109604835510254,1.7087363004684448,0.8996604084968567,-8.053919792175293
799,0,-2.2405385971069336,1.6709539890289307,2.8778533935546875,8.152480125427246
804,0,-0.03209225460886955,1.0694209337234497,0.0965520367026329,-0.3158400058746338
808,0,-0.08149030804634094,1.0164549350738525,0.337923139333725,0.3158400058746338
811,0,-0.07764238864183426,1.1073647737503052,0.24823620915412903,-0.3158400058746338
811,1,-0.058277055621147156,0.9701184630393982,0.2794646620750427,-0.3158400058746338
811,2,-0.06190767511725426,1.0305562019348145,0.29687508940696716,-0.3158400058746338
811,3,-0.048284076154232025,0.9648767113685608,0.2988447844982147,-0.3158400058746338
811,4,-0.05159918963909149,1.0311237573623657,0.29687508940696716,-0.3158400058746338
811,5,0.08551842719316483,0.46996015310287476,0.9622043967247009,4.122440338134766
814,0,2.733198404312134,0.9081692099571228,2.3290493488311768,4.2352800369262695
817,0,-2.843071460723877,4.435586929321289,1.2892991304397583,-5.085920333862305
817,1,-2.4882969856262207,4.554797172546387,0.15575163066387177,-4.814879894256592
817,2,0.5221343636512756,1.0029263496398926,0.46478036046028137,-4.823840141296387
820,0,-0.07490843534469604,0.9343571066856384,0.14166735112667084,0.3158400058746338
820,1,-0.08957948535680771,0.9926388263702393,0.1710856556892395,0.3158400058746338
820,2,-0.08461084216833115,1.0553783178329468,0.18174415826797485,0.3158400058746338
822,0,0.0,4.122250080108643,0.0,8.234519958496094
824,0,-0.06153928115963936,1.024423599243164,0.31746259331703186,-0.3158400058746338
824,1,-0.04497501626610756,0.8987506628036499,0.2982091009616852,0.3158400058746338
824,2,-0.05129213631153107,1.024987816810608,0.31746259331703186,-0.3158400058746338
824,3,-0.04103986918926239,1.025449514389038,0.31746259331703186,-0.3158400058746338
824,4,-0.032791100442409515,1.0927088260650635,0.3143545687198639,-0.3158400058746338
830,0,1.4451335668563843,0.646737813949585,0.0,6.128920078277588
830,1,1.7928740978240967,2.511348247528076,2.2497966289520264,0.061879999935626984
832,0,0.0,5.599250316619873,0.0,0.28672000765800476
837,0,-0.0302586629986763,1.0083194971084595,0.07072970271110535,0.3158400058746338
837,1,-0.010733729228377342,1.073337197303772,0.04295854642987251,0.3158400058746338
839,0,-0.06039318069815636,1.0053448677062988,0.09088967740535736,-0.3158400058746338
839,1,-0.05308724194765091,1.06086003780365,0.16053391993045807,-0.3158400058746338
839,2,-0.05621292442083359,1.123321533203125,0.16998587548732758,-0.3158400058746338
845,0,1.6801787614822388,5.070104122161865,0.0,3.8438401222229004
845,1,1.7423841953277588,5.257815361022949,0.0,-0.026320001110434532
845,2,1.7423841953277588,5.257815361022949,0.0,-0.02548000030219555
845,3,1.6819874048233032,5.075562000274658,0.0,-0.02548000030219555
851,0,-0.6511141061782837,0.33963635563850403,1.4428647756576538,-4.941720008850098
851,1,1.7822117805480957,4.462080478668213,0.7754017114639282,4.302480220794678
857,0,0.9707038402557373,1.864547848701477,1.0677927732467651,-4.822160243988037
857,1,-2.0729148387908936,0.9526810050010681,1.2760953903198242,-4.840360164642334
862,0,-2.760406732559204,1.6954458951950073,1.0735371112823486,-5.3692803382873535
862,1,-2.7259480953216553,1.750311017036438,1.0735371112823486,-5.3692803382873535
864,0,0.0,2.1665000915527344,0.0,0.0
864,1,-3.7413244247436523,4.820643424987793,1.2369648218154907,4.552800178527832
864,2,0.26415494084358215,0.7971134185791016,0.6122686862945557,2.9475600719451904
867,0,-0.07964878529310226,0.9934850335121155,0.1710856556892395,0.3158400058746338
867,1,-0.08149030804634094,1.0164549350738525,0.337923139333725,0.3158400058746338
869,0,0.0,0.9910923838615417,0.20090435445308685,-0.7896000146865845
869,1,0.0,1.0587645769119263,0.18174415826797485,-0.7896000146865845
872,0,-0.5238646864891052,0.39068901538848877,0.4865649938583374,-6.9739603996276855
883,0,-0.7354856133460999,1.199607491493225,0.05631498247385025,5.165440082550049
885,0,-0.04421022906899452,0.8834676742553711,0.01769382134079933,0.0
885,1,-0.037902310490608215,0.9470522999763489,0.018958736211061478,0.0
887,0,0.0,1.4555001258850098,0.0,8.31488037109375
890,0,-0.040148403495550156,1.0031746625900269,0.12105897068977356,-0.3158400058746338
890,1,-0.01058746874332428,1.0587116479873657,0.18174415826797485,-0.3158400058746338
890,2,0.01110064797103405,1.11002779006958,0.24823620915412903,-0.3158400058746338
901,0,-0.843783974647522,4.915528774261475,0.5508400797843933,-5.011159896850586
905,0,-0.040148403495550156,1.0031746625900269,0.12105897068977356,0.3158400058746338
905,1,-0.04233929142355919,1.0579177141189575,0.18174415826797485,0.3158400058746338
911,0,-2.418902635574341,3.053190231323242,1.162395715713501,-1.5909600257873535
915,0,2.973330020904541,2.508451461791992,0.8291493058204651,4.431000232696533
918,0,0.6584396958351135,0.6021766066551208,1.8434057235717773,8.97484016418457
918,1,0.6584396958351135,0.6021766066551208,1.8434057235717773,-8.443400382995605
918,2,0.3497960865497589,0.3199063241481781,0.9793093204498291,-7.798280239105225
920,0,-0.06190767511725426,1.0305562019348145,0.29687508940696716,0.3158400058746338
920,1,-0.03699616342782974,0.9244107604026794,0.20688170194625854,0.3158400058746338
920,2,-0.04897021874785423,0.9785881638526917,0.2501872777938843,0.3158400058746338
920,3,-0.05159918963909149,1.0311237573623657,0.29687508940696716,0.3158400058746338
920,4,-0.02775035984814167,0.9247345328330994,0.20688170194625854,0.3158400058746338
920,5,-0.029389970004558563,0.9793717861175537,0.2501872777938843,0.3158400058746338
920,6,-0.031220940873026848,1.0403858423233032,0.265773743391037,0.3158400058746338
920,7,-0.08044642955064774,0.6153287291526794,0.45246317982673645,0.0008399999933317304
920,8,0.007694486994296312,0.3846730589866638,0.0,0.28700000047683716
920,9,0.10981105268001556,2.743812084197998,0.1925351768732071,0.35840001702308655
920,10,0.0,0.5760000348091125,0.0,0.0
926,0,-2.5575997829437256,1.9882314205169678,1.0735371112823486,-7.264320373535156
926,1,-0.08377920091152191,1.0450050830841064,0.23443318903446198,0.3158400058746338
926,2,-0.0629398375749588,0.8976715207099915,0.2982091009616852,0.3158400058746338
926,3,-0.06931982189416885,0.9886652231216431,0.20090435445308685,0.3158400058746338
935,0,-2.616086959838867,1.9106203317642212,1.0735371112823486,8.875160217285156
935,1,-2.5173263549804688,2.038982391357422,1.0735371112823486,2.2108800411224365
935,2,-0.056026436388492584,0.9326531291007996,0.1603848785161972,-0.3158400058746338
949,0,-0.08087947964668274,0.8962332606315613,0.2982091009616852,0.0
949,1,-0.05995817855000496,0.8551459312438965,0.21889066696166992,0.0
953,0,0.2375955432653427,1.6860086917877197,1.1648573875427246,0.16099999845027924
975,0,-0.08869900554418564,0.9828821420669556,0.2206847071647644,-0.3158400058746338
977,0,0.2895132899284363,1.686582088470459,0.0,0.7156800031661987
977,1,0.749890923500061,0.9273237586021423,0.8335221409797668,2.4021201133728027
980,0,-0.09422488510608673,1.0441149473190308,0.23443318903446198,0.3158400058746338
980,1,-0.0690249353647232,0.9844594597816467,0.2206847071647644,0.3158400058746338
982,0,0.017463332042098045,1.7462750673294067,2.3911795616149902,2.9293601512908936
982,1,-2.164987564086914,2.7326934337615967,2.089834213256836,0.8736000061035156
985,0,-0.6436691880226135,1.0042134523391724,0.8336653709411621,-1.1051599979400635
987,0,-0.040777772665023804,1.0189006328582764,0.337923139333725,0.3158400058746338
987,1,-0.020392965525388718,1.0195122957229614,0.337923139333725,0.3158400058746338
987,2,-0.010196992196142673,1.019665241241455,0.337923139333725,-8.369760513305664
987,3,-0.01079737301915884,1.07970130443573,0.35781946778297424,0.3158400058746338
987,4,0.0,3.035750150680542,0.0,0.0
995,0,0.0,4.013250350952148,0.0,0.0
995,1,0.27542200684547424,0.6336913108825684,1.5862987041473389,4.554480075836182
998,0,-0.3791046738624573,1.4250900745391846,1.097943902015686,-6.24399995803833
1003,0,0.0,4.123500347137451,0.0,5.412400245666504
1005,0,0.8089625835418701,2.14919376373291,1.709770679473877,-8.808520317077637
1023,0,0.0,0.6827500462532043,0.0,0.0
1023,1,-0.5492545962333679,2.244450807571411,2.9118218421936035,-4.834480285644531
1025,0,-1.9308159351348877,2.437116861343384,2.618906021118164,4.4780402183532715
1035,0,0.02554074302315712,0.31857794523239136,0.015993334352970123,0.2886800169944763
1035,1,0.0,0.6660000085830688,0.0,4.802560329437256
1038,0,0.0,5.6670002937316895,0.0,-4.300800323486328
1038,1,-0.87017422914505,0.8283783197402954,0.580352783203125,-2.4567201137542725
1041,0,-1.926499366760254,2.382331371307373,2.281137466430664,3.0108401775360107
1046,0,-0.0671391412615776,0.9575635194778442,0.31810542941093445,-0.3158400058746338
1046,1,-0.07132185995578766,1.0172189474105835,0.337923139333725,-0.3158400058746338
1056,0,-0.19737115502357483,0.9260058403015137,0.690330445766449,-4.7930402755737305
1065,0,-0.12991614639759064,1.1762884855270386,0.20314572751522064,0.0
1079,0,-0.03985627368092537,0.9958754181861877,0.1710856556892395,0.3158400058746338
1079,1,-0.03144602105021477,1.0478862524032593,0.23443318903446198,0.3158400058746338
1096,0,-0.01621500961482525,0.40515902638435364,0.4175012409687042,4.17956018447876
1098,0,-0.07945644110441208,0.8804644346237183,0.035380564630031586,0.0
1100,0,-0.06039318069815636,1.0053448677062988,0.09088967740535736,0.3158400058746338
1103,0,-2.441246747970581,1.782928228378296,2.0681440830230713,-8.235640525817871
1103,1,1.2189425230026245,3.5586981773376465,2.518646478652954,-6.587560176849365
1110,0,-2.690398931503296,1.8044764995574951,1.0735371112823486,5.527200222015381
1110,1,-2.653773784637451,1.8579200506210327,1.0735371112823486,9.001160621643066
1110,2,-2.596850633621216,1.9366852045059204,1.0735371112823486,9.001160621643066
1110,3,0.03918205574154854,0.9790289402008057,0.2501872777938843,0.3158400058746338
1110,4,0.05291616916656494,1.0574413537979126,0.18174415826797485,0.3158400058746338
1110,5,0.06793300062417984,1.1308577060699463,0.10223685204982758,0.3158400058746338
1113,0,-0.07022106647491455,1.0015190839767456,0.12105897068977356,0.3158400058746338
1113,1,-0.08461084216833115,1.0553783178329468,0.18174415826797485,0.3158400058746338
1132,0,0.11841379851102829,0.9057382941246033,0.2725839614868164,4.292680263519287
1134,0,1.3156636953353882,0.8447778820991516,1.2387117147445679,-4.822440147399902
1152,0,-0.07071556150913239,1.0085718631744385,0.020223651081323624,0.0
1156,0,-1.7771528959274292,5.023940086364746,0.0,5.491640090942383
1156,1,-1.7771528959274292,5.023940086364746,0.0,5.4922003746032715
1156,2,-1.7771528959274292,5.023940086364746,0.0,5.492760181427002
1156,3,-1.7771528959274292,5.023940086364746,0.0,5.493319988250732
1163,0,-2.690398931503296,1.8044764995574951,1.0735371112823486,7.580160140991211
1163,1,-2.653773784637451,1.8579200506210327,1.0735371112823486,7.580160140991211
1163,2,-2.5013344287872314,2.0677926540374756,0.828679621219635,9.033080101013184
1169,0,-0.5702967047691345,3.533886671066284,2.5018556118011475,6.42572021484375
1169,1,2.3579390048980713,0.7314538955688477,1.6889866590499878,-3.788400173187256
1197,0,1.6430635452270508,0.8156840205192566,1.365786075592041,2.9758400917053223
1201,0,2.212048053741455,3.16495680809021,0.3095695376396179,0.7056000232696533
1224,0,-2.4936323165893555,2.9605445861816406,0.5850129127502441,-1.8743200302124023
1230,0,-0.09548506140708923,4.773616790771484,2.4253194332122803,4.553080081939697
1241,0,-2.7259480953216553,1.750311017036438,1.0735371112823486,5.211359977722168
1241,1,-2.690398931503296,1.8044764995574951,1.0735371112823486,3.632160186767578
1245,0,2.6155145168304443,0.9868659377098083,2.2147464752197266,-4.893280029296875
1245,1,3.2383182048797607,4.172526836395264,0.5299407839775085,4.597599983215332
1245,2,-1.4785349369049072,1.6521466970443726,2.793931245803833,-4.955160140991211
1247,0,-2.3027853965759277,2.847651243209839,0.40447816252708435,-4.754400253295898
1252,0,-0.020141800865530968,1.0069557428359985,0.09088967740535736,-0.3158400058746338
1252,1,-0.021055327728390694,1.052626132965088,0.21342052519321442,0.3158400058746338
1252,2,-0.010039609856903553,1.0039275884628296,0.12105897068977356,-0.3158400058746338
1252,3,-0.010408367961645126,1.0408021211624146,0.265773743391037,0.3158400058746338
1252,4,0.0,0.9998947978019714,0.15111930668354034,-0.3158400058746338
1252,5,0.0,1.0197162628173828,0.337923139333725,0.3158400058746338
1255,0,1.3888713121414185,4.05480432510376,0.1286206990480423,0.0002800000074785203
1255,1,0.4409097731113434,0.4638950824737549,0.0,0.0
1255,2,-2.5000131130218506,4.077624797821045,0.0,-8.814400672912598
1255,3,0.29091688990592957,0.4640195965766907,0.3588187098503113,3.344600200653076
1259,0,0.03461507335305214,3.4613919258117676,0.6657276153564453,0.34888002276420593
1262,0,-1.6745202541351318,3.1394028663635254,0.6474604606628418,4.285399913787842
1264,0,-0.030210183933377266,1.0067039728164673,0.09088967740535736,-0.3158400058746338
1269,0,-2.4926183223724365,3.0824005603790283,1.054544448852539,-0.3903200030326843
1269,1,2.2638919353485107,3.2391340732574463,1.1363744735717773,0.0
1288,0,-2.651998996734619,1.896475911140442,1.0085365772247314,-1.7371200323104858
1288,1,-2.6307809352874756,2.0032389163970947,0.8443279266357422,-1.7371200323104858
1288,2,-2.5924222469329834,2.143092632293701,0.5773770809173584,-5.053440093994141
1288,3,2.250420331954956,3.2198588848114014,1.2151789665222168,0.0
1292,0,-1.2355057001113892,0.5678201913833618,0.9302484393119812,2.257920026779175
1295,0,0.10755829513072968,2.1493730545043945,1.472305178642273,4.770639896392822
1297,0,-2.5309956073760986,2.268664836883545,0.30673301219940186,-9.159080505371094
1297,1,0.030967772006988525,1.0319494009017944,0.29687508940696716,-0.3158400058746338
1299,0,1.2898234128952026,2.96762752532959,2.511326551437378,0.017079999670386314
1301,0,0.0,1.6487500667572021,0.0,0.0
1301,1,0.5901001691818237,1.3957180976867676,1.5602495670318604,4.285399913787842
1310,0,-2.653773784637451,1.8579200506210327,1.0735371112823486,4.895520210266113
1310,1,-2.5173263549804688,2.038982391357422,1.0735371112823486,4.263840198516846
1323,0,0.0,1.9200000762939453,0.0,0.0
1331,0,2.1787445545196533,3.117306709289551,1.5633347034454346,0.0
1342,0,-3.857074499130249,1.4553219079971313,0.37202978134155273,4.155200004577637
1344,0,0.0,2.399667263031006,0.7952243089675903,0.0
1359,0,-1.7921618223190308,2.2621047496795654,2.5312130451202393,-4.263279914855957
1359,1,-1.8025099039077759,2.2751662731170654,2.9294967651367188,-1.667120099067688
1366,0,-2.686818838119507,1.8810551166534424,0.9431328177452087,-2.2108800411224365
1366,1,-2.64866304397583,1.934411644935608,0.9431328177452087,-2.2108800411224365
1366,2,-2.616086959838867,1.9106203317642212,1.0735371112823486,-2.2108800411224365
1366,3,-2.596850633621216,1.9366852045059204,1.0735371112823486,-2.2108800411224365
1370,0,-0.036558110266923904,0.6085705161094666,1.3623002767562866,4.283999919891357
1383,0,-2.653773784637451,1.8579200506210327,1.0735371112823486,8.717240333557129
1383,1,-0.04797571524977684,0.9587146639823914,0.31810542941093445,-0.3158400058746338
1383,2,-0.020392965525388718,1.0195122957229614,0.337923139333725,-0.3158400058746338
1400,0,-2.5676021575927734,1.875209927558899,1.0536407232284546,-5.053440093994141
1400,1,-2.6298131942749023,2.1740028858184814,0.06825045496225357,8.875160217285156
1400,2,-2.5487220287323,1.900791883468628,1.0536407232284546,2.6846401691436768
1400,3,-2.5979065895080566,2.191725254058838,0.30673301219940186,8.875160217285156
1408,0,1.60141122341156,0.5143824815750122,1.2523189783096313,-4.707079887390137
1408,1,0.020523499697446823,0.5128138661384583,0.0051324148662388325,0.4309200048446655
1420,0,-0.24572904407978058,0.37506240606307983,0.017945215106010437,4.424839973449707
1420,1,-1.3177249431610107,2.7990217208862305,0.9231967329978943,-1.1289600133895874
1427,0,-0.1953282505273819,0.8342249989509583,1.426759958267212,8.08080005645752
1441,0,-2.517871856689453,2.3027219772338867,0.06825045496225357,-7.896000385284424
1449,0,0.8355329036712646,0.5604000091552734,0.24620050191879272,-4.907560348510742
1451,0,-2.5703158378601074,3.244307279586792,0.2902103662490845,0.6367200016975403
1454,0,-2.653773784637451,1.8579200506210327,1.0735371112823486,-3.158400058746338
1454,1,-2.616086959838867,1.9106203317642212,1.0735371112823486,-3.158400058746338
1461,0,-1.942830204963684,2.4522817134857178,2.6891403198242188,-2.892120122909546
1478,0,-2.1557862758636475,2.665870189666748,2.24621319770813,8.916319847106934
1486,0,-2.653773784637451,1.8579200506210327,1.0735371112823486,6.316800117492676
1486,1,-2.616086959838867,1.9106203317642212,1.0735371112823486,6.948480129241943
1492,0,-0.4978022575378418,0.889951765537262,0.337923139333725,0.31248000264167786
1492,1,0.010931824333965778,1.0931459665298462,0.3143545687198639,0.3158400058746338
1492,2,0.011539681814610958,1.1539297103881836,0.331834077835083,-0.3158400058746338
1492,3,0.020965760573744774,1.048148274421692,0.23443318903446198,0.3158400058746338
1492,4,0.022041287273168564,1.1019175052642822,0.2814220190048218,0.3158400058746338
1492,5,0.023266883566975594,1.1631890535354614,0.29707032442092896,-0.3158400058746338
1492,6,0.03305917605757713,1.1016420125961304,0.2814220190048218,0.3158400058746338
1492,7,0.034897416830062866,1.162898302078247,0.29707032442092896,-0.3158400058746338
1492,8,-0.07163305580615997,2.387052297592163,0.6097889542579651,0.0
1492,9,-0.04775935038924217,2.3876492977142334,0.6097889542579651,0.0
1492,10,-0.023880869150161743,2.388007402420044,0.6097889542579651,0.0
1492,11,-0.2614508867263794,1.9998183250427246,1.4705053567886353,0.0008399999933317304
1496,0,-0.12737351655960083,0.9742705821990967,0.7164000868797302,0.0008399999933317304
1496,1,0.0032143036369234324,0.3214196562767029,0.006429571192711592,0.21615999937057495
1499,0,-1.2768197059631348,5.2175421714782715,0.0,6.926920413970947
1499,1,-0.8535075187683105,5.28882360458374,0.0,1.7670800685882568
1499,2,0.829269528388977,5.486937999725342,0.0,1.7676399946212769
1499,3,-0.48150184750556946,5.335567951202393,0.0,1.7676399946212769
1499,4,-0.053571607917547226,5.356982231140137,0.0,1.7682000398635864
1499,5,-1.6921136379241943,4.7835373878479,0.0,-5.401760101318359
1501,0,-0.7008008360862732,0.40199315547943115,0.6015251278877258,3.2004001140594482
1503,0,0.0032143036369234324,0.3214196562767029,0.006429571192711592,0.21615999937057495
1535,0,-0.24574768543243408,3.5049455165863037,0.4236615300178528,0.0
1537,0,0.7846364974975586,0.3606073558330536,1.5054130554199219,2.240000009536743
1539,0,-2.5575997829437256,1.9882314205169678,1.0735371112823486,8.053919792175293
1539,1,0.0,1.0197162628173828,0.337923139333725,5.685120105743408
1550,0,-0.6641194820404053,0.6848934292793274,0.5981156826019287,4.364360332489014
1555,0,-1.7228471040725708,1.7070631980895996,1.6951148509979248,-7.976360321044922
1557,0,-0.040148403495550156,1.0031746625900269,0.12105897068977356,0.0
1557,1,-0.028412990272045135,0.946815550327301,0.037909891456365585,0.0
1557,2,-0.029992343857884407,0.9994449019432068,0.15111930668354034,0.0
1557,3,-0.01882239803671837,0.9409944415092468,0.11348717659711838,0.0
1557,4,-0.019996561110019684,0.99969482421875,0.15111930668354034,0.0
1557,5,-0.009290876798331738,0.929056704044342,0.1883385181427002,0.0
1557,6,2.1107687950134277,3.0200483798980713,1.825514554977417,0.0
1568,0,-2.9636120796203613,2.9957823753356934,1.3035396337509155,-1.6674000024795532
1568,1,-2.653773784637451,1.8579200506210327,1.0735371112823486,-0.6316800117492676
1568,2,-2.616086959838867,1.9106203317642212,1.0735371112823486,-0.7896000146865845
1568,3,-2.5575997829437256,1.9882314205169678,1.0735371112823486,3.948000192642212
1568,4,0.06425858289003372,1.0696909427642822,0.07513611018657684,-0.3158400058746338
1568,5,2.9888288974761963,0.9931084513664246,0.50826495885849,9.012080192565918
1587,0,0.0,2.368000030517578,0.0,0.0
1589,0,-0.11967664211988449,0.5351799726486206,1.077469825744629,-4.829999923706055
1589,1,-0.11967664211988449,0.5351799726486206,1.077469825744629,-4.829999923706055
1593,0,-2.616086959838867,1.9106203317642212,1.0735371112823486,8.527680397033691
1593,1,-2.5173263549804688,2.038982391357422,1.0735371112823486,8.527680397033691
1615,0,-0.05033687502145767,1.0058984756469727,0.09088967740535736,-0.3158400058746338
1617,0,-0.7044366002082825,0.46232685446739197,1.83339524269104,4.4080400466918945
1622,0,-2.104841947555542,4.7133259773254395,1.428613543510437,-4.825240135192871
1622,1,-2.700786828994751,1.9724794626235962,2.1911368370056152,4.357359886169434
1622,2,0.6794663071632385,0.6732413172721863,2.977900743484497,-4.793320178985596
1637,0,-2.5575997829437256,1.9882314205169678,1.0735371112823486,6.790560245513916
1643,0,0.0,3.3822500705718994,0.0,0.0
1677,0,1.5382429361343384,0.5628910660743713,2.6080305576324463,-4.790800094604492
1679,0,0.9032223224639893,5.261791229248047,0.0,-0.814520001411438
1679,1,0.21349306404590607,5.334479808807373,0.0,-0.8125600218772888
1681,0,-1.6941145658493042,4.789194107055664,0.0,-1.1034799814224243
1681,1,-1.8364300727844238,5.191514492034912,0.0,0.3306800127029419
1681,2,-1.7799040079116821,5.031717777252197,0.0,6.351799964904785
1681,3,-1.6941145658493042,4.789194107055664,0.0,-1.1029200553894043
1681,4,-1.7799040079116821,5.031717777252197,0.0,6.352360248565674
1681,5,-1.85368812084198,5.240302085876465,0.0,-8.269800186157227
1681,6,-1.7799040079116821,5.031717777252197,0.0,6.352920055389404
1681,7,-0.36066630482673645,1.0195891857147217,0.0,-8.556520462036133
1684,0,-2.7456247806549072,5.273852348327637,0.8378866910934448,-4.786040306091309
1686,0,-2.7456247806549072,5.273852348327637,0.8378866910934448,-4.786040306091309
1691,0,1.4127047061920166,1.9375615119934082,1.158313274383545,1.1639599800109863
1699,0,0.0032143036369234324,0.3214196562767029,0.006429571192711592,0.21615999937057495
1699,1,0.4778969883918762,0.8156393766403198,1.033657431602478,0.04368000105023384
1699,2,0.0,0.9290000200271606,0.0,6.092800140380859
1702,0,0.43202733993530273,0.556661069393158,0.5246362090110779,6.948200225830078
1704,0,2.733307123184204,1.7550361156463623,0.358755499124527,-3.872680187225342
1704,1,3.420711040496826,2.196413040161133,0.5314675569534302,-3.5859601497650146
1704,2,1.8424241542816162,1.0084269046783447,1.3168107271194458,-4.699520111083984
1704,3,-3.260784149169922,5.695077896118164,1.1265007257461548,0.8607200384140015
1704,4,-1.3800910711288452,2.1064674854278564,1.4086354970932007,5.643680095672607
1704,5,-3.957796096801758,4.164122104644775,1.7771106958389282,8.080520629882812
1713,0,0.0,3.9297502040863037,0.0,0.0
1713,1,1.9465687274932861,2.6144447326660156,2.4268531799316406,-0.001120000029914081
1718,0,0.013487177900969982,0.4494377374649048,0.0179952010512352,0.3600800037384033
1720,0,-0.0315803624689579,1.0523629188537598,0.21342052519321442,-2.6846401691436768
1720,1,-0.018501782789826393,0.9249657988548279,0.20688170194625854,0.3158400058746338
1720,2,-0.00986859854310751,0.9868269562721252,0.2206847071647644,-4.5796799659729
1722,0,-0.11557862162590027,1.0464733839035034,0.21342052519321442,5.053440093994141
1722,1,-0.08806413412094116,0.9758471250534058,0.2501872777938843,5.053440093994141
1722,2,-0.07340396195650101,0.9155913591384888,0.2345389723777771,-0.3158400058746338
1728,0,-0.1344756782054901,0.8897706270217896,0.2982091009616852,0.0
1728,1,0.020523499697446823,0.5128138661384583,0.0051324148662388325,0.4309200048446655
1728,2,0.0,3.720750093460083,0.0,-8.171520233154297
1735,0,-0.11003018915653229,1.0966318845748901,0.2814220190048218,-0.7896000146865845
1735,1,-0.09905855357646942,1.097677230834961,0.2814220190048218,-0.7896000146865845
1735,2,-0.08807700872421265,1.0986130237579346,0.2814220190048218,-0.3158400058746338
1735,3,-0.07764238864183426,1.1073647737503052,0.24823620915412903,-0.3158400058746338
1735,4,-0.052619896829128265,1.0515209436416626,0.21342052519321442,-8.559320449829102
1735,5,0.13531893491744995,0.3291991949081421,0.24350205063819885,0.9912000298500061
1740,0,3.047060966491699,2.4680566787719727,2.6254677772521973,8.036840438842773
1742,0,-0.06977669894695282,2.3251922130584717,2.813967704772949,-4.951519966125488
1742,1,0.3694332242012024,1.388734221458435,2.448150157928467,-4.781559944152832
1751,0,-0.040777772665023804,1.0189006328582764,0.337923139333725,8.527680397033691
1751,1,0.44713014364242554,0.7809290289878845,0.2982091009616852,9.001160621643066
1751,2,0.45491695404052734,0.7764188051223755,0.2982091009616852,9.001160621643066
1751,3,0.013487177900969982,0.4494377374649048,0.0179952010512352,0.3600800037384033
1753,0,0.0,0.7680000066757202,0.0,0.0
1753,1,-0.6011223793029785,0.5956151485443115,0.6041313409805298,-9.025239944458008
1753,2,-0.019996561110019684,0.99969482421875,0.15111930668354034,-0.3158400058746338
1753,3,0.020965760573744774,1.048148274421692,0.23443318903446198,-0.9475200176239014
1753,4,-0.4826785922050476,3.6919727325439453,2.7147791385650635,0.0008399999933317304
1753,5,0.020523499697446823,0.5128138661384583,0.0051324148662388325,0.4309200048446655
1753,6,-2.8060038089752197,1.8017140626907349,0.64131760597229,-3.6540000438690186
1753,7,1.900620937347412,1.1156401634216309,0.42384660243988037,-4.156320095062256
1753,8,1.734589695930481,1.0181820392608643,0.40771913528442383,-4.156320095062256
1759,0,2.1107687950134277,3.0200483798980713,1.825514554977417,0.0
1761,0,-2.690398931503296,1.8044764995574951,1.0735371112823486,1.579200029373169
1761,1,-2.653773784637451,1.8579200506210327,1.0735371112823486,1.579200029373169
1761,2,-0.7825186252593994,2.442870616912842,1.8312774896621704,6.404160022735596
1761,3,0.3390046954154968,1.762713074684143,1.6722304821014404,4.441359996795654
1777,0,-0.03373675048351288,1.1242210865020752,0.16998587548732758,0.3158400058746338
1777,1,-0.020141800865530968,1.0069557428359985,0.09088967740535736,0.3158400058746338
1777,2,-0.021396618336439133,1.069688320159912,0.0965520367026329,0.3158400058746338
1777,3,0.0,1.9277501106262207,0.0,0.0
1786,0,-0.08413711190223694,1.0494693517684937,0.21342052519321442,-0.3158400058746338
1786,1,-0.08909095823764801,1.1112602949142456,0.22598636150360107,-0.3158400058746338
1786,2,-0.06931982189416885,0.9886652231216431,0.20090435445308685,-0.3158400058746338
1788,0,0.48616182804107666,0.9570757746696472,0.1294388324022293,6.8266801834106445
1795,0,0.029141638427972794,2.914066791534424,2.882918119430542,-0.7134400010108948
1795,1,2.212815523147583,3.1660547256469727,1.4099957942962646,0.0
1802,0,-2.2370095252990723,2.7663118839263916,2.0369601249694824,2.7171201705932617
1802,1,2.187591075897217,3.1299641132354736,1.525225043296814,0.0
1802,2,0.020523499697446823,0.5128138661384583,0.0051324148662388325,0.4309200048446655
1809,0,1.9738761186599731,1.5344552993774414,1.710443139076233,-4.882640361785889
1818,0,0.007694486994296312,0.3846730589866638,0.0,0.28700000047683716
1818,1,1.0730637311935425,1.3544437885284424,0.0,0.7459200024604797
1827,0,0.007694486994296312,0.3846730589866638,0.0,0.28700000047683716
1827,1,1.4307516813278198,1.8059251308441162,0.0,0.7459200024604797
1837,0,-2.7351815700531006,2.0398502349853516,0.06825045496225357,-3.4742400646209717
1837,1,-2.69222354888916,2.0928854942321777,0.1364736109972,-3.4742400646209717
1837,2,-3.752519369125366,2.977816104888916,0.3358830511569977,-4.836160182952881
1837,3,-0.07374256104230881,0.5640513896942139,0.41475793719291687,0.0008399999933317304
1843,0,0.007694486994296312,0.3846730589866638,0.0,0.28700000047683716
1847,0,0.013487177900969982,0.4494377374649048,0.0179952010512352,0.3600800037384033
1847,1,2.041414260864258,2.9839272499084473,1.319727897644043,-2.936079978942871
1854,0,0.3276669383049011,0.8976475596427917,0.6398152112960815,-3.7466800212860107
1856,0,0.0,3.857590675354004,0.6225359439849854,-6.170639991760254
1860,0,2.783857583999634,5.763023376464844,1.4312045574188232,-4.828320026397705
1875,0,-2.027188539505005,2.5068447589874268,2.1122214794158936,-8.176560401916504
1884,0,0.0,2.782750129699707,0.0,0.0
1889,0,-2.5858101844787598,2.226161003112793,0.06825045496225357,2.842560052871704
1889,1,-2.5618813037872314,2.250555992126465,0.1364736109972,2.842560052871704
1893,0,-2.616086959838867,1.9106203317642212,1.0735371112823486,-1.2633600234985352
1895,0,0.013487177900969982,0.4494377374649048,0.0179952010512352,0.3600800037384033
1900,0,-0.0706731304526329,1.0079666376113892,0.040439214557409286,0.3158400058746338
1903,0,-0.38822609186172485,0.5798265337944031,0.4088501036167145,2.293760061264038
1903,1,-3.849480628967285,1.2790800333023071,0.5716384053230286,2.150400161743164
1907,0,0.28255656361579895,0.4608614444732666,0.06518330425024033,1.1995199918746948
1909,0,-1.108863115310669,0.57840895652771,0.766782283782959,-4.866120338439941
1912,0,0.007694486994296312,0.3846730589866638,0.0,0.28700000047683716
1943,0,0.10616102069616318,0.5834000110626221,1.0337517261505127,5.428640365600586
1946,0,0.08577969670295715,1.0699578523635864,0.04295854642987251,-0.3158400058746338
1955,0,-2.686818838119507,1.8810551166534424,0.9431328177452087,-3.948000192642212
1955,1,-2.6497464179992676,2.0176806449890137,0.744763195514679,-3.948000192642212
1955,2,-2.6200110912323,2.079113006591797,0.6780087351799011,-3.948000192642212
1955,3,-2.5490448474884033,2.194509267807007,0.5773770809173584,-3.948000192642212
1955,4,-0.1525486260652542,1.0825048685073853,0.3143545687198639,2.6846401691436768
1955,5,2.981051206588745,1.0237373113632202,1.6409324407577515,4.61299991607666
1957,0,0.020523499697446823,0.5128138661384583,0.0051324148662388325,0.4309200048446655
1957,1,0.0,2.7140002250671387,0.0,0.5734400153160095
1967,0,-0.42518797516822815,0.4129488170146942,1.3244205713272095,4.480279922485352
1969,0,0.04797571524977684,0.9587146639823914,0.31810542941093445,-2.5267200469970703
1969,1,0.3425200283527374,4.27236270904541,0.1286206990480423,0.0002800000074785203
1969,2,0.3180032968521118,0.5554043054580688,0.0,0.0
1969,3,1.5097030401229858,1.866916298866272,1.6780720949172974,7.472080230712891
1976,0,-0.0647076815366745,0.9228851199150085,0.20688170194625854,-0.3158400058746338
1976,1,-0.0690249353647232,0.9844594597816467,0.2206847071647644,8.875160217285156
1976,2,-0.05547574907541275,0.923486053943634,0.20688170194625854,-0.3158400058746338
1976,3,-0.059177055954933167,0.9851004481315613,0.2206847071647644,8.875160217285156
1976,4,-0.06286374479532242,1.0464714765548706,0.23443318903446198,8.875160217285156
1976,5,-0.03699616342782974,0.9244107604026794,0.20688170194625854,-0.3158400058746338
1976,6,-0.03946452587842941,0.986086905002594,0.2206847071647644,8.875160217285156
1979,0,0.0,3.8995001316070557,0.0,-4.632040023803711
1979,1,-2.359921932220459,3.0407257080078125,0.038491860032081604,-3.0024399757385254
1986,0,0.18448540568351746,1.220664620399475,2.310067892074585,0.7786800265312195
1986,1,-0.7325323224067688,0.5694572925567627,0.046430643647909164,4.338320255279541
1986,2,0.007694486994296312,0.3846730589866638,0.0,0.28700000047683716
1986,3,0.227251335978508,5.678253173828125,0.3984469175338745,0.35840001702308655
1986,4,0.0,2.81600022315979,0.0,0.0
1986,5,0.06539089232683182,0.6517277956008911,0.0,2.569000005722046
1986,6,1.2723511457443237,1.1636298894882202,1.1051664352416992,-8.945159912109375
1986,7,1.499896764755249,1.2912826538085938,0.5265009999275208,8.974559783935547
1986,8,-0.3536272346973419,0.6792544722557068,0.06139446422457695,4.304719924926758
1986,9,-0.4420052766799927,0.8490127921104431,0.07673808187246323,4.949840068817139
1989,0,-1.3173930644989014,0.8458883166313171,0.35009488463401794,-4.155760288238525
1989,1,-1.4710748195648193,0.9445661902427673,0.40933364629745483,-3.438960075378418
1989,2,-1.9960490465164185,1.2816482782363892,0.5554102659225464,-4.155760288238525
1989,3,-2.690398931503296,1.8044764995574951,1.0735371112823486,0.3158400058746338
1989,4,-2.6045901775360107,1.8234864473342896,1.0536407232284546,0.9475200176239014
1989,5,-2.653773784637451,1.8579200506210327,1.0735371112823486,0.3158400058746338
2013,0,-2.653773784637451,1.8579200506210327,1.0735371112823486,2.842560052871704
2021,0,1.3331687450408936,0.47278571128845215,0.5980492234230042,4.620840072631836
2023,0,0.2133263200521469,2.363889455795288,1.6588809490203857,-8.370600700378418
2037,0,1.9465687274932861,2.6144447326660156,2.4268531799316406,-0.001120000029914081
2037,1,-2.5814409255981445,5.483321189880371,2.5623726844787598,-4.724440097808838
2047,0,-0.2735546827316284,0.8254781365394592,0.13143083453178406,-0.9973600506782532
2047,1,1.1096794605255127,1.5877084732055664,1.4422271251678467,-2.752120018005371
2047,2,0.01560854073613882,0.3119106590747833,0.6135963201522827,-1.1292400360107422
2050,0,-2.690398931503296,1.8044764995574951,1.0735371112823486,-4.895520210266113
2050,1,-2.653773784637451,1.8579200506210327,1.0735371112823486,-4.895520210266113
2050,2,-2.616086959838867,1.9106203317642212,1.0735371112823486,-6.000960350036621
2061,0,-0.06498412042856216,0.9268278479576111,0.1883385181427002,-0.3158400058746338
2061,1,-0.03998512774705887,0.9990949630737305,0.15111930668354034,-0.3158400058746338
2061,2,-0.029992343857884407,0.9994449019432068,0.15111930668354034,-0.3158400058746338
2061,3,-0.019996561110019684,0.99969482421875,0.15111930668354034,-0.3158400058746338
2068,0,-2.7259480953216553,1.750311017036438,1.0735371112823486,-7.422240257263184
2068,1,-2.690398931503296,1.8044764995574951,1.0735371112823486,-7.422240257263184
2068,2,-2.653773784637451,1.8579200506210327,1.0735371112823486,-7.422240257263184
2068,3,0.12985244393348694,0.48812755942344666,0.4996800422668457,-3.818080186843872
2068,4,-0.5664790272712708,1.20327627658844,1.032182216644287,7.865480422973633
2070,0,0.013487177900969982,0.4494377374649048,0.0179952010512352,0.3600800037384033
2079,0,-0.09357935190200806,0.9326722025871277,0.14166735112667084,0.0
2079,1,1.4989832639694214,5.8704938888549805,2.1432383060455322,-4.831960201263428
2086,0,0.0,5.431750297546387,0.0,-3.6556801795959473
2112,0,0.0,4.994751453399658,0.09990834444761276,-3.6556801795959473
2112,1,0.0,4.08538818359375,0.20443978905677795,-4.587520122528076
2119,0,-0.0661434456706047,0.9433625340461731,0.06630582362413406,0.3158400058746338
2119,1,-0.06993548572063446,0.9974460601806641,0.15111930668354034,0.3158400058746338
2119,2,-0.05670666694641113,0.9439767599105835,0.06630582362413406,0.3158400058746338
2119,3,-1.3670945167541504,1.3545697927474976,2.2354462146759033,-8.298359870910645
2119,4,0.02554074302315712,0.31857794523239136,0.015993334352970123,0.2886800169944763
2119,5,0.0,0.6660000085830688,0.0,4.802560329437256
2119,6,0.0,2.293750047683716,0.0,0.7168000340461731
2122,0,-0.015304920263588428,0.305843323469162,0.3029375970363617,4.417280197143555
2124,0,-1.7808339595794678,3.9877820014953613,2.002959966659546,4.403280258178711
2127,0,1.1297990083694458,0.8602986931800842,0.47059157490730286,-4.808720111846924
2132,0,0.0,0.9599143266677856,0.31810542941093445,-8.211840629577637
2144,0,0.0,3.508000135421753,0.0,0.0
2144,1,-3.2420191764831543,1.9912528991699219,0.1522693932056427,-3.7088801860809326
2144,2,-0.5751553177833557,4.081376552581787,0.9216928482055664,3.636920213699341
2144,3,-1.1044187545776367,1.7615751028060913,2.4150547981262207,2.5978400707244873
2148,0,2.988851308822632,2.521545886993408,0.4715164601802826,-4.771759986877441
2148,1,0.665926456451416,1.3440874814987183,1.5444676876068115,-4.8378400802612305
2151,0,-0.1068120002746582,1.0645573139190674,0.0965520367026329,-0.3158400058746338
2151,1,-0.0806158185005188,1.0055471658706665,0.07072970271110535,-0.3158400058746338
2151,2,-0.06629256159067154,0.9454892873764038,0.018958736211061478,-0.3158400058746338
2155,0,-0.037817053496837616,0.9449220299720764,0.06630582362413406,0.3158400058746338
2155,1,1.669074535369873,3.94773268699646,0.1286206990480423,0.0002800000074785203
2158,0,0.0,0.9910923838615417,0.20090435445308685,-0.3158400058746338
2167,0,-2.5127451419830322,2.252305746078491,0.5099949836730957,-6.316800117492676
2167,1,-0.03838633373379707,0.9591464996337891,0.31810542941093445,-0.3158400058746338
2169,0,-1.5535372495651245,1.392517328262329,1.396883487701416,2.989000082015991
2169,1,-0.1375446915626526,3.4367830753326416,2.253474473953247,8.27400016784668
2176,0,-0.08565937727689743,1.2217060327529907,0.31271862983703613,0.0
2176,1,-0.03467531129717827,0.8664203882217407,0.17577269673347473,0.0
2176,2,-0.026009516790509224,0.8667238354682922,0.17577269673347473,0.0
2176,3,-0.028231244534254074,0.9407591819763184,0.11348717659711838,0.0
2176,4,-0.01743876188993454,0.8718218207359314,0.1496840864419937,0.0
2176,5,-0.018882006406784058,0.9439744353294373,0.08520486950874329,0.0
2176,6,-0.009456627070903778,0.945631206035614,0.06630582362413406,0.0
2180,0,-3.5595853328704834,1.8567630052566528,0.0,3.8914401531219482
2180,1,-0.7609082460403442,2.860325574874878,2.1580374240875244,0.46480000019073486
2180,2,1.4049367904663086,3.23248028755188,2.4113056659698486,0.8934800028800964
2189,0,0.10120934993028641,0.33915892243385315,0.5893930792808533,-0.4121600091457367
2189,1,0.4477561414241791,0.35531744360923767,0.2086533159017563,-1.166200041770935
2192,0,0.8696340918540955,0.4426160156726837,2.4374327659606934,4.341400146484375
2192,1,-0.595508873462677,0.5337859988212585,0.3010183274745941,4.342240333557129
2196,0,-0.6954202651977539,3.615957021713257,2.741575241088867,-5.671960353851318
2198,0,-2.690398931503296,1.8044764995574951,1.0735371112823486,-8.243480682373047
2198,1,-2.653773784637451,1.8579200506210327,1.0735371112823486,-8.243480682373047
2198,2,-2.5575997829437256,1.9882314205169678,1.0735371112823486,-8.243480682373047
2198,3,0.019320392981171608,0.9658908843994141,0.2988447844982147,-0.7896000146865845
2200,0,1.1387364864349365,1.041432499885559,1.9446090459823608,4.428760051727295
2203,0,-2.7259480953216553,1.750311017036438,1.0735371112823486,2.5267200469970703
2203,1,2.1787445545196533,3.117306709289551,1.5633347034454346,0.0
2208,0,-0.052838437259197235,0.8795836567878723,0.07952004671096802,0.0
2208,1,-0.0562075637280941,0.9356682896614075,0.14166735112667084,0.0
2208,2,-0.04404010251164436,0.8800680637359619,0.07952004671096802,0.0
2208,3,-0.046848222613334656,0.9361835718154907,0.14166735112667084,0.0
2208,4,-0.03529391810297966,0.8818773627281189,0.061881937086582184,0.0
2208,5,-0.03748420253396034,0.9366052746772766,0.14166735112667084,0.0
2218,0,-0.03985627368092537,0.9958754181861877,0.1710856556892395,0.0
2221,0,-2.760406732559204,1.6954458951950073,1.0735371112823486,5.8430399894714355
2221,1,0.4430665075778961,0.595084547996521,1.3554941415786743,-7.47376012802124
2221,2,1.9053174257278442,3.178550958633423,1.7446480989456177,0.017079999670386314
2227,0,1.6292335987091064,4.756541728973389,0.6062526106834412,-4.818240165710449
2231,0,0.0032143036369234324,0.3214196562767029,0.006429571192711592,0.21615999937057495
2234,0,-0.5564192533493042,1.151875376701355,0.051196347922086716,0.7204400300979614
2234,1,-3.5266990661621094,5.267223834991455,0.8932852745056152,2.293760061264038
2234,2,0.020523499697446823,0.5128138661384583,0.0051324148662388325,0.4309200048446655
2237,0,-0.11467088013887405,0.8771090507507324,0.01769382134079933,0.3158400058746338
2237,1,-0.1228685975074768,0.9398127198219299,0.018958736211061478,0.3158400058746338
2237,2,-0.10583066195249557,0.8776848912239075,0.035380564630031586,0.3158400058746338
2237,3,-0.11346448212862015,0.9409944415092468,0.018958736211061478,0.3158400058746338
2237,4,-0.12103476375341415,1.003777027130127,0.020223651081323624,0.3158400058746338
2237,5,-0.08996202796697617,0.8145353198051453,0.0574580542743206,0.3158400058746338
2237,6,-0.11035706847906113,1.5739537477493286,2.457305908203125,0.9909200072288513
2237,7,-0.09193430840969086,1.3112014532089233,2.047088861465454,0.9909200072288513
2237,8,-0.0760812908411026,1.0850998163223267,1.6940916776657104,0.9909200072288513
2240,0,0.0,2.6500000953674316,0.0,1.2740000486373901
2240,1,0.0,0.5139999985694885,0.0,1.3448400497436523
2240,2,0.0,2.21025013923645,0.0,1.2740000486373901
2240,3,0.0,0.44700002670288086,0.0,1.3448400497436523
2240,4,0.0,1.8077501058578491,0.0,1.2740000486373901
2240,5,0.0,0.38450002670288086,0.0,1.3448400497436523
2240,6,-2.3930227756500244,1.5705581903457642,0.2871958017349243,-0.06720000505447388
2240,7,-1.7510998249053955,2.2562673091888428,0.344382107257843,-0.030800001695752144
2240,8,0.2847723960876465,2.8382253646850586,0.3729250431060791,-0.20076000690460205
2240,9,-0.143071711063385,2.8590495586395264,0.2872207462787628,-0.21000000834465027
2240,10,2.494597911834717,1.397984504699707,0.3158321678638458,-0.05152000114321709
2240,11,-0.028562629595398903,2.856167793273926,0.34441202878952026,-0.017079999670386314
2243,0,-0.017679668962955475,0.8838655948638916,0.035380564630031586,-1.421280026435852
2243,1,-0.008840275928378105,0.8839981555938721,0.035380564630031586,-1.421280026435852
2243,2,0.0,0.8845731616020203,0.01769382134079933,-1.421280026435852
2243,3,0.008845583535730839,0.8845289349555969,0.01769382134079933,-1.421280026435852
2243,4,-3.6433961391448975,2.138627052307129,2.1460018157958984,-2.4385199546813965
2243,5,-2.5964252948760986,1.5240685939788818,1.5673940181732178,-2.223479986190796
2243,6,-2.5827786922454834,1.516058087348938,1.5974220037460327,-2.223479986190796
2243,7,-0.19667774438858032,1.6311066150665283,0.03286280855536461,-0.9475200176239014
2243,8,-0.07626231759786606,0.6904952526092529,0.027802584692835808,-0.6316800117492676
2243,9,-2.6280198097229004,1.5426141023635864,0.39839813113212585,-1.291640043258667
2243,10,3.6682820320129395,2.1532347202301025,0.5560980439186096,-1.8625600337982178
2243,11,3.066486120223999,1.7999882698059082,0.46486806869506836,-2.0776000022888184
2243,12,-2.624452590942383,1.540520191192627,0.4288508892059326,-1.291640043258667
2243,13,1.258319616317749,0.7386175394058228,0.2056167870759964,-1.5758399963378906
2243,14,3.062110424041748,1.797419786453247,0.500366747379303,-1.8625600337982178
2243,15,0.06540411710739136,1.088760256767273,0.15370674431324005,0.5661600232124329
2243,16,-0.02991100586950779,0.42660194635391235,0.6660243272781372,0.49560001492500305
2243,17,0.0,3.74150013923645,0.0,1.4873600006103516
2243,18,1.7611145973205566,2.415414810180664,2.569365978240967,-5.98360013961792
2246,0,-0.5241492986679077,1.970326542854309,0.22518274188041687,-2.005079984664917
2246,1,-0.5832275748252869,1.9544323682785034,0.22526507079601288,6.596800327301025
2246,2,-0.4445042312145233,1.9877710342407227,0.22496318817138672,-6.377840042114258
2246,3,-0.5243409872055054,1.971047043800354,0.22526507079601288,-1.2882800102233887
2246,4,-0.44461265206336975,1.9882559776306152,0.22501808404922485,2.582159996032715
2246,5,-0.5245326161384583,1.9717674255371094,0.22534741461277008,-3.868760108947754
2246,6,-0.44466686248779297,1.9884984493255615,0.22504553198814392,-7.6680803298950195
2246,7,-0.524468719959259,1.9715272188186646,0.225319966673851,-1.861720085144043
2246,8,-0.5486975312232971,1.8387199640274048,0.15383578836917877,0.3606400191783905
2246,9,-0.6426421999931335,1.9392359256744385,0.1637851595878601,-3.008040189743042
2246,10,-0.38449230790138245,1.9992337226867676,0.22485342621803284,0.7182000279426575
2246,11,-0.4457767605781555,1.9934617280960083,0.16376519203186035,-0.14168000221252441
2246,12,-0.5259062051773071,1.976930856704712,0.16400493681430817,9.033639907836914
2246,13,-0.5486975312232971,1.8387199640274048,0.15383578836917877,5.306560039520264
2246,14,-0.6426421999931335,1.9392359256744385,0.1637851595878601,7.959000110626221
2246,15,-0.2665688991546631,1.386070728302002,0.11315920203924179,0.7182000279426575
2246,16,-0.2863176465034485,3.5713326930999756,0.21522581577301025,0.5026000142097473
2246,17,-0.13140235841274261,0.4403376281261444,0.03684067353606224,3.6579201221466064
2252,0,-0.0409412682056427,0.6815354228019714,0.3298126459121704,-7.107240200042725
2252,1,-0.052740175276994705,0.6578452587127686,0.21870240569114685,-0.3158400058746338
2252,2,-0.05788891762495041,0.7220671772956848,0.2240781933069229,-0.3158400058746338
2252,3,-0.04615920037031174,0.6583397388458252,0.21870240569114685,-0.3158400058746338
2252,4,-0.03597341477870941,0.5988373160362244,0.19880607724189758,-0.3158400058746338
2252,5,-0.03957360237836838,0.6587684154510498,0.21870240569114685,-0.3158400058746338
2252,6,-0.029983341693878174,0.5991671085357666,0.19880607724189758,-0.3158400058746338
2252,7,-0.03298404812812805,0.6591312289237976,0.21870240569114685,-0.3158400058746338
2252,8,-0.004864110611379147,0.48639485239982605,1.5680370330810547,-4.7373199462890625
2255,0,-0.03804723545908928,0.42160505056381226,0.2203841209411621,0.5661600232124329
2255,1,-0.27366507053375244,3.032508611679077,1.5851725339889526,0.6370000243186951
2255,2,-0.24558304250240326,2.7213289737701416,1.4225108623504639,0.7786800265312195
2255,3,-0.05114154517650604,0.5667043328285217,0.29623135924339294,0.5661600232124329
2255,4,-0.16350944340229034,1.811863660812378,0.9471091628074646,0.6370000243186951
2262,0,0.13812485337257385,0.6813913583755493,0.0,-7.1080803871154785
2262,1,3.496647357940674,5.337020397186279,0.6401817798614502,-1.574720025062561
2265,0,0.038070134818553925,0.3157268762588501,0.2789197266101837,-4.443600177764893
2265,1,0.1985691636800766,3.968073606491089,2.776832103729248,8.766240119934082
2265,2,0.0032143036369234324,0.3214196562767029,0.006429571192711592,0.21615999937057495
2265,3,0.0032143036369234324,0.3214196562767029,0.006429571192711592,0.21615999937057495
2273,0,-3.7729129791259766,5.514852046966553,0.6704313158988953,1.2208000421524048
2273,1,-0.1464775651693344,0.8049565553665161,0.07383523136377335,0.3158400058746338
2273,2,-0.11478898674249649,0.6687121391296387,0.15172414481639862,0.3158400058746338
2273,3,-0.12643329799175262,0.7365469336509705,0.12828251719474792,0.3158400058746338
2273,4,-0.13842080533504486,0.806381106376648,0.07383523136377335,0.3158400058746338
2273,5,-0.10809624195098877,0.6698265075683594,0.15172414481639862,0.3158400058746338
2273,6,-0.11906163394451141,0.7377743721008301,0.12828251719474792,0.3158400058746338
2276,0,-0.07952164113521576,0.7200058102607727,0.2240781933069229,-0.3158400058746338
2282,0,-2.3512485027313232,3.029550075531006,1.2708488702774048,5.177760124206543
2282,1,2.307053804397583,3.2315797805786133,0.23852184414863586,6.2941203117370605
2287,0,-0.937660276889801,0.5503946542739868,0.7599087357521057,5.276040077209473
2289,0,0.06767372786998749,1.6909408569335938,2.8830175399780273,0.7078400254249573
2289,1,0.1296086609363556,0.3783920109272003,0.2916266918182373,1.97652006149292
13,0,1.8167710304260254,2.5994017124176025,2.617440938949585,0.0
21,0,0.013487177900969982,0.4494377374649048,0.0179952010512352,0.3600800037384033
35,0,0.0,1.2160000801086426,0.0,0.0
35,1,0.014530178159475327,0.48419398069381714,0.3385646641254425,-8.649479866027832
37,0,1.5204328298568726,0.9130390882492065,1.5871496200561523,-4.690840244293213
37,1,-1.206849217414856,0.46919843554496765,2.675098419189453,4.415600299835205
49,0,0.0,4.071249961853027,0.0,-1.3050800561904907
51,0,0.0,4.0320000648498535,0.0,0.0
54,0,1.726461410522461,2.1791763305664062,0.05561129003763199,-0.3158400058746338
54,1,1.801819920539856,1.489520788192749,0.0467618852853775,-0.3158400058746338
61,0,-1.8719080686569214,1.6444298028945923,2.3681676387786865,4.338040351867676
63,0,-0.3589599132537842,0.8732652068138123,0.08520486950874329,0.0
63,1,-0.3258119225502014,0.8157274127006531,0.1059153825044632,0.0
66,0,-0.3582485318183899,1.0127543210983276,0.0,-0.4737600088119507
66,1,-0.34725072979927063,1.0137972831726074,0.07513611018657684,-0.4737600088119507
66,2,-0.37019845843315125,1.0465363264083862,0.24823620915412903,0.4737600088119507
66,3,-0.33655548095703125,1.0155892372131348,0.0965520367026329,-0.4737600088119507
66,4,-0.3597147464752197,1.0501859188079834,0.24823620915412903,0.4737600088119507
66,5,-0.30122509598731995,1.088405728340149,0.13617263734340668,0.3158400058746338
66,6,-0.3166813850402832,1.1442533731460571,0.17943784594535828,0.4737600088119507
66,7,-0.22727011144161224,0.8543297052383423,0.035380564630031586,0.3158400058746338
66,8,-0.2537067234516144,0.9537073373794556,0.2206847071647644,0.3158400058746338
66,9,-0.26951244473457336,1.01312255859375,0.23443318903446198,0.3158400058746338
66,10,-0.28821372985839844,1.0834225416183472,0.19244492053985596,-0.4737600088119507
66,11,-0.3052232563495636,1.1473628282546997,0.17943784594535828,0.4737600088119507
66,12,-0.2187155932188034,0.8565596342086792,0.035380564630031586,0.3158400058746338
66,13,-0.06709866970777512,1.6765720844268799,0.4284418523311615,-3.587360143661499
66,14,2.6237857341766357,3.4514214992523193,0.0,-8.022279739379883
66,15,1.1818174123764038,0.9769798517227173,1.071691870689392,-0.11900000274181366
66,16,0.08663292974233627,0.47608479857444763,0.9747440814971924,4.122440338134766
66,17,0.08050314337015152,0.4423990249633789,0.9057753086090088,4.122440338134766
66,18,-0.307593435049057,0.9943660497665405,0.265773743391037,-0.3158400058746338
66,19,-0.24431011080741882,0.8496137857437134,0.035380564630031586,0.4737600088119507
66,20,-0.25820860266685486,0.8979472517967224,0.1603848785161972,0.4737600088119507
66,21,-0.28017958998680115,0.9388995170593262,0.2501872777938843,-0.4737600088119507
66,22,-0.2976345717906952,0.9973922371864319,0.265773743391037,-0.3158400058746338
66,23,-0.23541268706321716,0.8506081700325012,0.061881937086582184,0.4737600088119507
66,24,-0.2556706666946411,0.8891212344169617,0.20688170194625854,0.4737600088119507
66,25,-0.2853134274482727,0.9922070503234863,0.29687508940696716,0.3158400058746338
66,26,-0.2512626647949219,1.0731146335601807,0.2814220190048218,0.4737600088119507
66,27,-0.20515133440494537,0.8761783242225647,0.2982091009616852,0.4737600088119507
66,28,-0.2188388854265213,0.9346362948417664,0.31810542941093445,-0.3158400058746338
66,29,-0.2271452248096466,1.015766978263855,0.265773743391037,0.4737600088119507
66,30,-0.24051913619041443,1.0755735635757446,0.2814220190048218,0.4737600088119507
66,31,-0.2169763594865799,1.017987608909607,0.265773743391037,0.4737600088119507
70,0,-0.3399966061115265,0.7413454651832581,0.09834358096122742,5.3692803382873535
70,1,-0.36733371019363403,0.8009526133537292,0.07952004671096802,-0.3158400058746338
70,2,3.9712557792663574,1.825130581855774,2.3876593112945557,-5.358360290527344
70,3,0.0,3.848750114440918,0.0,-2.936079978942871
70,4,1.9542945623397827,2.8565847873687744,1.2634069919586182,-3.6582000255584717
70,5,-0.46912890672683716,0.8386906385421753,0.038459744304418564,5.523560047149658
70,6,-0.5017701387405396,0.8184078335762024,0.038419753313064575,-2.360960006713867
70,7,-0.4201250374317169,0.6412473320960999,0.04605235531926155,-0.42531999945640564
70,8,-0.4430687725543976,0.8510555624961853,0.03839975968003273,1.7959200143814087
70,9,-0.4687630534172058,0.8380365967750549,0.03842975199222565,-1.214359998703003
70,10,-0.5017701387405396,0.8184078335762024,0.038419753313064575,1.8681600093841553
70,11,-0.46864116191864014,0.8378186225891113,0.038419753313064575,2.943080186843872
70,12,-0.5016395449638367,0.8181948661804199,0.0384097583591938,5.667200088500977
74,0,0.3713914752006531,0.440931499004364,0.0,-6.865320205688477
74,1,0.37155255675315857,0.44112274050712585,0.0,4.531800270080566
74,2,0.37155255675315857,0.44112274050712585,0.0,-2.8512401580810547
74,3,0.3717136085033417,0.4413139522075653,0.0,3.026520013809204
74,4,0.3579983711242676,0.45187318325042725,0.0,6.969200134277344
74,5,0.3717136085033417,0.4413139522075653,0.0,0.08764000236988068
74,6,0.3579983711242676,0.45187318325042725,0.0,-6.650000095367432
74,7,-0.06033482402563095,0.46149659156799316,0.33934739232063293,0.0008399999933317304
74,8,0.013487177900969982,0.4494377374649048,0.0179952010512352,0.3600800037384033
74,9,2.041414260864258,2.9839272499084473,1.319727897644043,-2.936079978942871
77,0,-0.28439804911613464,2.3585970401763916,0.4815744161605835,-0.43007999658584595
77,1,0.0,1.31850004196167,0.0,4.605440139770508
80,0,-0.2891618013381958,0.76822429895401,0.032851241528987885,-0.3158400058746338
80,1,-0.3116123080253601,0.8278692364692688,0.01769382134079933,-0.3158400058746338
80,2,-0.25979429483413696,0.7117096781730652,0.030321914702653885,-0.3158400058746338
80,3,-0.28146523237228394,0.7710774540901184,0.032851241528987885,-0.3158400058746338
80,4,-0.30331820249557495,0.8309438824653625,0.01769382134079933,-0.3158400058746338
80,5,-0.2737405300140381,0.7738535404205322,0.032851241528987885,-0.3158400058746338
80,6,2.221435546875,3.046757221221924,1.5060299634933472,-3.425520181655884
80,7,-2.306664228439331,2.972104072570801,1.2051341533660889,-3.7004799842834473
84,0,-0.2782571315765381,0.8396682143211365,0.01769382134079933,0.3158400058746338
84,1,-0.2981494665145874,0.8996952772140503,0.018958736211061478,0.3158400058746338
84,2,-0.23126447200775146,0.721962571144104,0.01516398973762989,0.3158400058746338
84,3,-0.2505555748939514,0.7821856737136841,0.016428904607892036,0.3158400058746338
84,4,-0.26984667778015137,0.8424087166786194,0.01769382134079933,0.3158400058746338
84,5,-0.28913775086402893,0.9026317000389099,0.018958736211061478,0.3158400058746338
84,6,-0.2427213042974472,0.784652054309845,0.016428904607892036,0.3158400058746338
84,7,-0.4654621183872223,2.8842711448669434,1.9561655521392822,-4.607120037078857
84,8,-1.5405184030532837,5.790953159332275,2.748220682144165,-4.68887996673584
87,0,-0.18253056704998016,0.4087366461753845,0.01791522279381752,-2.6488001346588135
87,1,-0.18727682530879974,0.3597251772880554,0.19092737138271332,0.5056800246238708
87,2,-0.17018817365169525,0.4140278697013855,0.01791522279381752,-4.441080093383789
87,3,-0.18253056704998016,0.4087366461753845,0.01791522279381752,-5.157599925994873
87,4,-0.18717238306999207,0.35952454805374146,0.19082088768482208,-1.5730400085449219
87,5,-2.4300248622894287,5.911680221557617,0.255801796913147,-7.81003999710083
87,6,2.7623813152313232,2.103447675704956,1.1506057977676392,-0.37800002098083496
90,0,0.0032143036369234324,0.3214196562767029,0.006429571192711592,0.21615999937057495
97,0,0.09558878093957901,0.5253010392189026,1.0755102634429932,4.122440338134766
100,0,-0.36069393157958984,0.8076939582824707,0.01769382134079933,-5.8430399894714355
100,1,-0.3273921012878418,0.7532641291618347,0.016428904607892036,-0.3158400058746338
100,2,-0.35238751769065857,0.8107736706733704,0.035380564630031586,-5.8430399894714355
100,3,-0.31984320282936096,0.7565003633499146,0.016428904607892036,-0.3158400058746338
100,4,-0.3442623019218445,0.8142569661140442,0.035380564630031586,-0.3158400058746338
100,5,-0.3064405024051666,0.8946518898010254,0.06630582362413406,-0.3158400058746338
100,6,1.7839024066925049,1.3583734035491943,0.3848898410797119,0.3158400058746338
100,7,1.8253278732299805,1.4189765453338623,0.34942373633384705,-0.3158400058746338
100,8,0.18259982764720917,1.0034637451171875,2.054508924484253,4.122440338134766
103,0,-0.29159095883369446,1.0535950660705566,0.3143545687198639,0.3158400058746338
103,1,-0.27936822175979614,1.0501713752746582,0.3361542224884033,0.3158400058746338
103,2,-0.29490235447883606,1.1085656881332397,0.35484591126441956,0.3158400058746338
103,3,-0.26885274052619934,1.0529125928878784,0.3361542224884033,0.3158400058746338
103,4,-0.2838021516799927,1.1114592552185059,0.35484591126441956,0.3158400058746338
103,5,-0.25666067004203796,1.0488073825836182,0.35781946778297424,0.3158400058746338
103,6,-0.2709321677684784,1.1071257591247559,0.3777158260345459,0.3158400058746338
103,7,-2.412130117416382,2.9226033687591553,1.0080771446228027,-1.9810000658035278
103,8,1.9465687274932861,2.6144447326660156,2.4268531799316406,-2.0308401584625244
103,9,0.0,3.848750114440918,0.0,-2.936079978942871
103,10,1.9542945623397827,2.8565847873687744,1.2634069919586182,-3.6582000255584717
103,11,-1.7481735944747925,2.161811590194702,2.750349998474121,5.550159931182861
103,12,0.007694486994296312,0.3846730589866638,0.0,0.28700000047683716
107,0,-0.33361950516700745,0.7470667362213135,0.07383523136377335,-4.737600326538086
107,1,-0.35988256335258484,0.8058770298957825,0.061881937086582184,-5.3692803382873535
107,2,-0.38561028242111206,0.8634885549545288,0.06630582362413406,1.2633600234985352
107,3,-0.32613226771354675,0.7503655552864075,0.07383523136377335,-8.717240333557129
107,4,-2.244464635848999,1.3174721002578735,2.1921117305755615,8.313480377197266
107,5,2.4268531799316406,3.259516954421997,0.0,-1.5626800060272217
107,6,0.0032143036369234324,0.3214196562767029,0.006429571192711592,0.21615999937057495
107,7,1.7491369247436523,1.4459691047668457,0.15911997854709625,-0.3158400058746338
107,8,1.8007385730743408,1.4886269569396973,0.09350506216287613,-0.3158400058746338
107,9,0.0032143036369234324,0.3214196562767029,0.006429571192711592,0.21615999937057495
115,0,-1.118898868560791,5.24953556060791,0.21481271088123322,-0.6316800117492676
115,1,-0.2132498174905777,1.0519945621490479,0.04295854642987251,-0.3158400058746338
115,2,-0.20271940529346466,1.0540742874145508,0.04295854642987251,-0.3158400058746338
115,3,-0.1921686977148056,1.0560487508773804,0.04295854642987251,-0.3158400058746338
115,4,0.013487177900969982,0.4494377374649048,0.0179952010512352,0.3600800037384033
119,0,1.5786473751068115,2.211272716522217,0.05434637889266014,-0.3158400058746338
119,1,1.600680947303772,2.195375919342041,0.05434637889266014,-0.3158400058746338
119,2,1.6369539499282837,2.2451252937316895,0.11120034009218216,-8.559320449829102
119,3,1.6225543022155762,2.1792595386505127,0.05434637889266014,0.3158400058746338
119,4,1.6815260648727417,2.2119393348693848,0.11120034009218216,3.7900800704956055
119,5,1.714184284210205,2.254899263381958,0.25561457872390747,3.948000192642212
119,6,-3.248166799545288,2.796393394470215,0.1286206990480423,0.0005600000149570405
119,7,-0.5385414958000183,0.3457934856414795,0.0,0.0002800000074785203
119,8,-1.1228166818618774,0.6145591139793396,0.0,-7.997080326080322
119,9,-1.8237327337265015,0.9282218217849731,0.08189816027879715,-8.4268798828125
119,10,-0.953630805015564,0.5219574570655823,0.04350839555263519,-7.782040119171143
119,11,-1.8237327337265015,0.9282218217849731,0.08189816027879715,-7.996800422668457
119,12,-0.841438889503479,0.4605506658554077,0.03838976100087166,-7.567000389099121
119,13,-1.8237327337265015,0.9282218217849731,0.08189816027879715,-7.781760215759277
119,14,-3.3686044216156006,1.8437618017196655,0.15368901193141937,-7.351960182189941
123,0,0.301690936088562,0.6755698323249817,1.6532437801361084,3.135159969329834
123,1,-0.40300482511520386,0.41561099886894226,0.14167076349258423,4.353440284729004
126,0,-0.3269409239292145,0.6129512786865234,0.027802584692835808,-0.3158400058746338
126,1,-0.3567807376384735,0.6688951253890991,0.01516398973762989,-0.3158400058746338
126,2,-0.3146173357963562,0.6193670630455017,0.027802584692835808,-0.3158400058746338
126,3,-0.34239089488983154,0.7465660572052002,0.016428904607892036,0.4737600088119507
126,4,-0.2570734918117523,0.5756589770317078,0.04420388117432594,0.3158400058746338
126,5,-0.28326869010925293,0.6343173384666443,0.027802584692835808,0.3158400058746338
126,6,-0.30893704295158386,0.6917958855628967,0.030321914702653885,0.4737600088119507
126,7,-0.33490824699401855,0.7499526143074036,0.016428904607892036,0.4737600088119507
126,8,-0.25130414962768555,0.5782008767127991,0.04420388117432594,0.3158400058746338
126,9,-0.2769114673137665,0.6371182799339294,0.027802584692835808,0.3158400058746338
126,10,-0.30200377106666565,0.6948506236076355,0.030321914702653885,0.4737600088119507
126,11,0.1628558337688446,5.426899433135986,0.8205648064613342,2.346400022506714
126,12,0.020523499697446823,0.5128138661384583,0.0051324148662388325,0.4309200048446655
126,13,0.6042999625205994,2.0250473022460938,1.4149651527404785,2.5799200534820557
126,14,0.020523499697446823,0.5128138661384583,0.0051324148662388325,0.4309200048446655
130,0,0.013487177900969982,0.4494377374649048,0.0179952010512352,0.3600800037384033
130,1,2.041414260864258,2.9839272499084473,1.319727897644043,-2.936079978942871
133,0,-1.7817381620407104,5.036902904510498,0.0,-3.325000047683716
133,1,0.0032143036369234324,0.3214196562767029,0.006429571192711592,0.21615999937057495
136,0,1.6487089395523071,2.214388132095337,0.33288970589637756,-0.3158400058746338
138,0,0.007694486994296312,0.3846730589866638,0.0,0.28700000047683716
144,0,-2.135011672973633,2.6401801109313965,1.8992536067962646,-6.912919998168945
152,0,1.6342523097991943,2.241419792175293,0.19449357688426971,-1.579200029373169
152,1,1.6225543022155762,2.1792595386505127,0.05434637889266014,7.106400012969971
152,2,1.6787508726119995,2.2082886695861816,0.19449357688426971,-1.579200029373169
152,3,1.6658118963241577,2.1463749408721924,0.05434637889266014,7.106400012969971
152,4,1.7035608291625977,2.195013999938965,0.11120034009218216,-1.579200029373169
152,5,1.6469335556030273,2.078794479370117,0.10614169389009476,-0.3158400058746338
152,6,1.686179518699646,2.1283316612243652,0.10867102444171906,0.3158400058746338
152,7,0.007694486994296312,0.3846730589866638,0.0,0.28700000047683716
152,8,0.0,1.6640000343322754,0.0,0.0
152,9,0.06539089232683182,0.6517277956008911,0.0,2.569000005722046
155,0,0.020523499697446823,0.5128138661384583,0.0051324148662388325,0.4309200048446655
155,1,0.993714451789856,2.9011456966400146,2.2832276821136475,-5.726280212402344
158,0,-0.28017958998680115,0.9388995170593262,0.2501872777938843,0.3158400058746338
160,0,-2.457911729812622,3.0394818782806396,0.47133690118789673,-8.833160400390625
160,1,1.9465687274932861,2.6144447326660156,2.4268531799316406,-0.028560001403093338
167,0,0.0,4.0320000648498535,0.0,0.0
167,1,-0.030711809173226357,0.7673856616020203,0.0,0.0008399999933317304
167,2,0.06539089232683182,0.6517277956008911,0.0,2.569000005722046
169,0,-0.9742162823677063,1.004690170288086,0.9990899562835693,4.403280258178711
169,1,-0.676358163356781,0.48367175459861755,0.9856022596359253,-4.733680248260498
171,0,-0.23468215763568878,0.525518536567688,0.023033857345581055,-2.6488001346588135
171,1,-0.1947086900472641,0.403077632188797,0.01791522279381752,-3.580360174179077
171,2,-0.21881335973739624,0.5323215126991272,0.023033857345581055,-6.66316032409668
171,3,-0.23468215763568878,0.525518536567688,0.023033857345581055,-1.0718400478363037
171,4,-0.21881335973739624,0.5323215126991272,0.023033857345581055,-6.2330803871154785
171,5,-0.23468215763568878,0.525518536567688,0.023033857345581055,-1.2868800163269043
171,6,-0.21881335973739624,0.5323215126991272,0.023033857345581055,-6.949880123138428
171,7,2.739518880844116,1.292378306388855,0.4888281226158142,0.08960000425577164
171,8,-1.4866256713867188,3.6166110038757324,2.6751346588134766,-4.896640300750732
174,0,2.0731358528137207,3.030294418334961,1.2576110363006592,-0.6552000045776367
174,1,0.25929462909698486,1.9833252429962158,2.6820199489593506,-1.343999981880188
178,0,-0.2706638276576996,1.0174508094787598,0.21342052519321442,0.3158400058746338
178,1,-0.24658076465129852,0.9656884670257568,0.1710856556892395,0.3158400058746338
178,2,-0.2604759633541107,1.020106554031372,0.21342052519321442,0.3158400058746338
178,3,-0.2355852574110031,0.9626856446266174,0.20090435445308685,-0.3158400058746338
178,4,-0.2502620220184326,1.022660255432129,0.21342052519321442,6.790560245513916
178,5,-0.22594678401947021,0.9649932980537415,0.20090435445308685,-0.3158400058746338
178,6,0.0,4.063750267028809,0.0,0.0
178,7,0.0032143036369234324,0.3214196562767029,0.006429571192711592,0.21615999937057495
180,0,-0.23290404677391052,0.9517292380332947,0.2501872777938843,-0.3158400058746338
180,1,-0.24002307653427124,1.0251116752624512,0.21342052519321442,-0.3158400058746338
182,0,-0.4366946220397949,0.838811993598938,0.06630582362413406,0.3158400058746338
182,1,-0.3918211758136749,0.7908409833908081,0.061881937086582184,0.3158400058746338
182,2,-0.3558780252933502,0.7367235422134399,0.07383523136377335,0.3158400058746338
182,3,-0.38389331102371216,0.7947195768356323,0.061881937086582184,0.3158400058746338
182,4,-0.3206460475921631,0.6810945272445679,0.09077178686857224,-0.3158400058746338
182,5,-0.34849312901496887,0.7402454018592834,0.07383523136377335,0.3158400058746338
182,6,-0.31381914019584656,0.6842668056488037,0.09077178686857224,-0.3158400058746338
190,0,-0.24960514903068542,0.6435391902923584,0.0832299143075943,0.3158400058746338
190,1,-0.26705852150917053,0.7095019221305847,0.01516398973762989,0.7896000146865845
190,2,-0.24315735697746277,0.646003007888794,0.0832299143075943,0.3158400058746338
190,3,-0.25995028018951416,0.71213698387146,0.01516398973762989,0.7896000146865845
190,4,-0.23018953204154968,0.6507366299629211,0.0832299143075943,0.3158400058746338
190,5,-0.2528160512447357,0.7147008180618286,0.01516398973762989,0.7896000146865845
190,6,-2.516014575958252,3.241848945617676,0.41173800826072693,-1.9048399925231934
194,0,0.013487177900969982,0.4494377374649048,0.0179952010512352,0.3600800037384033
194,1,2.041414260864258,2.9839272499084473,1.319727897644043,-2.936079978942871
194,2,0.013487177900969982,0.4494377374649048,0.0179952010512352,0.3600800037384033
194,3,2.041414260864258,2.9839272499084473,1.319727897644043,-2.936079978942871
194,4,-0.401353657245636,0.6546244025230408,0.0461273118853569,-7.306879997253418
194,5,-0.42094558477401733,0.6424998044967651,0.046142302453517914,-4.152679920196533
194,6,-0.5495349764823914,0.7862643003463745,0.057625409215688705,1.4386399984359741
194,7,-0.45796987414360046,0.6151012778282166,0.04606734961271286,3.589320182800293
194,8,-0.401353657245636,0.6546244025230408,0.0461273118853569,0.0761599987745285
198,0,-0.027471283450722694,0.304411917924881,0.03995972499251366,1.075760006904602
198,1,-0.38599738478660583,0.706563413143158,0.16320686042308807,0.6316800117492676
198,2,-0.3717898428440094,0.7141415476799011,0.16320686042308807,0.6316800117492676
198,3,-0.3653911352157593,0.9420620203018188,0.040439214557409286,-0.4737600088119507
198,4,-0.3883877396583557,1.0013525485992432,0.021483568474650383,0.4737600088119507
198,5,-0.2949307858943939,0.7603991031646729,0.09834358096122742,0.6316800117492676
198,6,-0.3186444044113159,0.8215382099151611,0.07952004671096802,0.7896000146865845
198,7,-0.37812790274620056,1.0045831203460693,0.04295854642987251,0.4737600088119507
198,8,-0.2805505096912384,0.7685714960098267,0.07383523136377335,0.7896000146865845
198,9,-0.30215099453926086,0.8277463912963867,0.07952004671096802,0.7896000146865845
198,10,-0.368063360452652,1.0083140134811401,0.04295854642987251,0.4737600088119507
198,11,0.03133174404501915,0.7828757762908936,1.334786295890808,1.203160047531128
198,12,-0.05767872929573059,0.6391435265541077,0.3340972363948822,1.2740000486373901
198,13,-0.8375339508056641,1.366052508354187,0.09625722467899323,-6.733440399169922
198,14,-0.8371425867080688,1.3654141426086426,0.0962122455239296,-7.521920204162598
198,15,-0.8367512822151184,1.3647760152816772,0.09616728127002716,-2.862720012664795
198,16,1.9465687274932861,2.6144447326660156,2.4268531799316406,-0.0019600000232458115
198,17,0.020523499697446823,0.5128138661384583,0.0051324148662388325,0.4309200048446655
198,18,0.03802240639925003,0.4742657542228699,0.5202416777610779,-3.2953200340270996
198,19,0.09075711667537689,0.5623832941055298,0.4153470993041992,-3.2208399772644043
202,0,0.5728098154067993,3.790048837661743,0.23026178777217865,0.05908000096678734
202,1,-0.3534097373485565,1.1424776315689087,0.10792167484760284,0.3158400058746338
202,2,-0.34196746349334717,1.1459546089172363,0.10792167484760284,0.3158400058746338
202,3,-0.31209394335746765,1.085339069366455,0.13617263734340668,9.001160621643066
202,4,-0.32944774627685547,1.1456886529922485,0.14374443888664246,0.3158400058746338
202,5,-0.3179745376110077,1.1489259004592896,0.14374443888664246,0.3158400058746338
205,0,1.5248992443084717,0.6461490392684937,0.7796822786331177,-4.814040184020996
208,0,3.189444065093994,5.83823823928833,0.8697479367256165,0.8604400157928467
208,1,-3.8655598163604736,5.414639949798584,0.8697803020477295,0.8604400157928467
208,2,-0.9560257792472839,4.083078861236572,2.6879072189331055,-4.737880229949951
208,3,-0.5055948495864868,0.947892963886261,0.08612806349992752,-4.729480266571045
212,0,0.19530130922794342,0.8733646869659424,1.6746174097061157,4.3887200355529785
215,0,-0.358171671628952,0.8020458817481995,0.1059153825044632,-0.3158400058746338
215,1,-0.38221630454063416,0.8558884859085083,0.14166735112667084,-0.3158400058746338
215,2,-0.3754609525203705,0.8638610243797302,0.11357695609331131,-0.3158400058746338
215,3,-0.3348136246204376,0.9465047717094421,0.12105897068977356,-0.3158400058746338
215,4,-0.32533198595046997,0.949805498123169,0.12105897068977356,-4.105920314788818
215,5,1.7471176385879517,2.160505771636963,0.11120034009218216,-0.3158400058746338
215,6,1.7839078903198242,2.206001043319702,0.1989174634218216,-0.3158400058746338
215,7,-3.8001456260681152,1.9822449684143066,0.1286206990480423,0.0002800000074785203
215,8,-0.4024275541305542,0.4976465702056885,0.0,0.0
215,9,-0.37363845109939575,0.8596678376197815,0.14166735112667084,-0.3158400058746338
215,10,-0.3985673785209656,0.9170243144035339,0.15111930668354034,-0.3158400058746338
215,11,-0.42339780926704407,0.9741541743278503,0.16053391993045807,0.7896000146865845
215,12,-0.3420602083206177,0.8090484738349915,0.1059153825044632,0.3158400058746338
215,13,-0.36651378870010376,0.8668866157531738,0.11348717659711838,-0.3158400058746338
219,0,-0.20940396189689636,0.8943408131599426,0.2345389723777771,-0.3158400058746338
219,1,-0.20045024156570435,0.8963901400566101,0.2345389723777771,-0.3158400058746338
219,2,-0.22024543583393097,0.9406435489654541,0.2988447844982147,-0.3158400058746338
219,3,1.8081477880477905,2.1036503314971924,0.19449357688426971,0.3158400058746338
219,4,1.8618041276931763,2.1227593421936035,0.34046152234077454,-0.3158400058746338
222,0,-0.3784126043319702,1.069757342338562,0.07955998927354813,0.4737600088119507
222,1,-0.2859949469566345,0.8349612355232239,0.061881937086582184,0.3158400058746338
222,2,-0.30594950914382935,0.893218457698822,0.08520486950874329,0.3158400058746338
222,3,-0.3263622522354126,0.9528133869171143,0.09088967740535736,0.3158400058746338
222,4,-0.34669435024261475,1.0121729373931885,0.0965520367026329,0.3158400058746338
222,5,-0.36769625544548035,1.0734878778457642,0.07955998927354813,0.4737600088119507
222,6,-0.2776311933994293,0.8377793431282043,0.061881937086582184,0.3158400058746338
222,7,-0.2974788248538971,0.8976715207099915,0.06630582362413406,0.3158400058746338
222,8,-0.2690715789794922,0.9722265005111694,0.07072970271110535,0.3158400058746338
222,9,-0.28583452105522156,1.0327955484390259,0.07513611018657684,-0.6316800117492676
222,10,-0.22727011144161224,0.8543297052383423,0.035380564630031586,0.3158400058746338
222,11,-0.24311554431915283,0.9138941764831543,0.06630582362413406,0.3158400058746338
222,12,-0.25933602452278137,0.9748685359954834,0.07072970271110535,0.3158400058746338
222,13,-0.27549248933792114,1.03560209274292,0.07513611018657684,-0.6316800117492676
222,14,-0.2187155932188034,0.8565596342086792,0.035380564630031586,0.3158400058746338
222,15,0.0,3.072000026702881,0.0,0.0
222,16,2.014683723449707,1.4713943004608154,1.8189845085144043,1.2538400888442993
222,17,0.47594016790390015,1.0377635955810547,0.08004958927631378,-5.682040214538574
222,18,-0.22774861752986908,0.7920194268226624,1.1050331592559814,-7.90440034866333
222,19,0.0,2.7503087520599365,0.1376301348209381,5.1416401863098145
222,20,0.0,0.5120000243186951,0.0,0.0
222,21,-0.21498267352581024,5.371700286865234,0.0,0.0008399999933317304
222,22,0.06539089232683182,0.6517277956008911,0.0,2.569000005722046
222,23,0.0,5.184000015258789,0.0,0.0
222,24,0.06539089232683182,0.6517277956008911,0.0,2.569000005722046
222,25,-0.3735896348953247,0.8365709781646729,0.5872545838356018,6.956320285797119
222,26,-0.4391705095767975,0.6283568739891052,0.04605235531926155,-0.42504000663757324
222,27,-0.3545934557914734,0.6811103820800781,0.03073180466890335,1.8676000833511353
222,28,-0.30147987604141235,0.4917261302471161,0.023083843290805817,-5.013120174407959
222,29,-0.42081955075263977,0.6423074007034302,0.03073180466890335,9.036439895629883
222,30,-0.3293779194355011,0.4712677299976349,0.03453926742076874,-1.7869600057601929
222,31,-0.3337863087654114,0.690990149974823,0.030711809173226357,-8.2395601272583
222,32,-3.3974955081939697,5.419088840484619,0.9013439416885376,0.8604400157928467
222,33,2.399602174758911,3.2229161262512207,0.6072792410850525,-0.001120000029914081
227,0,-0.695351243019104,0.3988671898841858,0.12936639785766602,-4.764200210571289
227,1,-0.16193822026252747,0.45779287815093994,0.6511158347129822,-4.921000003814697
230,0,0.013487177900969982,0.4494377374649048,0.0179952010512352,0.3600800037384033
230,1,2.041414260864258,2.9839272499084473,1.319727897644043,-2.936079978942871
236,0,-0.2948167324066162,0.8334351181983948,0.035380564630031586,-0.3158400058746338
236,1,-0.29797059297561646,0.8991554975509644,0.037909891456365585,-0.3158400058746338
236,2,-0.22997766733169556,0.982208788394928,0.07072970271110535,-0.3158400058746338
236,3,-0.19995710253715515,1.0397112369537354,0.18174415826797485,-0.3158400058746338
236,4,-0.19958679378032684,1.0968143939971924,0.22598636150360107,-0.3158400058746338
238,0,-3.6630280017852783,1.8184771537780762,1.000787615776062,-4.497920036315918
241,0,-0.3473929762840271,0.7379085421562195,0.09834358096122742,0.7896000146865845
241,1,-0.3741399049758911,0.7947225570678711,0.1059153825044632,0.7896000146865845
241,2,-0.31831294298171997,0.6761387586593628,0.12828251719474792,0.7896000146865845
241,3,-0.3399966061115265,0.7413454651832581,0.09834358096122742,0.7896000146865845
241,4,-0.3661740720272064,0.7984241247177124,0.1059153825044632,0.7896000146865845
241,5,-0.3547545373439789,0.7343977689743042,0.09834358096122742,5.053440093994141
241,6,-0.3820682764053345,0.7909414768218994,0.1059153825044632,-0.3158400058746338
241,7,-0.3473929762840271,0.7379085421562195,0.09834358096122742,-0.3158400058746338
241,8,-0.3741399049758911,0.7947225570678711,0.1059153825044632,-0.3158400058746338
244,0,-0.3547545373439789,0.7343977689743042,0.09834358096122742,0.3158400058746338
244,1,-0.3820682764053345,0.7909414768218994,0.1059153825044632,0.3158400058746338
244,2,-0.3473929762840271,0.7379085421562195,0.09834358096122742,0.3158400058746338
244,3,-0.3552231192588806,0.864174485206604,0.1603848785161972,-0.3158400058746338
244,4,-0.27719616889953613,0.6940093636512756,0.12828251719474792,0.3158400058746338
244,5,-0.30031871795654297,0.7519007325172424,0.13898330926895142,-0.3158400058746338
244,6,-0.3234412670135498,0.8097920417785645,0.1496840864419937,-0.3158400058746338
244,7,-0.34656378626823425,0.8676833510398865,0.1603848785161972,-0.3158400058746338
244,8,-0.29278483986854553,0.7548663020133972,0.13898330926895142,9.033080101013184
244,9,-0.3378697633743286,0.8711056113243103,0.1603848785161972,-0.3158400058746338
244,10,-0.32533198595046997,0.949805498123169,0.12105897068977356,0.3158400058746338
244,11,-2.4828803539276123,3.0703585147857666,1.221458911895752,6.831439971923828
244,12,1.674649953842163,2.396057605743408,2.8918848037719727,0.0
244,13,0.0032143036369234324,0.3214196562767029,0.006429571192711592,0.21615999937057495
244,14,-1.0635533332824707,0.37717118859291077,0.27615103125572205,-4.779880046844482
244,15,0.0032143036369234324,0.3214196562767029,0.006429571192711592,0.21615999937057495
256,0,-2.1815707683563232,2.5381014347076416,0.13394427299499512,0.0
256,1,-0.3806647062301636,0.9530609846115112,0.31746259331703186,0.0
256,2,-0.37111523747444153,0.956820011138916,0.31746259331703186,0.0
256,3,-0.3636928200721741,0.9662330150604248,0.29687508940696716,0.0
256,4,-0.35401248931884766,0.9698215126991272,0.29687508940696716,0.0
256,5,0.0,4.996250152587891,0.0,0.0
259,0,-2.0724399089813232,1.0031388998031616,2.3237433433532715,5.787320137023926
262,0,0.007694486994296312,0.3846730589866638,0.0,0.28700000047683716
262,1,0.278201699256897,0.35115209221839905,0.0,0.7459200024604797
262,2,0.0,4.736000061035156,0.0,0.0
262,3,0.06539089232683182,0.6517277956008911,0.0,2.569000005722046
262,4,-0.462567001581192,3.5381405353546143,2.601663589477539,0.0008399999933317304
262,5,0.007694486994296312,0.3846730589866638,0.0,0.28700000047683716
262,6,0.14810681343078613,3.700695276260376,0.2596803307533264,0.35840001702308655
262,7,0.31794479489326477,0.40131670236587524,0.0,0.7459200024604797
266,0,-2.5269155502319336,1.8845288753509521,0.22101940214633942,0.0
266,1,-2.4887218475341797,1.9346868991851807,0.22101940214633942,0.0
266,2,-2.453582525253296,1.9873511791229248,0.12636630237102509,0.0
266,3,-2.433586597442627,2.011787176132202,0.12636630237102509,0.0
266,4,-2.392866849899292,2.0600533485412598,0.12636630237102509,0.0
272,0,-2.2719738483428955,2.988635301589966,0.8001734018325806,4.453680038452148
272,1,-1.8072848320007324,2.189756155014038,0.28487464785575867,-4.7759599685668945
281,0,-0.309433251619339,0.822080135345459,0.1059153825044632,-0.3158400058746338
281,1,-0.31858745217323303,0.8727741837501526,0.1883385181427002,0.3158400058746338
281,2,0.0032143036369234324,0.3214196562767029,0.006429571192711592,0.21615999937057495
284,0,-0.3768007457256317,1.2626830339431763,0.15888802707195282,0.3158400058746338
284,1,-0.3114529550075531,1.219748616218567,0.11360648274421692,0.3158400058746338
284,2,-0.21444331109523773,1.178457260131836,0.0839838832616806,0.3158400058746338
284,3,-0.13606370985507965,1.1284165382385254,0.045487869530916214,0.3158400058746338
284,4,-0.23304781317710876,3.8794682025909424,1.552302360534668,4.639880180358887
286,0,0.02554074302315712,0.31857794523239136,0.015993334352970123,0.2886800169944763
286,1,0.0,0.6659666895866394,0.006659889128059149,4.802560329437256
286,2,0.0,2.293750047683716,0.0,0.7168000340461731
286,3,0.013487177900969982,0.4494377374649048,0.0179952010512352,0.3600800037384033
286,4,2.041414260864258,2.9839272499084473,1.319727897644043,-2.936079978942871
286,5,-0.33405351638793945,0.6915433406829834,0.0,-8.741320610046387
286,6,-0.5567559003829956,1.1525722742080688,0.0,-9.17140007019043
290,0,-0.2754361033439636,0.9578576683998108,0.1710856556892395,0.3158400058746338
290,1,-0.2997802793979645,1.0045826435089111,0.23443318903446198,0.3158400058746338
290,2,-0.2658438980579376,0.9605640769004822,0.1710856556892395,0.3158400058746338
290,3,-0.2897196412086487,1.0075300931930542,0.23443318903446198,0.3158400058746338
290,4,-0.2562251389026642,0.9631744027137756,0.1710856556892395,0.3158400058746338
290,5,-0.2706638276576996,1.0174508094787598,0.21342052519321442,0.3158400058746338
290,6,-0.24658076465129852,0.9656884670257568,0.1710856556892395,0.3158400058746338
290,7,2.8030104637145996,1.7997921705245972,0.06663055717945099,-3.5859601497650146
290,8,1.2695467472076416,2.4385712146759033,0.19276249408721924,-3.8732399940490723
290,9,1.1313084363937378,1.0556069612503052,2.118628740310669,-4.816280364990234
290,10,0.0032143036369234324,0.3214196562767029,0.006429571192711592,0.21615999937057495
290,11,-0.45137935876846313,0.8886017203330994,0.1710856556892395,0.4737600088119507
290,12,-0.35591310262680054,0.7183651328086853,0.17927564680576324,0.4737600088119507
290,13,-0.3833160102367401,0.7736743688583374,0.1930786669254303,0.4737600088119507
290,14,-0.4124735891819,0.8325251936912537,0.1883385181427002,0.4737600088119507
290,15,-0.442470908164978,0.8930709958076477,0.1710856556892395,0.4737600088119507
294,0,-0.5209481120109558,0.8496878743171692,0.1710856556892395,0.4737600088119507
294,1,-0.4776853621006012,0.7968999147415161,0.1883385181427002,0.4737600088119507
294,2,-0.5124252438545227,0.8548547625541687,0.1710856556892395,0.4737600088119507
294,3,-0.4696926474571228,0.801636815071106,0.1883385181427002,0.4737600088119507
294,4,-2.33101487159729,3.003479480743408,1.607421636581421,0.1064000055193901
294,5,0.0032143036369234324,0.3214196562767029,0.006429571192711592,0.21615999937057495
297,0,-0.40771713852882385,0.8440386056900024,0.14166735112667084,-0.3158400058746338
297,1,-0.42763376235961914,0.9083505868911743,0.12105897068977356,-0.3158400058746338
297,2,-0.454274982213974,0.9649400115013123,0.1286008507013321,0.4737600088119507
297,3,-0.36468490958213806,0.7951771020889282,0.13221539556980133,0.3158400058746338
297,4,-0.39075592160224915,0.8520236015319824,0.14166735112667084,-0.3158400058746338
297,5,-0.4185290038585663,0.9125813841819763,0.12105897068977356,-0.3158400058746338
297,6,0.0,3.848750114440918,0.0,-2.936079978942871
297,7,1.9542945623397827,2.8565847873687744,1.2634069919586182,-3.6582000255584717
297,8,-2.183462619781494,2.7560129165649414,1.7860703468322754,-1.5313200950622559
297,9,0.02554074302315712,0.31857794523239136,0.015993334352970123,0.2886800169944763
297,10,0.0,0.6659666895866394,0.006659889128059149,4.802560329437256
301,0,2.1832070350646973,3.058102607727051,1.2870179414749146,-5.970160007476807
301,1,-2.264146089553833,2.7433018684387207,2.0365874767303467,-1.5377600193023682
304,0,1.5499094724655151,3.996021270751953,0.1286206990480423,0.0005600000149570405
304,1,0.3613711893558502,0.5282148122787476,0.0,0.0002800000074785203
304,2,0.31271862983703613,1.2247053384780884,0.0,0.3158400058746338
304,3,-0.1791895180940628,1.1103613376617432,0.16998587548732758,-0.3158400058746338
304,4,-0.18915323913097382,1.1721023321151733,0.17943784594535828,-0.3158400058746338
304,5,-0.19911697506904602,1.2338433265686035,0.18888980150222778,0.3158400058746338
304,6,-0.16807711124420166,1.1120976209640503,0.16998587548732758,-0.3158400058746338
304,7,-0.17742295563220978,1.1739351749420166,0.17943784594535828,-0.3158400058746338
304,8,-0.1867687851190567,1.235772728919983,0.18888980150222778,0.3158400058746338
304,9,-0.15694792568683624,1.113722801208496,0.16998587548732758,-0.3158400058746338
308,0,2.4729952812194824,1.451616644859314,0.49223604798316956,-2.9579200744628906
311,0,0.003007114166393876,0.300701379776001,0.29748716950416565,-0.07784000039100647
311,1,0.003649613121524453,0.36494916677474976,0.21384060382843018,-0.005319999996572733
311,2,0.019881458953022957,0.3309599459171295,0.26267704367637634,0.3558800220489502
311,3,0.05269971117377281,0.40309616923332214,0.11689844727516174,0.3558800220489502
311,4,0.01674998737871647,0.4185263514518738,0.05902674049139023,0.4275600016117096
311,5,-2.525116205215454,3.4632630348205566,0.1286206990480423,0.0005600000149570405
311,6,-0.3180032968521118,0.5554043054580688,0.0,0.0002800000074785203
311,7,0.0357791893184185,0.35659849643707275,0.22469177842140198,0.21476000547409058
311,8,-1.727285385131836,2.1359810829162598,2.267186403274536,-0.8234800100326538
314,0,0.028482332825660706,0.7116785645484924,0.4565286934375763,-1.7197600603103638
314,1,0.00919526256620884,0.3064168095588684,0.7885050773620605,-1.5758399963378906
314,2,0.05004628747701645,0.45312973856925964,0.018245134502649307,1.0617600679397583
314,3,-0.032329585403203964,0.4610966444015503,0.7198784947395325,1.1326000690460205
314,4,1.5135244131088257,3.214925527572632,2.4835238456726074,-4.029200077056885
314,5,0.007694486994296312,0.3846730589866638,0.0,0.28700000047683716
314,6,2.3845860958099365,3.0098752975463867,0.0,0.7459200024604797
314,7,0.0,2.81600022315979,0.0,0.0
318,0,-1.6348508596420288,2.992574453353882,0.1364736109972,0.0
318,1,-1.665030598640442,3.0478179454803467,0.13899293541908264,0.0
318,2,-0.34768417477607727,0.8704884648323059,0.14166735112667084,0.0
318,3,0.0,1.1195000410079956,0.0,0.0
318,4,0.020523499697446823,0.5128138661384583,0.0051324148662388325,0.4309200048446655
318,5,0.0,0.8637500405311584,0.0,0.0
318,6,0.020523499697446823,0.5128138661384583,0.0051324148662388325,0.4309200048446655
318,7,-0.26556116342544556,1.0400217771530151,0.04295854642987251,0.3158400058746338
318,8,-0.23940390348434448,0.9782900214195251,0.09088967740535736,0.3158400058746338
318,9,-0.2551478147506714,1.0426253080368042,0.04295854642987251,0.3158400058746338
318,10,-0.2992401123046875,1.2228021621704102,0.11360648274421692,0.6316800117492676
318,11,-0.2296091914176941,0.9806351065635681,0.09088967740535736,0.3158400058746338
318,12,-0.24470897018909454,1.0451245307922363,0.04295854642987251,0.3158400058746338
318,13,-0.2591169774532318,1.1066595315933228,0.045487869530916214,0.3158400058746338
318,14,-0.27307361364364624,1.1662667989730835,0.0839838832616806,0.6316800117492676
323,0,-1.361372709274292,0.9130858182907104,0.11493358761072159,-4.797520160675049
323,1,0.0,3.848750114440918,0.0,-2.936079978942871
323,2,1.9542945623397827,2.8565847873687744,1.2634069919586182,-3.6582000255584717
327,0,-0.36147448420524597,0.7881768941879272,0.17577269673347473,0.3158400058746338
327,1,-0.3535747826099396,0.7917522192001343,0.17577269673347473,0.3158400058746338
327,2,-0.33767008781433105,0.7986648678779602,0.17577269673347473,-0.3158400058746338
327,3,-0.4082498252391815,0.9656016230583191,0.23443318903446198,-0.3158400058746338
330,0,-2.614748477935791,2.0326578617095947,0.5005430579185486,0.0
330,1,-2.632901668548584,1.9229005575180054,1.0085365772247314,0.0
330,2,-2.5939197540283203,1.975170612335205,1.0085365772247314,0.0
332,0,-0.049812864512205124,0.9954270720481873,0.1710856556892395,-0.6316800117492676
332,1,0.04294995591044426,1.0731761455535889,0.021483568474650383,-0.4737600088119507
334,0,0.5524497032165527,2.725320339202881,0.0,7.522760391235352
334,1,1.7710041999816895,2.060436487197876,0.05434637889266014,-0.3158400058746338
334,2,0.007694486994296312,0.3846730589866638,0.0,0.28700000047683716
334,3,3.139704942703247,3.9630024433135986,0.0,0.7459200024604797
334,4,0.0,2.81600022315979,0.0,0.0
334,5,0.06539089232683182,0.6517277956008911,0.0,2.569000005722046
334,6,-0.851510763168335,4.200634956359863,0.1286206990480423,0.0005600000149570405
337,0,-0.4099888801574707,0.7329623699188232,0.2783127725124359,1.2633600234985352
337,1,-0.22888435423374176,0.9775394201278687,0.12105897068977356,0.3158400058746338
337,2,0.38070258498191833,2.2178122997283936,0.0,-7.098840236663818
337,3,-0.8023122549057007,0.4709470868110657,0.7996370792388916,8.313480377197266
337,4,0.0,3.848750114440918,0.0,-2.936079978942871
337,5,1.9542945623397827,2.8565847873687744,1.2634069919586182,-3.6582000255584717
340,0,-0.3502015173435211,0.7249722480773926,0.16320686042308807,0.7896000146865845
340,1,-0.37716469168663025,0.7807902693748474,0.17577269673347473,-8.369760513305664
340,2,-2.158633232116699,2.669390916824341,2.0578291416168213,0.11788000166416168
340,3,2.1006505489349365,2.942462921142578,1.9283896684646606,1.564079999923706
340,4,0.020523499697446823,0.5128138661384583,0.0051324148662388325,0.4309200048446655
340,5,-2.785663604736328,1.6728261709213257,0.4910910725593567,0.0
340,6,-2.8515281677246094,1.5980098247528076,0.7309601306915283,0.0
340,7,-2.751652240753174,1.728201150894165,0.4910910725593567,0.0
340,8,-2.818999767303467,1.654716968536377,0.7309601306915283,0.0
340,9,-2.7165400981903076,1.7828850746154785,0.4910910725593567,0.0
340,10,-2.7799229621887207,1.7459567785263062,0.6654428839683533,0.0
340,11,-2.6337883472442627,1.8439282178878784,0.22542579472064972,0.0
340,12,-1.9883759021759033,2.5619940757751465,2.5693295001983643,-0.30687999725341797
340,13,0.020523499697446823,0.5128138661384583,0.0051324148662388325,0.4309200048446655
344,0,0.02554074302315712,0.31857794523239136,0.015993334352970123,0.2886800169944763
344,1,0.0,0.6658668518066406,0.013319111429154873,4.802560329437256
344,2,0.0,2.293635368347168,0.022937117144465446,0.7168000340461731
344,3,-2.1415655612945557,0.711585283279419,0.4106490910053253,0.7327600121498108
344,4,-0.6954968571662903,1.4397878646850586,0.0639929324388504,6.3114800453186035
344,5,-0.7789434194564819,1.6125353574752808,0.07167088240385056,7.3866801261901855
344,6,-0.32195284962654114,0.6184136271476746,1.4403858184814453,0.9357600212097168
347,0,-2.825998544692993,1.5837029218673706,1.0735371112823486,-3.3163201808929443
347,1,0.07043278962373734,0.38705816864967346,0.7924694418907166,4.122440338134766
352,0,-3.024813413619995,1.3175430297851562,1.0933547019958496,0.0
352,1,0.0,0.9047500491142273,0.0,4.587520122528076
358,0,3.2362396717071533,5.785624980926514,1.069821834564209,0.6456800103187561
358,1,0.5600111484527588,5.581432342529297,0.9629013538360596,0.8607200384140015
358,2,-0.3985673785209656,0.9170243144035339,0.15111930668354034,8.401400566101074
358,3,-0.34170597791671753,0.7861975431442261,0.21889066696166992,2.052960157394409
358,4,-0.3618098199367523,0.8557606935501099,0.1883385181427002,2.052960157394409
358,5,-0.3893773555755615,0.9209640622138977,0.15111930668354034,8.401400566101074
358,6,-0.33382704854011536,0.7895752191543579,0.21889066696166992,2.052960157394409
361,0,-0.11181823909282684,1.3947449922561646,0.0279881339520216,1.5579200983047485
361,1,-0.6495693922042847,0.5261378288269043,0.25858017802238464,2.346680164337158
361,2,-2.8267910480499268,1.8150614500045776,1.1132510900497437,0.0
361,3,-2.789926528930664,1.8712307214736938,1.1132510900497437,0.0
361,4,-2.751946449279785,1.9266512393951416,1.1132510900497437,0.0
365,0,-0.24838808178901672,0.9727665185928345,0.12105897068977356,0.3158400058746338
365,1,-0.2651228606700897,1.0383052825927734,0.07513611018657684,2.842560052871704
365,2,-0.23767761886119843,0.9712358117103577,0.15111930668354034,-0.3158400058746338
365,3,-0.25431859493255615,1.0392367839813232,0.0965520367026329,-0.3158400058746338
365,4,-0.22721895575523376,0.970426619052887,0.1710856556892395,-0.3158400058746338
365,5,0.0032143036369234324,0.3214196562767029,0.006429571192711592,0.21615999937057495
367,0,-0.25183799862861633,0.9099571108818054,0.08520486950874329,0.7896000146865845
367,1,-0.24272601306438446,0.9124298691749573,0.08520486950874329,0.7896000146865845
367,2,-0.29124560952186584,1.0948196649551392,0.10223685204982758,-0.3158400058746338
367,3,-0.25909683108329773,1.1586507558822632,0.17943784594535828,-0.3158400058746338
367,4,-0.1968201845884323,0.9234208464622498,0.08520486950874329,0.3158400058746338
367,5,-0.20928910374641418,0.9819213151931763,0.12105897068977356,-0.3158400058746338
367,6,-0.22232763469219208,1.0430941581726074,0.1286008507013321,-8.211840629577637
367,7,-0.2344605028629303,1.1000179052352905,0.16998587548732758,-0.3158400058746338
367,8,-0.2474975436925888,1.1611838340759277,0.17943784594535828,-0.3158400058746338
367,9,-0.1875762641429901,0.925342857837677,0.08520486950874329,0.3158400058746338
367,10,-0.7787059545516968,3.841477394104004,0.4726237952709198,5.929840087890625
367,11,-2.5552313327789307,3.2252674102783203,0.32988786697387695,-0.3346000015735626
367,12,0.0,3.848750114440918,0.0,-2.936079978942871
367,13,1.9542945623397827,2.8565847873687744,1.2634069919586182,-3.6582000255584717
367,14,-1.771740436553955,2.1466894149780273,2.7535147666931152,5.253360271453857
370,0,-0.3755602538585663,0.7774688005447388,0.1930786669254303,-7.896000385284424
370,1,-0.3677669167518616,0.781185507774353,0.1930786669254303,-6.474720001220703
370,2,-0.33628222346305847,0.7143078446388245,0.22702619433403015,-0.3158400058746338
370,3,-2.5984811782836914,5.665856838226318,1.3938872814178467,4.564000129699707
370,4,2.727510690689087,4.550177097320557,1.3545986413955688,-4.819920063018799
370,5,0.02554074302315712,0.31857794523239136,0.015993334352970123,0.2886800169944763
370,6,0.0,0.6659666895866394,0.006659889128059149,4.802560329437256
370,7,0.0,2.293750047683716,0.0,0.7168000340461731
373,0,-0.31209394335746765,1.085339069366455,0.13617263734340668,0.0
373,1,-0.30122509598731995,1.088405728340149,0.13617263734340668,0.0
373,2,-0.29032617807388306,1.0913634300231934,0.13617263734340668,0.0
373,3,-0.28028303384780884,1.0976773500442505,0.10223685204982758,0.0
375,0,-0.33395275473594666,0.8124285936355591,0.1059153825044632,0.3158400058746338
375,1,-0.3552231192588806,0.864174485206604,0.1603848785161972,0.3158400058746338
375,2,-0.3216303288936615,0.8052580952644348,0.17577269673347473,0.3158400058746338
375,3,-0.34656378626823425,0.8676833510398865,0.1603848785161972,0.3158400058746338
375,4,-0.3135618269443512,0.8084341287612915,0.17577269673347473,0.3158400058746338
375,5,-0.30718177556991577,0.8160985112190247,0.1496840864419937,0.3158400058746338
375,6,-3.220040798187256,2.8287346363067627,0.1286206990480423,0.0002800000074785203
375,7,-0.22545550763607025,0.5989740490913391,0.0,0.0
378,0,-0.3555655777454376,0.7962101101875305,0.1496840864419937,-4.105920314788818
378,1,-0.3475858271121979,0.7997258901596069,0.1496840864419937,-0.3158400058746338
378,2,-0.3724344074726105,0.8568975925445557,0.1603848785161972,-0.3158400058746338
378,3,-0.3195649981498718,0.7352555990219116,0.17927564680576324,0.3158400058746338
378,4,-0.3395713269710541,0.8031616806983948,0.1496840864419937,-0.3158400058746338
378,5,-0.8931735157966614,2.9930808544158936,2.0913610458374023,6.360480308532715
378,6,0.0,1.0880000591278076,0.0,0.0
378,7,0.06539089232683182,0.6517277956008911,0.0,2.569000005722046
378,8,1.9075385332107544,1.1197007894515991,1.4177483320236206,-3.224480152130127
386,0,0.3877025842666626,0.5099978446960449,2.06516695022583,-1.237879991531372
386,1,0.0,3.848750114440918,0.0,-2.936079978942871
386,2,1.9542945623397827,2.8565847873687744,1.2634069919586182,-3.6582000255584717
386,3,-1.4332373142242432,1.1373472213745117,0.2392074167728424,1.577239990234375
391,0,-0.016794102266430855,1.6793543100357056,1.198966145515442,3.622920036315918
391,1,-0.5104490518569946,0.32059231400489807,0.44879239797592163,3.825080156326294
391,2,0.007694486994296312,0.3846730589866638,0.0,0.28700000047683716
391,3,0.0,4.0320000648498535,0.0,0.0
391,4,-0.030711809173226357,0.7673856616020203,0.0,0.0008399999933317304
391,5,0.06539089232683182,0.6517277956008911,0.0,2.569000005722046
391,6,1.416398048400879,4.274119853973389,2.88608717918396,-2.8215601444244385
391,7,0.22716960310935974,1.3233940601348877,0.0,-7.394520282745361
391,8,-0.2638624608516693,1.0333690643310547,0.1286008507013321,0.3158400058746338
391,9,-0.23864814639091492,0.9752017259597778,0.12105897068977356,0.3158400058746338
391,10,-0.25351572036743164,1.0359560251235962,0.1286008507013321,0.3158400058746338
391,11,-0.268442302942276,1.0969513654708862,0.13617263734340668,0.3158400058746338
391,12,-0.22888435423374176,0.9775394201278687,0.12105897068977356,0.3158400058746338
391,13,-0.24314366281032562,1.0384392738342285,0.1286008507013321,0.3158400058746338
391,14,-0.2574595510959625,1.0995807647705078,0.13617263734340668,0.3158400058746338
391,15,-0.1377619057893753,1.2473256587982178,0.15131622552871704,0.3158400058746338
394,0,-0.2614508867263794,1.9998183250427246,1.4705053567886353,0.0008399999933317304
397,0,-0.3475858271121979,0.7997258901596069,0.1496840864419937,2.052960157394409
397,1,-0.33767008781433105,0.7986648678779602,0.17577269673347473,0.3158400058746338
397,2,-0.32966670393943787,0.8020016551017761,0.17577269673347473,0.3158400058746338
397,3,-0.35323426127433777,0.8593360185623169,0.1883385181427002,1.8950400352478027
397,4,-0.2986372709274292,0.7476908564567566,0.16320686042308807,0.3158400058746338
397,5,-0.3202621340751648,0.8018325567245483,0.1930786669254303,0.3158400058746338
397,6,-0.3446234166622162,0.8628252744674683,0.1883385181427002,1.8950400352478027
397,7,0.0032143036369234324,0.3214196562767029,0.006429571192711592,0.21615999937057495
401,0,-0.2401992231607437,0.9029314517974854,0.1603848785161972,0.7896000146865845
401,1,-0.231158047914505,0.9052882790565491,0.1603848785161972,0.7896000146865845
401,2,-0.2473779320716858,0.968810498714447,0.15111930668354034,-0.3158400058746338
401,3,-0.22209374606609344,0.907554566860199,0.1603848785161972,0.3158400058746338
401,4,-0.23767761886119843,0.9712358117103577,0.15111930668354034,0.7896000146865845
401,5,-0.21300724148750305,0.9097300171852112,0.1603848785161972,0.3158400058746338
401,6,-0.22795352339744568,0.9735639095306396,0.15111930668354034,0.7896000146865845
401,7,-0.23105379939079285,1.0332456827163696,0.18174415826797485,0.3158400058746338
401,8,-0.1799212247133255,1.1148953437805176,0.13617263734340668,0.3158400058746338
401,9,-0.19052709639072418,1.1806155443191528,0.10792167484760284,0.3158400058746338
401,10,-0.15873129665851593,1.0502601861953735,0.16053391993045807,0.3158400058746338
401,11,-0.16876345872879028,1.1166388988494873,0.13617263734340668,0.3158400058746338
401,12,-0.17871160805225372,1.1824617385864258,0.10792167484760284,0.3158400058746338
401,13,-0.18842720985412598,1.2467459440231323,0.08840776234865189,0.3158400058746338
401,14,-0.15758882462978363,1.1182706356048584,0.13617263734340668,0.3158400058746338
401,15,2.0784504413604736,2.9738078117370605,1.935213565826416,0.0
401,16,3.013673782348633,5.932827472686768,0.8699747920036316,1.7922800779342651
404,0,-2.713515520095825,1.3134435415267944,1.1692836284637451,4.246200084686279
407,0,-0.339031457901001,0.7201476097106934,0.20324237644672394,-0.3158400058746338
409,0,-1.863843560218811,1.8101922273635864,1.894395112991333,3.7354800701141357
409,1,-0.642507016658783,2.8732166290283203,2.014220952987671,8.529640197753906
409,2,2.3393399715423584,2.77736234664917,2.703653335571289,-4.150440216064453
418,0,0.02554074302315712,0.31857794523239136,0.015993334352970123,0.2886800169944763
418,1,0.0,0.6659666895866394,0.006659889128059149,4.802560329437256
418,2,0.0,2.293750047683716,0.0,0.7168000340461731
421,0,-3.8705644607543945,5.421649932861328,0.8032389879226685,0.8601599931716919
421,1,0.9107146859169006,1.1262003183364868,1.270304560661316,-4.697000026702881
421,2,-1.063002347946167,2.6614131927490234,2.463279962539673,4.44920015335083
421,3,-0.2866397500038147,0.8368436694145203,0.01769382134079933,0.3158400058746338
421,4,-0.2782571315765381,0.8396682143211365,0.01769382134079933,0.3158400058746338
424,0,0.0,3.848750114440918,0.0,-2.936079978942871
424,1,1.9542945623397827,2.8565847873687744,1.2634069919586182,-3.6582000255584717
430,0,-0.32829803228378296,0.7351505160331726,0.16320686042308807,-0.3158400058746338
430,1,-0.3135303556919098,0.7415689826011658,0.16320686042308807,-0.3158400058746338
430,2,-0.3776402175426483,0.9187099933624268,0.2013513743877411,-0.3158400058746338
430,3,-0.3111344873905182,1.0058132410049438,0.21342052519321442,0.3158400058746338
430,4,-0.3280520439147949,1.0605031251907349,0.24823620915412903,0.4737600088119507
430,5,-0.34777259826660156,1.1242543458938599,0.23855219781398773,0.4737600088119507
430,6,-0.25676292181015015,0.8929197192192078,0.1883385181427002,0.3158400058746338
430,7,-0.27389398217201233,0.952494740486145,0.20090435445308685,0.3158400058746338
430,8,-0.29095736145973206,1.0118343830108643,0.21342052519321442,0.3158400058746338
430,9,-0.30808842182159424,1.0714094638824463,0.22598636150360107,0.4737600088119507
430,10,-1.3696460723876953,1.4124892950057983,0.0,-8.850520133972168
430,11,-0.9988450407981873,1.3991210460662842,1.2534055709838867,5.2351603507995605
430,12,0.9771277904510498,4.173202991485596,0.1286206990480423,0.0005600000149570405
430,13,0.27260127663612366,0.5790411233901978,0.0,0.0002800000074785203
430,14,-3.6295812129974365,2.279592752456665,0.1286206990480423,0.0005600000149570405
430,15,0.10972730815410614,0.30059927701950073,0.0,0.0
433,0,-2.3269007205963135,2.937063694000244,1.2417515516281128,-7.487760066986084
436,0,-0.23105379939079285,1.0332456827163696,0.18174415826797485,-2.6846401691436768
436,1,-0.20776627957820892,0.9747766256332397,0.1710856556892395,-8.527680397033691
436,2,-0.22070994973182678,1.0355044603347778,0.18174415826797485,-0.3158400058746338
436,3,-0.2297515571117401,1.0779249668121338,0.2814220190048218,-2.052960157394409
436,4,-0.19864840805530548,0.979963481426239,0.15111930668354034,-8.527680397033691
436,5,1.9792182445526123,3.801723003387451,0.1286206990480423,0.0002800000074785203
439,0,2.2624480724334717,3.1690988540649414,0.43005651235580444,0.141960009932518
439,1,1.9007353782653809,2.719536304473877,2.126689910888672,4.4618000984191895
439,2,-0.32810792326927185,1.1410293579101562,0.17943784594535828,0.4737600088119507
439,3,-0.29903334379196167,1.0804862976074219,0.19244492053985596,-0.3158400058746338
439,4,-0.3166813850402832,1.1442533731460571,0.17943784594535828,0.4737600088119507
439,5,-0.28821372985839844,1.0834225416183472,0.19244492053985596,-0.3158400058746338
439,6,-0.3042396903038025,1.1436655521392822,0.20314572751522064,0.4737600088119507
439,7,-0.2619425654411316,1.0258501768112183,0.18174415826797485,-0.3158400058746338
439,8,-0.2773652672767639,1.0862504243850708,0.19244492053985596,-0.3158400058746338
442,0,-0.1887935996055603,0.8857625722885132,0.28015315532684326,8.875160217285156
444,0,-2.4666316509246826,3.050265073776245,0.039229344576597214,2.9814400672912598
444,1,1.9465687274932861,2.6144447326660156,2.4268531799316406,-0.001120000029914081
449,0,0.0,3.4855000972747803,0.0,0.0
452,0,-0.37716469168663025,0.7807902693748474,0.17577269673347473,-0.3158400058746338
452,1,-0.3677669167518616,0.781185507774353,0.1930786669254303,-0.3158400058746338
452,2,-0.4884929060935974,1.0651341676712036,0.2620392441749573,-0.3158400058746338
452,3,-0.05958091467618942,1.1906251907348633,0.14374443888664246,2.5267200469970703
452,4,-1.2937617301940918,3.777132511138916,2.1811466217041016,4.552800178527832
452,5,0.013487177900969982,0.4494377374649048,0.0179952010512352,0.3600800037384033
452,6,2.041414260864258,2.9839272499084473,1.319727897644043,-2.936079978942871
452,7,0.3072381317615509,1.37393319606781,0.04224866256117821,-6.23252010345459
452,8,-0.6500110626220703,1.2485545873641968,0.056334976106882095,-3.078320026397705
458,0,-1.3485267162322998,4.87258243560791,0.050559159368276596,0.041440002620220184
458,1,-1.3485267162322998,4.87258243560791,0.050559159368276596,0.041999999433755875
458,2,0.9477233290672302,0.4587337076663971,1.878835678100586,4.479720115661621
458,3,-0.3216303288936615,0.8052580952644348,0.17577269673347473,0.3158400058746338
458,4,-0.3135618269443512,0.8084341287612915,0.17577269673347473,0.3158400058746338
458,5,-0.30546191334724426,0.811529278755188,0.17577269673347473,0.3158400058746338
458,6,-2.7769839763641357,3.808706283569336,1.0540491342544556,0.16128000617027283
458,7,0.0,1.600000023841858,0.0,0.0
462,0,1.9465687274932861,2.6144447326660156,2.4268531799316406,-0.001120000029914081
462,1,0.003094992134720087,0.3094889223575592,0.2883332073688507,-1.657039999961853
462,2,0.0041759018786251545,0.41757625341415405,0.06739160418510437,-1.5836800336837769
462,3,2.2975409030914307,3.218254566192627,0.11866220086812973,8.845479965209961
465,0,0.2791154086589813,0.9706528186798096,0.050541430711746216,-7.393959999084473
465,1,-0.3542258143424988,1.0013822317123413,0.16053391993045807,0.4737600088119507
465,2,-0.2780901789665222,0.8391643762588501,0.035380564630031586,0.7896000146865845
465,3,-0.2981494665145874,0.8996952772140503,0.018958736211061478,0.6316800117492676
465,4,-0.33412864804267883,1.0082659721374512,0.16053391993045807,0.4737600088119507
465,5,0.05624274164438248,0.30907779932022095,0.6328111290931702,4.122440338134766
465,6,0.011907276697456837,0.39679017663002014,0.40063923597335815,-3.657360076904297
469,0,-0.35323426127433777,0.8593360185623169,0.1883385181427002,0.0
469,1,-0.3446234166622162,0.8628252744674683,0.1883385181427002,0.0
469,2,-0.3378697633743286,0.8711056113243103,0.1603848785161972,0.0
469,3,-0.30546191334724426,0.811529278755188,0.17577269673347473,0.0
469,4,-0.3291419446468353,0.8744406700134277,0.1603848785161972,0.0
469,5,-0.29733148217201233,0.8145432472229004,0.17577269673347473,0.0
469,6,-0.28917133808135986,0.8174757957458496,0.17577269673347473,0.0
471,0,-2.650681495666504,1.9768314361572266,0.8443279266357422,4.5796799659729
471,1,-2.6291868686676025,1.960801124572754,0.9431328177452087,4.5796799659729
471,2,-2.1063690185546875,2.6587038040161133,0.7585116624832153,-0.3158400058746338
471,3,-1.8745079040527344,2.31803822517395,2.5623586177825928,-5.052040100097656
471,4,1.9465687274932861,2.6144447326660156,2.4268531799316406,-0.001120000029914081
476,0,-1.0790985822677612,0.6928811073303223,0.06417325139045715,-3.9407200813293457
476,1,0.3130345046520233,2.596087694168091,1.1055587530136108,4.459000110626221
476,2,0.08551842719316483,0.46996015310287476,0.9622043967247009,4.122440338134766
476,3,-0.30000004172325134,1.0839792490005493,0.16998587548732758,0.3158400058746338
476,4,-0.24311554431915283,0.9138941764831543,0.06630582362413406,0.3158400058746338
476,5,-0.2581031620502472,0.9702340364456177,0.12105897068977356,0.3158400058746338
476,6,-0.27306774258613586,1.0264872312545776,0.16053391993045807,0.3158400058746338
476,7,-0.28821372985839844,1.0834225416183472,0.19244492053985596,0.3158400058746338
476,8,-0.3025362491607666,1.137262225151062,0.23855219781398773,-0.4737600088119507
476,9,-0.23396460711956024,0.9162796139717102,0.06630582362413406,0.3158400058746338
476,10,-0.3270379304885864,1.2807843685150146,0.11929129809141159,0.3158400058746338
476,11,1.880630373954773,1.3734904527664185,0.21015852689743042,0.3158400058746338
482,0,-0.25044840574264526,0.5184676051139832,0.023043854162096977,6.741559982299805
482,1,-0.5021292567253113,0.9645001292228699,0.043518394231796265,-4.440239906311035
482,2,-0.3912387490272522,0.8760923147201538,0.03839975968003273,0.505120038986206
482,3,-0.3338949978351593,0.6912151575088501,0.03072180785238743,-0.8565199971199036
482,4,-0.5022445917129517,0.9647216796875,0.04352838918566704,4.089680194854736
482,5,-0.3912387490272522,0.8760923147201538,0.03839975968003273,5.16431999206543
482,6,-0.33400362730026245,0.6914401054382324,0.03073180466890335,-5.730760097503662
482,7,0.0,3.848750114440918,0.0,-2.936079978942871
482,8,1.9542945623397827,2.8565847873687744,1.2634069919586182,-3.6582000255584717
485,0,-0.29226478934288025,0.8819376826286316,0.1883385181427002,0.3158400058746338
485,1,-0.2585255801677704,0.8357430100440979,0.13221539556980133,0.3158400058746338
485,2,-0.28343093395233154,0.8848161697387695,0.1883385181427002,0.3158400058746338
485,3,-0.27456873655319214,0.8876062035560608,0.1883385181427002,0.3158400058746338
485,4,-0.25820860266685486,0.8979472517967224,0.1603848785161972,0.3158400058746338
485,5,-0.25705352425575256,0.9662882685661316,0.15111930668354034,0.4737600088119507
485,6,-0.27306774258613586,1.0264872312545776,0.16053391993045807,0.4737600088119507
485,7,1.643420696258545,1.5644844770431519,2.918795347213745,4.451440334320068
485,8,0.020523499697446823,0.5128138661384583,0.0051324148662388325,0.4309200048446655
489,0,-0.37498605251312256,0.6703856587409973,0.030741801485419273,-4.153240203857422
489,1,-0.8052879571914673,2.076216697692871,2.8062686920166016,-4.74124002456665
489,2,-3.1996591091156006,1.3557988405227661,0.06951037049293518,0.0
489,3,1.7901341915130615,1.3631186485290527,1.2882859706878662,-7.150360107421875
498,0,-0.3163149952888489,0.7481552958488464,0.12276343256235123,-0.3158400058746338
498,1,-0.3395713269710541,0.8031616806983948,0.1496840864419937,-0.3158400058746338
498,2,-0.3088177442550659,0.7512810230255127,0.12276343256235123,-0.3158400058746338
498,3,0.02554074302315712,0.31857794523239136,0.015993334352970123,0.2886800169944763
498,4,0.0,0.6659666895866394,0.006659889128059149,4.802560329437256
498,5,0.0,2.293750047683716,0.0,0.7168000340461731
498,6,-2.1415655612945557,0.711585283279419,0.4106490910053253,0.7327600121498108
498,7,-0.9198197722434998,0.3365907073020935,2.9477834701538086,-1.2376000881195068
504,0,0.007694486994296312,0.3846730589866638,0.0,0.28700000047683716
504,1,0.04343176260590553,1.0852148532867432,0.07615027576684952,0.35840001702308655
507,0,1.7839078903198242,2.206001043319702,0.1989174634218216,-0.3158400058746338
507,1,1.8276681900024414,2.169884204864502,0.1989174634218216,-0.3158400058746338
507,2,1.8492753505706787,2.1514992713928223,0.1989174634218216,-0.3158400058746338
507,3,1.9585870504379272,2.1450109481811523,0.11624899506568909,-0.3158400058746338
510,0,1.6871919631958008,2.1296095848083496,0.05434637889266014,-0.3158400058746338
510,1,1.7254254817962646,2.177868604660034,0.11120034009218216,-0.3158400058746338
510,2,1.752379298210144,1.5394264459609985,0.16354387998580933,0.3158400058746338
510,3,1.737457513809204,1.4658069610595703,0.09097573906183243,-0.3158400058746338
510,4,1.4466588497161865,2.7787721157073975,2.6387157440185547,0.017079999670386314
514,0,-0.3163467347621918,0.8156142234802246,0.13221539556980133,0.3158400058746338
516,0,-2.5575997829437256,1.9882314205169678,1.0735371112823486,-6.632640361785889
516,1,-0.36384695768356323,0.8605790138244629,0.1603848785161972,0.7896000146865845
516,2,-0.3315228521823883,0.8065172433853149,0.1496840864419937,-4.895520210266113
516,3,-0.3552231192588806,0.864174485206604,0.1603848785161972,0.7896000146865845
516,4,-0.3234412670135498,0.8097920417785645,0.1496840864419937,-4.895520210266113
516,5,-1.2648847103118896,3.166861057281494,0.5853709578514099,-3.8998401165008545
516,6,-0.15313617885112762,0.6257692575454712,0.025783125311136246,-4.566800117492676
516,7,0.3383254408836365,0.7186478972434998,0.41352328658103943,-7.078960418701172
516,8,0.02554074302315712,0.31857794523239136,0.015993334352970123,0.2886800169944763
516,9,0.0,0.6658668518066406,0.013319111429154873,4.802560329437256
516,10,0.0,2.293635368347168,0.022937117144465446,0.7168000340461731
516,11,-0.9441561698913574,0.3137179911136627,0.18104365468025208,0.44604000449180603
516,12,-0.2372913509607315,1.0134447813034058,0.265773743391037,0.3158400058746338
516,13,-0.2598566710948944,1.061867356300354,0.3143545687198639,0.3158400058746338
516,14,-0.2726735472679138,1.1142417192459106,0.35484591126441956,0.3158400058746338
516,15,-0.21382415294647217,0.956196665763855,0.2501872777938843,0.4737600088119507
516,16,-0.2271452248096466,1.015766978263855,0.265773743391037,0.3158400058746338
516,17,-0.2492251694202423,1.0644127130508423,0.3143545687198639,-0.3158400058746338
516,18,-0.2615176737308502,1.116912603378296,0.35484591126441956,0.3158400058746338
516,19,-0.9573318362236023,4.491512298583984,1.1726330518722534,-3.611999988555908
519,0,3.5952935218811035,5.609157562255859,0.8033586740493774,1.075760006904602
519,1,0.22985805571079254,0.3508380949497223,0.0548352412879467,1.0768799781799316
519,2,0.008255542255938053,0.41272208094596863,0.09231112897396088,-1.1390399932861328
522,0,-2.9853997230529785,1.372045636177063,0.06572061777114868,0.0
522,1,-2.9573636054992676,1.4314751625061035,0.06572061777114868,0.0
522,2,2.265977382659912,3.2421176433563232,0.0,0.6552000045776367
522,3,0.43717411160469055,0.5518105030059814,0.0,0.7459200024604797
522,4,0.0,1.152000069618225,0.0,0.0
522,5,0.06539089232683182,0.6517277956008911,0.0,2.569000005722046
525,0,-1.2162716388702393,3.6702189445495605,0.0,7.521080017089844
525,1,1.9102309942245483,2.792177200317383,1.848185658454895,0.7896000146865845
528,0,-0.3291419446468353,0.8744406700134277,0.1603848785161972,-0.3158400058746338
528,1,-0.2929309010505676,0.8281039595603943,0.1059153825044632,-0.3158400058746338
528,2,-0.320381224155426,0.8776882886886597,0.1603848785161972,-0.3158400058746338
528,3,-0.2846353352069855,0.830991804599762,0.1059153825044632,-0.3158400058746338
528,4,-0.31158849596977234,0.8808481693267822,0.1603848785161972,-0.3158400058746338
528,5,-0.2771863639354706,0.8364371061325073,0.07952004671096802,-0.3158400058746338
528,6,-0.2948605418205261,0.8897706270217896,0.14166735112667084,-0.3158400058746338
528,7,-2.401036024093628,2.969148874282837,0.975019097328186,-3.87716007232666
528,8,2.0177130699157715,2.7673463821411133,2.1471877098083496,7.9699201583862305
528,9,2.3381268978118896,3.2068026065826416,0.5998073220252991,8.328320503234863
533,0,-2.7027628421783447,1.8922175168991089,1.0933547019958496,0.0
533,1,-0.4924541115760803,0.8600890040397644,0.20090435445308685,0.0
533,2,-0.48382875323295593,0.8649704456329346,0.20090435445308685,0.0
533,3,-0.4751549959182739,0.8697654008865356,0.20090435445308685,0.0
533,4,-0.4576658308506012,0.8790938854217529,0.20090435445308685,0.0
533,5,-0.49405860900878906,0.9489978551864624,0.0965520367026329,0.0
533,6,-0.45137935876846313,0.8886017203330994,0.1710856556892395,0.0
538,0,0.0032143036369234324,0.3214196562767029,0.006429571192711592,0.21615999937057495
541,0,-0.04599948599934578,0.5097246766090393,0.266446590423584,1.0617600679397583
541,1,-0.24795113503932953,1.5364478826522827,0.38085904717445374,-4.7616801261901855
544,0,-3.3530402183532715,5.722722053527832,2.9619719982147217,-4.685800075531006
548,0,-2.7937614917755127,1.6399023532867432,1.0735371112823486,-7.580160140991211
548,1,-2.760406732559204,1.6954458951950073,1.0735371112823486,2.6846401691436768
548,2,-2.7259480953216553,1.750311017036438,1.0735371112823486,2.6846401691436768
548,3,0.00643615098670125,0.32176467776298523,0.2108522206544876,0.28700000047683716
548,4,1.4704947471618652,1.85608971118927,0.0,0.7459200024604797
548,5,0.0,3.136000156402588,0.0,0.0
548,6,0.06539089232683182,0.6517277956008911,0.0,2.569000005722046
548,7,0.2926478683948517,0.6921773552894592,0.0,-6.69704008102417
548,8,0.02554074302315712,0.31857794523239136,0.015993334352970123,0.2886800169944763
548,9,0.0,0.6659666895866394,0.006659889128059149,4.802560329437256
552,0,0.0032143036369234324,0.3214196562767029,0.006429571192711592,0.21615999937057495
552,1,3.5047831535339355,5.349438667297363,0.901239275932312,-2.4357199668884277
552,2,3.4562063217163086,5.392162322998047,0.8373394012451172,-2.2932000160217285
552,3,0.0032143036369234324,0.3214196562767029,0.006429571192711592,0.21615999937057495
556,0,-0.4388968348503113,0.9569923877716064,0.21342052519321442,0.4737600088119507
556,1,-0.36651378870010376,0.8668866157531738,0.11348717659711838,-0.3158400058746338
556,2,-0.35782673954963684,0.8705084323883057,0.11348717659711838,-0.3158400058746338
556,3,-0.3789233863353729,0.9218316078186035,0.1710856556892395,0.6316800117492676
559,0,1.7808278799057007,2.4944746494293213,2.329967737197876,-1.1771200895309448
559,1,-2.832012891769409,1.8994582891464233,0.1364736109972,9.001160621643066
562,0,-2.9510650634765625,5.956347942352295,0.93675297498703,0.8607200384140015
562,1,3.876880407333374,2.121960163116455,2.357365131378174,-5.968480110168457
562,2,-0.16668371856212616,0.8667005300521851,0.061881937086582184,0.3158400058746338
562,3,-0.1785997897386551,0.9286602735519409,0.06630582362413406,0.4737600088119507
562,4,-0.13541673123836517,0.7441726326942444,0.05303416773676872,0.3158400058746338
562,5,-0.14671263098716736,0.8062483072280884,0.0574580542743206,0.3158400058746338
562,6,-0.15800851583480835,0.8683240413665771,0.061881937086582184,0.3158400058746338
562,7,-0.16930441558361053,0.9303997755050659,0.06630582362413406,0.4737600088119507
562,8,-0.12796837091445923,0.7454895973205566,0.05303416773676872,0.3158400058746338
567,0,-0.20320172607898712,0.7958024740219116,0.016428904607892036,0.3158400058746338
567,1,-0.2467753142118454,0.927651584148407,0.31810542941093445,-1.1054400205612183
567,2,-0.19523367285728455,0.7977946400642395,0.016428904607892036,0.3158400058746338
567,3,0.10981105268001556,2.743812084197998,0.1925351768732071,0.35840001702308655
567,4,2.225613594055176,2.8092167377471924,0.0,0.7459200024604797
567,5,0.0,2.56000018119812,0.0,0.0
567,6,-0.21498267352581024,5.371700286865234,0.0,0.0008399999933317304
567,7,0.06539089232683182,0.6517277956008911,0.0,2.569000005722046
570,0,-1.9162009954452515,3.27043080329895,0.5728710889816284,0.6451200246810913
570,1,0.4036630094051361,0.3691703677177429,0.3205081522464752,-4.864720344543457
573,0,3.7502830028533936,1.6783568859100342,0.16443614661693573,0.22708000242710114
573,1,-0.2522818446159363,0.9880157709121704,0.337923139333725,-0.3158400058746338
573,2,-0.21536564826965332,0.9630900621414185,0.2206847071647644,-0.6316800117492676
573,3,-0.17546939849853516,0.9123832583427429,0.1883385181427002,-7.896000385284424
573,4,1.708403468132019,2.1126315593719482,0.05434637889266014,-0.3158400058746338
573,5,1.7471176385879517,2.160505771636963,0.11120034009218216,0.3158400058746338
573,6,0.0032143036369234324,0.3214196562767029,0.006429571192711592,0.21615999937057495
577,0,0.0,2.5737500190734863,0.0,0.0
579,0,1.9465687274932861,2.6144447326660156,2.4268531799316406,-0.001120000029914081
579,1,0.06036243587732315,0.33171728253364563,0.6791635751724243,4.122440338134766
579,2,-0.1852966845035553,0.6695258021354675,0.027802584692835808,0.3158400058746338
579,3,-0.20220866799354553,0.7306331992149353,0.01516398973762989,0.3158400058746338
579,4,-0.17859229445457458,0.6713452339172363,0.027802584692835808,0.3158400058746338
579,5,-0.48568305373191833,0.8890368342399597,2.5305018424987793,4.415319919586182
582,0,0.03702053800225258,0.33519184589385986,0.0134964007884264,0.9909200072288513
582,1,0.00569649925455451,0.5696309208869934,0.4153470993041992,-0.7162400484085083
582,2,0.0032143036369234324,0.3214196562767029,0.006429571192711592,0.21615999937057495
582,3,-0.2065606564283371,0.39676594734191895,0.03586171939969063,-8.59768009185791
582,4,0.02201203815639019,0.366426944732666,0.21018029749393463,-2.7269201278686523
582,5,0.006682889070361853,0.3340999186038971,0.25934842228889465,-2.655240058898926
587,0,-2.4719934463500977,3.0568954944610596,0.19673049449920654,-2.318120002746582
587,1,1.9465687274932861,2.6144447326660156,2.4268531799316406,-0.001120000029914081
590,0,0.013487177900969982,0.4494377374649048,0.0179952010512352,0.3600800037384033
590,1,2.041414260864258,2.9839272499084473,1.319727897644043,-2.936079978942871
590,2,-0.04292793944478035,0.30462223291397095,0.04021899402141571,0.8612800240516663
590,3,-0.009229904040694237,0.3075711727142334,0.043363023549318314,0.14363999664783478
593,0,-1.8036656379699707,2.9418530464172363,0.4160897135734558,0.6316800117492676
593,1,-0.4166395664215088,0.9854452610015869,0.0965520367026329,0.6316800117492676
593,2,0.0,3.848750114440918,0.0,-2.936079978942871
593,3,1.9542945623397827,2.8565847873687744,1.2634069919586182,-3.6582000255584717
593,4,-0.01453475747257471,1.4534273147583008,0.0,0.6316800117492676
593,5,-0.25640207529067993,1.4936901330947876,0.06065382435917854,0.4737600088119507
593,6,-0.26622623205184937,1.5509214401245117,0.14200811088085175,0.4737600088119507
593,7,-0.160981684923172,0.9975351095199585,0.040439214557409286,-0.3158400058746338
593,8,-0.21059928834438324,1.3049943447113037,0.11929129809141159,0.4737600088119507
593,9,-0.22094972431659698,1.3691315650939941,0.09723804891109467,0.6316800117492676
593,10,-0.23100191354751587,1.4314206838607788,0.10166192799806595,0.4737600088119507
593,11,-0.24105413258075714,1.4937100410461426,0.10608582198619843,0.4737600088119507
593,12,-0.18049101531505585,1.1184260845184326,0.10223685204982758,7.580160140991211
593,13,-0.1440671682357788,1.3044147491455078,0.1983417570590973,0.4737600088119507
593,14,-0.13823167979717255,1.3777060508728027,0.12495365738868713,0.4737600088119507
593,15,-0.10765737295150757,1.192961573600769,0.0839838832616806,0.4737600088119507
600,0,1.7125487327575684,1.875553846359253,2.4627525806427,-4.716040134429932
603,0,-0.1884249746799469,0.8426145315170288,0.1930786669254303,0.3158400058746338
603,1,-0.1914764642715454,0.8983498215675354,0.2345389723777771,-0.3158400058746338
603,2,-0.18248353898525238,0.9002196192741394,0.2345389723777771,0.3158400058746338
603,3,0.0,5.88800048828125,0.0,0.0
603,4,0.0,3.848750114440918,0.0,-2.936079978942871
603,5,1.9542945623397827,2.8565847873687744,1.2634069919586182,-3.6582000255584717
606,0,0.0,4.947750091552734,0.0,-2.93887996673584
606,1,0.0032143036369234324,0.3214196562767029,0.006429571192711592,0.21615999937057495
606,2,0.0,3.963750123977661,0.0,0.0
606,3,0.04427069053053856,0.884675920009613,0.5930808782577515,-4.823840141296387
606,4,0.15321290493011475,3.828279733657837,0.26863300800323486,0.35840001702308655
606,5,3.815337657928467,4.815800189971924,0.0,0.7459200024604797
610,0,0.0,3.848750114440918,0.0,-2.936079978942871
610,1,1.9542945623397827,2.8565847873687744,1.2634069919586182,-3.6582000255584717
613,0,0.0,5.056000232696533,0.0,0.0
613,1,0.08663292974233627,0.47608479857444763,0.9747440814971924,4.122440338134766
616,0,0.02554074302315712,0.31857794523239136,0.015993334352970123,0.2886800169944763
616,1,0.0,0.6659666895866394,0.006659889128059149,4.802560329437256
619,0,0.10197728127241135,0.5604085326194763,1.1473900079727173,4.122440338134766
619,1,-0.44328853487968445,0.9926462173461914,0.04350839555263519,-4.440800189971924
619,2,-0.4174502193927765,0.8641876578330994,0.0384097583591938,-3.9387600421905518
619,3,-0.44353020191192627,0.8519418835639954,0.03843975067138672,-5.515439987182617
619,4,-0.46888503432273865,0.8382546305656433,0.03843975067138672,-7.522200107574463
619,5,-0.668096661567688,1.089693307876587,0.0767839103937149,4.3052802085876465
619,6,-0.44328853487968445,0.9926462173461914,0.04350839555263519,-7.164640426635742
619,7,-0.4174502193927765,0.8641876578330994,0.0384097583591938,3.8743600845336914
619,8,-0.294033408164978,0.564785361289978,0.025483202189207077,-6.805680274963379
619,9,-0.8934738636016846,4.1919097900390625,0.1286206990480423,0.0002800000074785203
619,10,-0.025593174621462822,0.6394881010055542,0.0,0.0
623,0,0.0,1.0880000591278076,0.0,0.0
623,1,-0.16727349162101746,0.9192390441894531,0.1603848785161972,1.2633600234985352
623,2,-0.1784338653087616,0.9805700778961182,0.1710856556892395,-0.3158400058746338
623,3,-0.15858392417430878,0.9238428473472595,0.14166735112667084,2.6846401691436768
623,4,-0.16861940920352936,0.9823054075241089,0.1710856556892395,-0.3158400058746338
626,0,0.0764431580901146,0.42008769512176514,0.8600946664810181,4.122440338134766
626,1,-0.467806875705719,0.8363271355628967,0.05756544694304466,-8.02396011352539
630,0,-0.31515878438949585,1.0561169385910034,0.2814220190048218,0.4737600088119507
630,1,-0.3350813686847687,1.1228787899017334,0.2620392441749573,0.4737600088119507
630,2,-0.28764593601226807,1.0003186464309692,0.265773743391037,0.4737600088119507
630,3,-0.30458205938339233,1.0592156648635864,0.2814220190048218,0.4737600088119507
630,4,-0.3238360285758972,1.1261733770370483,0.2620392441749573,0.4737600088119507
630,5,-0.2939748167991638,1.0622085332870483,0.2814220190048218,0.4737600088119507
630,6,-0.30124929547309875,1.1324243545532227,0.2620392441749573,0.4737600088119507
630,7,-0.299093097448349,1.124319076538086,0.29707032442092896,0.4737600088119507
630,8,0.18259982764720917,1.0034637451171875,2.054508924484253,4.122440338134766
634,0,-0.3792264759540558,1.270811915397644,0.053075842559337616,-0.3158400058746338
634,1,-0.2609248459339142,0.9073932766914368,0.08520486950874329,-0.3158400058746338
634,2,-0.2774549424648285,0.9648783206939697,0.12105897068977356,0.3158400058746338
634,3,-0.29474014043807983,1.024989366531372,0.1286008507013321,0.3158400058746338
634,4,-0.3664996325969696,1.2745405435562134,0.053075842559337616,-0.3158400058746338
634,5,-0.25183799862861633,0.9099571108818054,0.08520486950874329,-0.3158400058746338
634,6,-0.26779240369796753,0.9676045775413513,0.12105897068977356,0.3158400058746338
634,7,0.7334309816360474,1.4438587427139282,1.701169490814209,4.429320335388184
634,8,-0.45300599932670593,0.6765771508216858,0.3064785897731781,4.407200336456299
634,9,-1.348587989807129,0.9441530704498291,0.6196503639221191,-4.68664026260376
634,10,0.0032143036369234324,0.3214196562767029,0.006429571192711592,0.21615999937057495
634,11,-1.018592119216919,0.4930368959903717,0.32540878653526306,-4.855760097503662
634,12,-1.5737357139587402,0.7617473006248474,0.5027600526809692,-4.855760097503662
637,0,0.02554074302315712,0.31857794523239136,0.015993334352970123,0.2886800169944763
637,1,0.0,0.6659666895866394,0.006659889128059149,4.802560329437256
640,0,0.0,5.824000358581543,0.0,0.0
642,0,0.41291746497154236,0.6734854578971863,1.0374644994735718,4.390120029449463
642,1,-0.32829803228378296,0.7351505160331726,0.16320686042308807,-6.316800117492676
642,2,-0.3535747826099396,0.7917522192001343,0.17577269673347473,-0.3158400058746338
642,3,-0.3788515329360962,0.8483538031578064,0.1883385181427002,-0.3158400058746338
642,4,-0.3195649981498718,0.7352555990219116,0.17927564680576324,-6.316800117492676
642,5,-0.34416937828063965,0.791865348815918,0.1930786669254303,-0.3158400058746338
642,6,-0.3687737286090851,0.8484750390052795,0.20688170194625854,-0.3158400058746338
648,0,-2.4239797592163086,1.5564193725585938,0.1441524177789688,-4.155760288238525
648,1,-2.5317635536193848,1.6256264448165894,0.15056224167346954,-4.370800018310547
648,2,-0.7024139761924744,0.45101478695869446,0.05014490336179733,-4.155760288238525
648,3,-2.331110715866089,4.477645397186279,0.353945791721344,-4.370240211486816
648,4,1.9465687274932861,2.6144447326660156,2.4268531799316406,-0.001120000029914081
648,5,0.020523499697446823,0.5128138661384583,0.0051324148662388325,0.4309200048446655
648,6,3.292896032333374,2.256643056869507,0.320038378238678,-4.712960243225098
648,7,-3.290743827819824,1.355741024017334,2.182088851928711,5.142480373382568
651,0,-0.3555655777454376,0.7962101101875305,0.1496840864419937,0.6316800117492676
651,1,-0.32829803228378296,0.7351505160331726,0.16320686042308807,-0.3158400058746338
651,2,-0.3475858271121979,0.7997258901596069,0.1496840864419937,-0.3158400058746338
651,3,-0.3724344074726105,0.8568975925445557,0.1603848785161972,0.6316800117492676
651,4,-0.3135303556919098,0.7415689826011658,0.16320686042308807,-0.3158400058746338
651,5,0.02554074302315712,0.31857794523239136,0.015993334352970123,0.2886800169944763
651,6,0.0,0.6658668518066406,0.013319111429154873,4.802560329437256
651,7,0.0,2.293635368347168,0.022937117144465446,0.7168000340461731
651,8,0.02554074302315712,0.31857794523239136,0.015993334352970123,0.2886800169944763
651,9,0.0,0.6657003164291382,0.01997700333595276,4.802560329437256
651,10,0.0,2.2932913303375244,0.04587193951010704,0.7168000340461731
651,11,-2.6921870708465576,0.8945422172546387,0.5162317752838135,-3.42467999458313
654,0,0.020430631935596466,0.4082720875740051,0.10874507576227188,0.35308000445365906
654,1,0.010204918682575226,0.5101779103279114,0.24022985994815826,0.8576400279998779
654,2,-2.2974438667297363,2.960223913192749,1.0775107145309448,-6.1112799644470215
654,3,0.020523499697446823,0.5128138661384583,0.0051324148662388325,0.4309200048446655
654,4,-0.20662005245685577,0.39688003063201904,0.02687886729836464,2.9428000450134277
654,5,-0.26550620794296265,0.5099897384643555,0.03453926742076874,-0.4261600077152252
654,6,-0.37236160039901733,0.6656937599182129,0.09972106665372849,-5.013400077819824
654,7,-0.5673859715461731,0.9254299998283386,0.08702710270881653,-2.7910401821136475
654,8,0.020523499697446823,0.5128138661384583,0.0051324148662388325,0.4309200048446655
658,0,-1.9574285745620728,2.9234743118286133,1.324286937713623,-4.688040256500244
658,1,0.0032143036369234324,0.3214196562767029,0.006429571192711592,0.21615999937057495
658,2,-1.8744574785232544,2.4152119159698486,2.7915523052215576,-5.611200332641602
658,3,0.0032143036369234324,0.3214196562767029,0.006429571192711592,0.21615999937057495
662,0,-0.4231472611427307,0.8330230116844177,0.1603848785161972,-0.4737600088119507
662,1,-0.3883725702762604,0.7838804125785828,0.13221539556980133,-0.4737600088119507
662,2,-0.41479599475860596,0.8372126817703247,0.1603848785161972,-0.4737600088119507
662,3,-0.3805144727230072,0.7877248525619507,0.13221539556980133,-0.4737600088119507
662,4,-0.4064032733440399,0.8413187265396118,0.1603848785161972,-0.4737600088119507
662,5,-0.49493688344955444,1.079184889793396,0.17943784594535828,-0.3158400058746338
662,6,-0.18854370713233948,1.1683253049850464,0.20314572751522064,-0.3158400058746338
662,7,-0.19847531616687775,1.2298672199249268,0.21384648978710175,-0.3158400058746338
662,8,-0.16807711124420166,1.1120976209640503,0.16998587548732758,-0.3158400058746338
662,9,-0.17685121297836304,1.1701523065567017,0.20314572751522064,-0.3158400058746338
662,10,-0.1867687851190567,1.235772728919983,0.18888980150222778,-0.3158400058746338
662,11,-0.1651410460472107,1.171862244606018,0.20314572751522064,-0.3158400058746338
662,12,-0.1744019240140915,1.2375786304473877,0.18888980150222778,-0.3158400058746338
662,13,-0.20225270092487335,1.5470157861709595,0.26781564950942993,4.5838799476623535
662,14,0.0,3.848750114440918,0.0,-2.936079978942871
662,15,1.9542945623397827,2.8565847873687744,1.2634069919586182,-3.6582000255584717
662,16,0.012100499123334885,0.30235111713409424,0.5155021548271179,1.0617600679397583
665,0,-0.4273473918437958,0.652271032333374,0.25841644406318665,-0.6316800117492676
665,1,-0.45611536502838135,0.7116034030914307,0.2614614963531494,-0.6316800117492676
665,2,-0.41421741247177124,0.6606869697570801,0.25841644406318665,-0.6316800117492676
665,3,-0.44443777203559875,0.7248963713645935,0.24450568854808807,-0.6316800117492676
665,4,-0.40758994221687317,0.6647960543632507,0.25841644406318665,-0.6316800117492676
665,5,-0.43716666102409363,0.7293044328689575,0.24450568854808807,-0.6316800117492676
665,6,-0.4034985303878784,0.6731374859809875,0.24276985228061676,-0.6316800117492676
665,7,-0.031888723373413086,0.35336199402809143,0.18471167981624603,1.0617600679397583
665,8,-0.6223012208938599,0.8903768658638,0.06525582820177078,-4.654160022735596
665,9,-0.9539424180984497,1.281244158744812,0.09595740586519241,0.22036001086235046
665,10,-0.6248548030853271,1.117091417312622,0.051226336508989334,-1.7161200046539307
665,11,-0.568620502948761,0.9274435639381409,0.04353838786482811,2.7283201217651367
665,12,-0.9537933468818665,1.2810438871383667,0.0959424078464508,-2.431800127029419
665,13,-0.6249768137931824,1.1173095703125,0.051236338913440704,7.745640277862549
665,14,-0.568620502948761,0.9274435639381409,0.04353838786482811,-1.0707200765609741
665,15,-0.5722759962081909,0.7686263918876648,0.05756544694304466,-5.155640125274658
665,16,1.7198177576065063,2.170790433883667,0.2499297708272934,-0.3158400058746338
665,17,1.7227890491485596,2.087378740310669,0.24424496293067932,-0.3158400058746338
665,18,1.7868568897247314,2.2096478939056396,0.11372967064380646,-0.3158400058746338
665,19,0.0,5.743500232696533,0.0,0.0
665,20,0.007694486994296312,0.3846730589866638,0.0,0.28700000047683716
665,21,0.0,4.4160003662109375,0.0,0.0
665,22,-0.15355904400348663,3.836928606033325,0.0,0.0008399999933317304
665,23,0.06539089232683182,0.6517277956008911,0.0,2.569000005722046
665,24,0.02103533409535885,0.5256028771400452,0.06877092272043228,1.1326000690460205
665,25,0.007694486994296312,0.3846730589866638,0.0,0.28700000047683716
665,26,0.07406836748123169,1.8507214784622192,0.12986639142036438,0.35840001702308655
665,27,0.0,4.160000324249268,0.0,0.0
665,28,-0.07166089117527008,1.7905666828155518,0.0,0.0008399999933317304
665,29,0.06539089232683182,0.6517277956008911,0.0,2.569000005722046
665,30,1.034608244895935,1.1796215772628784,0.26933830976486206,1.433880090713501
665,31,2.81303071975708,5.97524881362915,1.2017807960510254,1.0754799842834473
665,32,3.8763747215270996,1.828694224357605,0.1286206990480423,0.0002800000074785203
670,0,-0.6862362027168274,0.7366238236427307,1.2429262399673462,8.61952018737793
670,1,-0.8085517287254333,0.7697156071662903,2.0889170169830322,-4.681879997253418
670,2,1.2187466621398926,2.0800671577453613,0.9629096388816833,4.3775200843811035
678,0,-0.29164186120033264,0.9427989721298218,0.2206847071647644,-0.3158400058746338
678,1,-0.30509915947914124,0.9863027334213257,0.29687508940696716,-0.3158400058746338
678,2,-0.2821994721889496,0.9456682205200195,0.2206847071647644,-0.3158400058746338
678,3,-0.2727288603782654,0.9484428763389587,0.2206847071647644,-0.3158400058746338
678,4,-0.2537067234516144,0.9537073373794556,0.2206847071647644,-0.3158400058746338
678,5,-0.2441571056842804,0.9561967253684998,0.2206847071647644,-0.3158400058746338
678,6,-0.22085027396678925,0.9024732112884521,0.1883385181427002,-0.3158400058746338
678,7,0.020523499697446823,0.5128138661384583,0.0051324148662388325,0.4309200048446655
680,0,-0.6074005961418152,0.9906954169273376,0.7950165867805481,-7.186760425567627
680,1,0.007694486994296312,0.3846730589866638,0.0,0.28700000047683716
680,2,0.04087871313095093,1.0214227437973022,0.0716739296913147,0.35840001702308655
680,3,0.0,2.496000051498413,0.0,0.0
680,4,-0.1945081353187561,4.860109806060791,0.0,0.0008399999933317304
680,5,0.06539089232683182,0.6517277956008911,0.0,2.569000005722046
684,0,-1.8559892177581787,2.7719717025756836,0.3010481894016266,0.3158400058746338
684,1,-1.8401561975479126,2.8708996772766113,0.1364736109972,-0.3158400058746338
684,2,-0.32974666357040405,0.6826274991035461,0.01516398973762989,0.3158400058746338
684,3,-0.35725274682044983,0.7395694255828857,0.016428904607892036,-7.264320373535156
684,4,-0.32974666357040405,0.6826274991035461,0.01516398973762989,-7.264320373535156
684,5,-0.2970077097415924,0.7657538652420044,0.016428904607892036,0.3158400058746338
684,6,-0.26705852150917053,0.7095019221305847,0.01516398973762989,-0.3158400058746338
684,7,-0.2893354296684265,0.7686855792999268,0.016428904607892036,0.3158400058746338
684,8,-0.28163424134254456,0.7715404629707336,0.016428904607892036,9.033080101013184
687,0,0.0032143036369234324,0.3214196562767029,0.006429571192711592,0.21615999937057495
687,1,-0.32535257935523987,1.015687346458435,0.1286008507013321,-0.3158400058746338
687,2,-0.2439136654138565,1.041727900505066,0.0965520367026329,-0.3158400058746338
687,3,-0.21628572046756744,0.9672045111656189,0.20090435445308685,-0.3158400058746338
687,4,-0.2066030204296112,0.9693189859390259,0.20090435445308685,-0.3158400058746338
687,5,-0.1968996375799179,0.9713365435600281,0.20090435445308685,-0.3158400058746338
690,0,-1.1844799518585205,4.119151592254639,0.1286206990480423,0.0002800000074785203
690,1,-0.025593174621462822,0.6394881010055542,0.0,0.0
690,2,-1.7832390069961548,5.041145324707031,0.0,8.07155990600586
690,3,-1.7791537046432495,5.029596328735352,0.0,-8.557640075683594
690,4,-1.7791537046432495,5.029596328735352,0.0,-8.557080268859863
690,5,-0.05305315926671028,0.8831579685211182,0.0,-0.3158400058746338
690,6,-0.2686404585838318,0.9706688523292542,0.09088967740535736,0.3158400058746338
690,7,-0.28331875801086426,1.0237053632736206,0.16053391993045807,6.316800117492676
690,8,-3.5604195594787598,4.587550163269043,1.1168171167373657,4.541320323944092
695,0,3.419595241546631,5.70474910736084,0.8695534467697144,-0.0711200013756752
695,1,-3.091317653656006,5.658618927001953,1.8541393280029297,0.14336000382900238
695,2,-1.1999815702438354,1.9140002727508545,0.6741323471069336,0.14336000382900238
695,3,-2.688167095184326,5.861412525177002,1.8542773723602295,0.14336000382900238
695,4,0.007694486994296312,0.3846730589866638,0.0,0.28700000047683716
695,5,0.08428055793046951,2.1058900356292725,0.14777176082134247,0.35840001702308655
699,0,1.787034034729004,2.556854724884033,2.3714230060577393,5.5949602127075195
699,1,1.651667833328247,2.3135552406311035,2.9860551357269287,0.16660000383853912
699,2,-2.683474063873291,2.0860836505889893,0.30673301219940186,-0.3158400058746338
699,3,-2.6667520999908447,2.116204261779785,0.23869746923446655,-0.3158400058746338
699,4,-2.6238975524902344,2.16911244392395,0.23869746923446655,-0.3158400058746338
699,5,-0.2966957092285156,0.9591366052627563,0.12105897068977356,-0.3158400058746338
699,6,-0.2699855864048004,0.9047386646270752,0.08520486950874329,-0.3158400058746338
699,7,-0.1417350023984909,0.47496291995048523,0.05976632237434387,-0.3158400058746338
702,0,2.270240068435669,3.180013418197632,0.8327973484992981,6.334160327911377
702,1,2.0466840267181396,2.8668696880340576,1.8338407278060913,5.657959938049316
702,2,-1.8453290462493896,2.3292136192321777,2.8814778327941895,-8.238719940185547
710,0,0.0032143036369234324,0.3214196562767029,0.006429571192711592,0.21615999937057495
710,1,-1.1869786977767944,1.085552453994751,1.6561959981918335,4.421760082244873
715,0,-0.25979429483413696,0.7117096781730652,0.030321914702653885,0.3158400058746338
715,1,0.0,4.121000289916992,0.0,-6.3002800941467285
715,2,0.0,3.848750114440918,0.0,-2.936079978942871
720,0,-2.4925827980041504,1.5309480428695679,2.0012340545654297,-4.684959888458252
720,1,-2.4427573680877686,5.620299339294434,0.8635975122451782,-4.610480308532715
724,0,0.020523499697446823,0.5128138661384583,0.0051324148662388325,0.4309200048446655
729,0,-0.7902761101722717,0.9975033402442932,1.7425085306167603,4.261600017547607
732,0,-1.8501864671707153,5.230403423309326,0.0,-5.69212007522583
732,1,-1.773651123046875,5.014040946960449,0.0,8.070440292358398
732,2,1.7413619756698608,5.254730224609375,0.0,-4.042640209197998
732,3,-1.7799040079116821,5.031717777252197,0.0,6.350680351257324
732,4,1.7413619756698608,5.254730224609375,0.0,-4.042079925537109
732,5,-1.7799040079116821,5.031717777252197,0.0,6.351240158081055
732,6,1.7413619756698608,5.254730224609375,0.0,-4.041520118713379
732,7,1.2349883317947388,3.726698398590088,0.0,-3.9698400497436523
732,8,1.997289776802063,2.85768461227417,1.7710119485855103,6.744080066680908
732,9,-1.8900314569473267,2.3856379985809326,2.7790777683258057,-7.758520126342773
732,10,-0.6982078552246094,1.7480860948562622,0.22697435319423676,0.3158400058746338
732,11,-0.2695164084434509,0.9738338589668274,0.040439214557409286,-0.3158400058746338
735,0,-1.6587268114089966,3.265429735183716,0.14658090472221375,0.0
735,1,-1.772805094718933,3.66998553276062,0.1631164848804474,0.0
735,2,-2.3475582599639893,3.0247955322265625,1.5738849639892578,-3.938199996948242
737,0,0.0,4.6857500076293945,0.0,0.0
742,0,-0.2169763594865799,1.017987608909607,0.265773743391037,-0.3158400058746338
742,1,-0.22508567571640015,1.0560340881347656,0.35781946778297424,-0.3158400058746338
742,2,1.805250644683838,2.1002798080444336,0.2499297708272934,0.3158400058746338
746,0,-2.149681806564331,2.769834518432617,2.198181629180908,4.3825602531433105
748,0,-0.9008142948150635,0.3296360373497009,0.03838976100087166,-5.5806803703308105
748,1,1.5397346019744873,1.9434858560562134,0.0,6.9739603996276855
748,2,-0.9008412957191467,1.8182330131530762,1.479489803314209,5.200720310211182
754,0,0.0,5.89525032043457,0.0,1.5769600868225098
756,0,1.6980241537094116,2.187880039215088,0.2499297708272934,-0.3158400058746338
756,1,0.0,2.346750020980835,0.0,0.0
762,0,2.0321898460388184,3.633071184158325,1.197034478187561,-4.93388032913208
762,1,-2.1883795261383057,2.256833076477051,0.9039593935012817,-4.894680023193359
762,2,-0.567695140838623,0.6217299699783325,0.4066928029060364,3.8886401653289795
765,0,-0.4117107093334198,0.7718783020973206,0.13221539556980133,-0.3158400058746338
768,0,0.0,3.7795002460479736,0.0,0.0
768,1,0.3055836260318756,0.41911596059799194,0.8078122138977051,-4.860800266265869
768,2,2.988015651702881,2.0040907859802246,2.9694461822509766,6.468560218811035
770,0,-0.39653441309928894,0.7089089751243591,0.12276343256235123,0.3158400058746338
770,1,-0.4270649254322052,0.7634902000427246,0.13221539556980133,-0.4737600088119507
770,2,-0.3894256353378296,0.7128388285636902,0.12276343256235123,-0.4737600088119507
770,3,-0.3753247559070587,0.797239363193512,0.07952004671096802,-0.4737600088119507
770,4,1.9465687274932861,2.6144447326660156,2.4268531799316406,-0.001120000029914081
770,5,0.0,3.848750114440918,0.0,-2.936079978942871
770,6,1.9542945623397827,2.8565847873687744,1.2634069919586182,-3.6582000255584717
770,7,0.4956085681915283,4.110228061676025,0.0,4.560640335083008
770,8,1.917197346687317,2.7430899143218994,2.389216423034668,0.0
770,9,0.0,3.848750114440918,0.0,-2.936079978942871
770,10,1.9542945623397827,2.8565847873687744,1.2634069919586182,-3.6582000255584717
775,0,-0.419159471988678,0.8460198044776917,0.08520486950874329,-0.3158400058746338
775,1,-0.4113375246524811,0.8515334129333496,0.06630582362413406,-0.3158400058746338
775,2,-0.37654855847358704,0.7998388409614563,0.035380564630031586,-0.3158400058746338
775,3,-0.4028017818927765,0.8556041717529297,0.06630582362413406,-0.3158400058746338
775,4,-0.39422571659088135,0.8595892786979675,0.06630582362413406,-0.3158400058746338
777,0,1.195572853088379,3.864962100982666,2.480412483215332,5.894840240478516
777,1,-0.06521320343017578,3.260225534439087,1.7814255952835083,-2.8142800331115723
777,2,-1.900962471961975,1.9215975999832153,0.3533826768398285,1.5948799848556519
780,0,-0.3057125508785248,0.6845753788948059,0.11331146955490112,0.3158400058746338
783,0,-3.5289926528930664,5.6288299560546875,0.9362297058105469,0.6453999876976013
783,1,-2.9029242992401123,5.714801788330078,1.9827927350997925,0.6451200246810913
783,2,0.013487177900969982,0.4494377374649048,0.0179952010512352,0.3600800037384033
783,3,2.041414260864258,2.9839272499084473,1.319727897644043,-2.936079978942871
783,4,0.06898071616888046,0.5720773935317993,0.005762403830885887,-4.010159969329834
783,5,-0.8223487138748169,0.4938308000564575,0.03838976100087166,-5.797399997711182
783,6,-0.4842996299266815,0.3109651803970337,0.023033857345581055,-3.360560178756714
789,0,-3.0765013694763184,1.3036129474639893,0.23427358269691467,0.0
789,1,0.0,4.482500076293945,0.0,0.0
789,2,3.4176182746887207,5.968994617462158,2.747222661972046,4.545520305633545
789,3,0.0032143036369234324,0.3214196562767029,0.006429571192711592,0.21615999937057495
795,0,-0.39778900146484375,0.7457777857780457,0.2614614963531494,-0.7896000146865845
795,1,-0.38279488682746887,0.7535838484764099,0.2614614963531494,0.3158400058746338
795,2,-0.41554367542266846,0.7981848120689392,0.2982091009616852,0.3158400058746338
795,3,1.0554957389831543,2.4284861087799072,2.0978457927703857,4.635680198669434
795,4,1.5270167589187622,0.629109799861908,2.9470348358154297,-4.763360023498535
798,0,-2.7938055992126465,3.2503926753997803,0.1286206990480423,0.0002800000074785203
798,1,-0.3613711893558502,0.5282148122787476,0.0,0.0
798,2,2.264035701751709,3.1713225841522217,0.03896685317158699,-5.070800304412842
798,3,1.5897914171218872,3.9803223609924316,0.1286206990480423,0.0005600000149570405
798,4,0.06983348727226257,0.31228721141815186,0.0,0.0
798,5,-0.3613711893558502,0.5282148122787476,0.0,0.0
798,6,1.5551214218139648,0.7720259428024292,1.1128562688827515,-8.954959869384766
798,7,1.5114680528640747,1.3823144435882568,0.0,3.168760061264038
798,8,1.5522511005401611,1.336355209350586,0.0,4.100320339202881
798,9,1.5114680528640747,1.3823144435882568,0.0,2.5236401557922363
798,10,1.5522511005401611,1.336355209350586,0.0,4.100320339202881
798,11,1.5114680528640747,1.3823144435882568,0.0,2.0218801498413086
798,12,1.0391919612884521,0.9503939151763916,0.0,1.5918000936508179
798,13,1.4548035860061646,1.44147527217865,0.0,-6.22104024887085
802,0,-0.38599738478660583,0.706563413143158,0.16320686042308807,-5.3692803382873535
808,0,1.9212312698364258,2.691143274307251,2.1194047927856445,4.541039943695068
808,1,-2.1368210315704346,2.69714093208313,1.9247609376907349,2.1974401473999023
808,2,0.013487177900969982,0.4494377374649048,0.0179952010512352,0.3600800037384033
811,0,-1.7576826810836792,4.531708240509033,0.9853005409240723,-4.693920135498047
814,0,3.1939303874969482,5.846449851989746,0.803298830986023,1.2188400030136108
814,1,-0.2145238220691681,1.6408767700195312,1.2065684795379639,0.0008399999933317304
814,2,3.220040798187256,2.8287346363067627,0.1286206990480423,0.0005600000149570405
814,3,0.5644530057907104,0.3016502261161804,0.0,0.0002800000074785203
814,4,0.13218896090984344,0.8746403455734253,0.01769382134079933,7.513800144195557
814,5,-0.36767446994781494,0.8696319460868835,0.08520486950874329,-0.3158400058746338
814,6,-0.39348432421684265,0.9306779503822327,0.040439214557409286,0.3158400058746338
814,7,-0.3100787401199341,0.7543488144874573,0.09834358096122742,8.559320449829102
814,8,-0.33395275473594666,0.8124285936355591,0.1059153825044632,0.3158400058746338
814,9,-0.3589599132537842,0.8732652068138123,0.08520486950874329,-0.3158400058746338
814,10,-0.38415801525115967,0.9345662593841553,0.040439214557409286,-1.2633600234985352
814,11,-0.350209504365921,0.8768110275268555,0.08520486950874329,-0.3158400058746338
817,0,1.0046128034591675,0.659334659576416,2.303678512573242,-4.727519989013672
817,1,-1.507537603378296,2.067627429962158,0.49211907386779785,-4.7188401222229
817,2,-3.838362455368042,3.173081159591675,2.6563303470611572,-4.876200199127197
820,0,-3.367107391357422,5.746731281280518,0.8031193017959595,0.6453999876976013
820,1,0.020523499697446823,0.5128138661384583,0.0051324148662388325,0.4309200048446655
820,2,2.389600992202759,3.647308111190796,0.7934590578079224,-5.589640140533447
820,3,-0.36443763971328735,1.7978274822235107,1.365786075592041,5.325320243835449
820,4,0.02554074302315712,0.31857794523239136,0.015993334352970123,0.2886800169944763
820,5,0.0,0.6659666895866394,0.006659889128059149,4.802560329437256
824,0,-0.3473929762840271,0.7379085421562195,0.09834358096122742,-8.559320449829102
824,1,-0.3399966061115265,0.7413454651832581,0.09834358096122742,-8.559320449829102
824,2,-0.3148662745952606,0.8901143670082092,0.08520486950874329,-0.3158400058746338
824,3,-0.3364129364490509,0.9510259032249451,0.07072970271110535,-0.4737600088119507
824,4,-0.30594950914382935,0.893218457698822,0.08520486950874329,-0.3158400058746338
824,5,-0.14167232811450958,1.174930453300476,0.20314572751522064,0.3158400058746338
824,6,-0.14961712062358856,1.240818977355957,0.18888980150222778,0.3158400058746338
824,7,-0.11660513281822205,1.0557676553726196,0.16053391993045807,-0.4737600088119507
824,8,-0.12918874621391296,1.169702410697937,0.23855219781398773,0.3158400058746338
824,9,-0.13720166683197021,1.242253065109253,0.18888980150222778,0.3158400058746338
824,10,2.2894253730773926,3.2068870067596436,0.5955109596252441,-0.7963200211524963
824,11,1.9778378009796143,2.7704341411590576,1.9944555759429932,4.04040002822876
824,12,0.013487177900969982,0.4494377374649048,0.0179952010512352,0.3600800037384033
824,13,2.041414260864258,2.9839272499084473,1.319727897644043,-2.936079978942871
824,14,0.0,3.8400001525878906,0.0,0.0
827,0,-0.1637621968984604,0.8515096306800842,0.17577269673347473,0.3158400058746338
827,1,-0.17546939849853516,0.9123832583427429,0.1883385181427002,0.3158400058746338
827,2,-0.188230499625206,0.9787367582321167,0.1710856556892395,0.3158400058746338
827,3,-0.20142269134521484,1.0473318099975586,0.1286008507013321,0.4737600088119507
827,4,-0.15611310303211212,0.8579079508781433,0.1496840864419937,0.3158400058746338
827,5,-0.16633693873882294,0.9140923023223877,0.1883385181427002,0.3158400058746338
827,6,-0.1784338653087616,0.9805700778961182,0.1710856556892395,0.3158400058746338
827,7,2.0241646766662598,3.5352771282196045,2.611144542694092,-3.638320207595825
827,8,0.26214414834976196,0.3448337912559509,1.396357536315918,-7.509320259094238
827,9,0.3213970959186554,1.6711593866348267,0.4164550304412842,-8.0108003616333
827,10,2.2580223083496094,3.1628994941711426,0.8283154368400574,2.488919973373413
830,0,-0.6498957276344299,1.2483330965042114,0.05632498115301132,8.103759765625
830,1,0.07642325758934021,0.4199783205986023,0.8598707318305969,4.122440338134766
834,0,0.30761075019836426,4.387259483337402,0.04398176819086075,7.479920387268066
834,1,0.11957471072673798,5.977939128875732,2.962354898452759,0.0
834,2,0.06539761275053024,0.35938772559165955,0.7358165383338928,4.122440338134766
834,3,-0.3677669167518616,0.781185507774353,0.1930786669254303,-0.3158400058746338
834,4,-0.3940582573413849,0.8370317220687866,0.20688170194625854,-0.4737600088119507
834,5,-0.3342052102088928,0.7287176251411438,0.17927564680576324,-0.3158400058746338
834,6,-0.35993677377700806,0.784824013710022,0.1930786669254303,-0.3158400058746338
834,7,-0.387315958738327,0.8445229530334473,0.1883385181427002,0.3158400058746338
834,8,-0.4113999009132385,0.8970367312431335,0.2206847071647644,0.4737600088119507
834,9,-0.32690146565437317,0.7320232391357422,0.17927564680576324,-0.3158400058746338
837,0,-0.6071403622627258,0.5442118644714355,0.09831365197896957,1.7920000553131104
840,0,-0.3505001664161682,0.7074397802352905,0.22702619433403015,-0.3158400058746338
840,1,-0.40206560492515564,0.8115180730819702,0.28015315532684326,0.4737600088119507
840,2,-0.34340837597846985,0.710909366607666,0.22702619433403015,-0.3158400058746338
840,3,0.0032143036369234324,0.3214196562767029,0.006429571192711592,0.21615999937057495
843,0,0.0,3.972750186920166,0.0,7.383040428161621
843,1,-2.468458890914917,1.9588485956192017,0.0,4.926599979400635
845,0,-2.690398931503296,1.8044764995574951,1.0735371112823486,5.8430399894714355
845,1,-2.653773784637451,1.8579200506210327,1.0735371112823486,5.8430399894714355
845,2,-2.5791735649108887,2.1759212017059326,0.5099949836730957,5.8430399894714355
845,3,-0.2593894898891449,0.8097633719444275,0.24450568854808807,-0.3158400058746338
845,4,-0.2645489275455475,0.8865201473236084,0.20688170194625854,-3.158400058746338
845,5,0.0032143036369234324,0.3214196562767029,0.006429571192711592,0.21615999937057495
852,0,-0.27762994170188904,0.7605706453323364,0.13898330926895142,0.3158400058746338
852,1,-0.27430084347724915,0.8277297019958496,0.1496840864419937,0.3158400058746338
852,2,-0.2288859784603119,0.8963901400566101,0.20688170194625854,-3.7900800704956055
852,3,-0.21382415294647217,0.956196665763855,0.2501872777938843,-8.559320449829102
852,4,-0.20282194018363953,1.1145929098129272,0.10223685204982758,5.3692803382873535
852,5,-0.18100857734680176,1.0544794797897339,0.0965520367026329,0.3158400058746338
855,0,0.09558878093957901,0.5253010392189026,1.0755102634429932,4.122440338134766
855,1,-0.298396497964859,1.0377047061920166,0.35781946778297424,-0.3158400058746338
855,2,-0.3238360285758972,1.1261733770370483,0.2620392441749573,-0.3158400058746338
855,3,-0.2547905743122101,0.9577817320823669,0.20090435445308685,-5.685120105743408
855,4,-0.30124929547309875,1.1324243545532227,0.2620392441749573,-0.3158400058746338
855,5,-0.231158047914505,0.9052882790565491,0.1603848785161972,-5.685120105743408
855,6,-0.24520018696784973,0.9602817296981812,0.20090435445308685,-5.685120105743408
855,7,-0.22209374606609344,0.907554566860199,0.1603848785161972,-0.3158400058746338
858,0,-0.37363845109939575,0.8596678376197815,0.14166735112667084,-0.6316800117492676
858,1,-0.3406691253185272,0.8057582378387451,0.13221539556980133,-0.6316800117492676
858,2,-0.3650232255458832,0.8633611798286438,0.14166735112667084,-0.6316800117492676
858,3,-0.3100787401199341,0.7543488144874573,0.09834358096122742,-0.6316800117492676
858,4,-0.33395275473594666,0.8124285936355591,0.1059153825044632,-0.6316800117492676
858,5,-0.35782673954963684,0.8705084323883057,0.11348717659711838,-0.6316800117492676
858,6,-0.30251991748809814,0.757411777973175,0.09834358096122742,-0.6316800117492676
858,7,-2.555032253265381,1.5343290567398071,0.9546810388565063,0.6451200246810913
858,8,-2.9484903812408447,0.9797049760818481,0.3746393620967865,0.28672000765800476
858,9,0.7977449297904968,2.998798131942749,0.40569007396698,0.28727999329566956
858,10,-1.3758522272109985,2.776982069015503,0.4367350935935974,0.28756001591682434
858,11,-1.1223056316375732,2.8935608863830566,0.40575486421585083,0.28700000047683716
858,12,-2.594888210296631,1.7030439376831055,0.40578728914260864,0.28700000047683716
858,13,2.0478804111480713,1.4034258127212524,0.32457149028778076,0.28700000047683716
858,14,-1.2717775106430054,1.6052645444869995,1.9079070091247559,-4.862760066986084
858,15,-0.7760562300682068,0.4555351138114929,0.2982091009616852,-0.7896000146865845
858,16,-0.044903308153152466,0.49757784605026245,0.26009711623191833,1.0617600679397583
858,17,-0.041355688124895096,0.45826634764671326,0.2395479530096054,0.9909200072288513
858,18,-0.03605419024825096,0.3995199203491211,0.20883965492248535,1.0617600679397583
858,19,-0.035436347126960754,0.3926735520362854,0.20526085793972015,0.9909200072288513
858,20,0.013487177900969982,0.4494377374649048,0.0179952010512352,0.3600800037384033
858,21,2.041414260864258,2.9839272499084473,1.319727897644043,-2.936079978942871
861,0,-0.9152244925498962,1.3094860315322876,0.09597239643335342,1.1519200801849365
861,1,-0.7631837725639343,1.0250353813171387,0.0767689198255539,2.514120101928711
861,2,0.14297518134117126,0.7857095003128052,1.6086748838424683,4.122440338134766
861,3,-0.7731248140335083,1.1800397634506226,0.0,7.387800216674805
861,4,-0.9175904989242554,1.3128712177276611,0.0,1.2236000299453735
861,5,-0.838913083076477,1.3683018684387207,0.0,7.530879974365234
867,0,-0.3111344873905182,1.0058132410049438,0.21342052519321442,0.4737600088119507
867,1,-0.2754361033439636,0.9578576683998108,0.1710856556892395,-6.632640361785889
867,2,-0.29095736145973206,1.0118343830108643,0.21342052519321442,0.4737600088119507
867,3,-0.2658438980579376,0.9605640769004822,0.1710856556892395,0.3158400058746338
867,4,-0.28082460165023804,1.0146933794021606,0.21342052519321442,0.4737600088119507
867,5,-0.2562251389026642,0.9631744027137756,0.1710856556892395,0.3158400058746338
867,6,-0.2721877992153168,1.0231794118881226,0.18174415826797485,0.4737600088119507
870,0,-0.35988256335258484,0.8058770298957825,0.061881937086582184,8.875160217285156
870,1,-0.3518059253692627,0.8094355463981628,0.061881937086582184,0.3158400058746338
870,2,-0.34369412064552307,0.8129130601882935,0.061881937086582184,0.3158400058746338
870,3,-0.31155991554260254,0.7579521536827087,0.0574580542743206,-0.3158400058746338
870,4,0.0,3.848750114440918,0.0,-2.936079978942871
870,5,1.9542945623397827,2.8565847873687744,1.2634069919586182,-3.6582000255584717
870,6,0.9203062057495117,0.4229591488838196,0.7541085481643677,7.132160186767578
870,7,2.728243589401245,3.305614948272705,0.1286206990480423,0.0002800000074785203
874,0,0.7637775540351868,0.5815873742103577,0.0,-8.22920036315918
874,1,-0.5734569430351257,0.7702124714851379,0.0,-0.8548400402069092
876,0,0.013487177900969982,0.4494377374649048,0.0179952010512352,0.3600800037384033
876,1,2.041414260864258,2.9839272499084473,1.319727897644043,-2.936079978942871
881,0,-2.690398931503296,1.8044764995574951,1.0735371112823486,-0.7896000146865845
881,1,-2.653773784637451,1.8579200506210327,1.0735371112823486,-0.7896000146865845
881,2,-2.596850633621216,1.9366852045059204,1.0735371112823486,-0.3158400058746338
881,3,-0.3820682764053345,0.7909414768218994,0.1059153825044632,-0.3158400058746338
881,4,-0.7552573084831238,1.6042661666870117,0.21380601823329926,0.3158400058746338
881,5,-0.33740076422691345,0.3621748089790344,1.1060417890548706,-6.218240261077881
883,0,0.0032143036369234324,0.3214196562767029,0.006429571192711592,0.21615999937057495
886,0,-2.9798011779785156,1.1929230690002441,2.1490836143493652,-4.697000026702881
886,1,1.5550153255462646,0.5867264866828918,0.4599783420562744,-4.758039951324463
890,0,0.0,3.848750114440918,0.0,-2.936079978942871
890,1,1.9542945623397827,2.8565847873687744,1.2634069919586182,-3.6582000255584717
893,0,-0.1456744223833084,0.8486376404762268,0.6410893201828003,-4.771759986877441
893,1,0.08335401117801666,4.167145252227783,0.8448910117149353,-4.788280010223389
893,2,-0.09910621494054794,1.6497877836227417,0.9463082551956177,-4.747680187225342
897,0,-0.28108713030815125,0.5025167465209961,0.023043854162096977,3.1581201553344727
900,0,-0.6962329745292664,1.6937713623046875,0.07329045236110687,0.3158400058746338
900,1,-0.7179198265075684,1.7465304136276245,0.17040973901748657,0.3158400058746338
900,2,-0.3939870595932007,0.9864159226417542,0.16053391993045807,-0.4737600088119507
900,3,-0.37508198618888855,1.060341715812683,0.16998587548732758,-0.4737600088119507
903,0,2.3245763778686523,3.256124258041382,0.0,4.409160137176514
903,1,1.6135473251342773,2.2601583003997803,2.802698850631714,-3.7757999897003174
903,2,2.222439765930176,3.1130576133728027,1.058590292930603,6.252960205078125
903,3,-0.28146523237228394,0.7710774540901184,0.032851241528987885,-4.5796799659729
903,4,0.020523499697446823,0.5128138661384583,0.0051324148662388325,0.4309200048446655
907,0,-0.28868457674980164,0.7669564485549927,0.0574580542743206,-0.3158400058746338
907,1,-0.28100070357322693,0.7698048949241638,0.0574580542743206,-0.3158400058746338
907,2,-0.30215099453926086,0.8277463912963867,0.07952004671096802,-0.3158400058746338
907,3,-0.273288756608963,0.7725763916969299,0.0574580542743206,0.3158400058746338
907,4,-0.2655494213104248,0.7752705812454224,0.0574580542743206,0.3158400058746338
907,5,-0.25778359174728394,0.7778872847557068,0.0574580542743206,0.3158400058746338
907,6,-0.2355852574110031,0.9626856446266174,0.20090435445308685,-0.4737600088119507
907,7,-0.29993200302124023,1.225629448890686,0.21659570932388306,6.526240348815918
907,8,-0.5343287587165833,0.871512234210968,0.3731585443019867,8.53439998626709
907,9,3.332750082015991,2.0013585090637207,0.0,4.175920009613037
907,10,0.02554074302315712,0.31857794523239136,0.015993334352970123,0.2886800169944763
907,11,0.0,0.6659666895866394,0.006659889128059149,4.802560329437256
907,12,0.0,2.293750047683716,0.0,0.7168000340461731
907,13,-2.1415655612945557,0.711585283279419,0.4106490910053253,0.7327600121498108
907,14,-0.16213975846767426,0.8910269737243652,0.28015315532684326,0.3158400058746338
907,15,-0.17399299144744873,0.9561655521392822,0.2794646620750427,5.3692803382873535
907,16,-0.1522430181503296,0.8869034051895142,0.2982091009616852,5.3692803382873535
907,17,-0.16442279517650604,0.9578576683998108,0.2794646620750427,5.3692803382873535
907,18,-0.1433665156364441,0.8883814215660095,0.2982091009616852,5.3692803382873535
913,0,2.08943247795105,2.989520788192749,1.8988360166549683,0.0
916,0,-0.4075585901737213,0.7828469276428223,0.061881937086582184,0.3158400058746338
916,1,-0.35331183671951294,0.7314110994338989,0.12276343256235123,0.3158400058746338
916,2,-0.15003256499767303,0.9927042126655579,0.12105897068977356,0.3158400058746338
916,3,-0.9104130268096924,1.0808804035186768,1.3703422546386719,2.77620005607605
916,4,0.013487177900969982,0.4494377374649048,0.0179952010512352,0.3600800037384033
916,5,2.041414260864258,2.9839272499084473,1.319727897644043,-2.936079978942871
918,0,1.917197346687317,2.7430899143218994,2.389216423034668,0.0
921,0,-0.24168631434440613,4.023270606994629,0.1613069772720337,4.431560039520264
924,0,0.007694486994296312,0.3846730589866638,0.0,0.28700000047683716
924,1,0.0,2.111999988555908,0.0,0.0
926,0,-0.3487095236778259,0.8023113012313843,0.13221539556980133,-0.3158400058746338
926,1,-0.2741827666759491,1.0306787490844727,0.1286008507013321,-0.3158400058746338
926,2,-0.29171299934387207,1.0965765714645386,0.07955998927354813,-0.3158400058746338
926,3,-0.2441571056842804,0.9561967253684998,0.2206847071647644,-0.3158400058746338
926,4,-0.2638624608516693,1.0333690643310547,0.1286008507013321,-0.3158400058746338
926,5,-0.2807328402996063,1.0994387865066528,0.07955998927354813,-0.3158400058746338
926,6,2.761162519454956,3.278167724609375,0.1286206990480423,0.0002800000074785203
926,7,0.5644530057907104,0.3016502261161804,0.0,0.0
926,8,0.5292639136314392,0.5568552613258362,0.0,1.3773200511932373
926,9,-0.44110795855522156,0.6311289668083191,0.0,-0.926800012588501
926,10,-0.3444325029850006,0.4626087546348572,0.0,0.07699999958276749
926,11,-0.3444325029850006,0.4626087546348572,0.0,-6.875960350036621
929,0,0.007694486994296312,0.3846730589866638,0.0,0.28700000047683716
932,0,1.8345823287963867,2.569770574569702,2.0686535835266113,-3.776360034942627
932,1,-2.7937614917755127,1.6399023532867432,1.0735371112823486,7.264320373535156
932,2,-2.760406732559204,1.6954458951950073,1.0735371112823486,7.264320373535156
932,3,-2.7259480953216553,1.750311017036438,1.0735371112823486,7.264320373535156
932,4,-2.690398931503296,1.8044764995574951,1.0735371112823486,7.264320373535156
932,5,-2.653773784637451,1.8579200506210327,1.0735371112823486,-4.105920314788818
932,6,-0.28538084030151367,1.0727733373641968,0.24823620915412903,-0.3158400058746338
932,7,0.0385589599609375,3.8557674884796143,0.582771360874176,1.5783600807189941
932,8,-2.9434731006622314,5.941024303436279,1.0699812173843384,2.2943201065063477
935,0,-0.3039649724960327,0.7610297203063965,0.0574580542743206,-0.4737600088119507
935,1,-0.6626182198524475,1.7083814144134521,0.03665255755186081,-0.3158400058746338
935,2,-0.68548583984375,1.7673393487930298,0.037917472422122955,-0.3158400058746338
935,3,-0.28868457674980164,0.7669564485549927,0.0574580542743206,-0.3158400058746338
935,4,-0.3114253282546997,0.8273724913597107,0.035380564630031586,-0.4737600088119507
935,5,-0.34034618735313416,0.8774904012680054,0.11348717659711838,0.4737600088119507
935,6,-0.6451141238212585,1.7138930559158325,0.07329045236110687,-0.3158400058746338
935,7,-0.3561660647392273,0.9462364912033081,0.020223651081323624,-0.3158400058746338
935,8,-0.2721877992153168,1.0231794118881226,0.18174415826797485,0.4737600088119507
935,9,-0.28914546966552734,1.0869250297546387,0.16998587548732758,0.4737600088119507
935,10,-0.24520018696784973,0.9602817296981812,0.20090435445308685,0.4737600088119507
935,11,-0.2619425654411316,1.0258501768112183,0.18174415826797485,0.4737600088119507
935,12,-0.2782619595527649,1.0897620916366577,0.16998587548732758,0.4737600088119507
935,13,-0.2355852574110031,0.9626856446266174,0.20090435445308685,0.3158400058746338
935,14,-0.25167110562324524,1.0284181833267212,0.18174415826797485,0.4737600088119507
935,15,-0.17298465967178345,0.7068772315979004,0.10998646914958954,0.4737600088119507
935,16,0.5226322412490845,0.8524348139762878,0.15111930668354034,1.4361200332641602
935,17,-0.16773605346679688,1.0393890142440796,0.21342052519321442,-0.3158400058746338
935,18,-0.19847531616687775,1.2298672199249268,0.21384648978710175,0.4737600088119507
935,19,-0.20908068120479584,1.2955842018127441,0.1983417570590973,0.4737600088119507
935,20,-0.14810699224472046,0.979963481426239,0.20090435445308685,-0.3158400058746338
935,21,-0.15733394026756287,1.0410144329071045,0.21342052519321442,-0.3158400058746338
935,22,-0.16753549873828888,1.1085140705108643,0.19244492053985596,-0.4737600088119507
935,23,-0.17685121297836304,1.1701523065567017,0.20314572751522064,-0.4737600088119507
935,24,-0.15821979939937592,1.0468758344650269,0.18174415826797485,0.4737600088119507
935,25,-0.12307275831699371,1.1143269538879395,0.19244492053985596,-0.4737600088119507
935,26,-0.12991614639759064,1.1762884855270386,0.20314572751522064,-0.4737600088119507
935,27,-0.13675953447818756,1.2382498979568481,0.21384648978710175,-0.4737600088119507
935,28,-0.1440671682357788,1.3044147491455078,0.1983417570590973,-0.3158400058746338
935,29,-0.09894413501024246,0.9861410856246948,0.20090435445308685,-0.4737600088119507
935,30,-0.10510827600955963,1.047576904296875,0.21342052519321442,-0.4737600088119507
935,31,-0.11192352324724197,1.1155019998550415,0.19244492053985596,-0.4737600088119507
935,32,-0.11814695596694946,1.177528738975525,0.20314572751522064,-0.4737600088119507
935,33,-0.06226300820708275,1.2442224025726318,0.21384648978710175,-0.4737600088119507
935,34,-0.04233929142355919,1.0579177141189575,0.18174415826797485,-0.4737600088119507
935,35,-0.04483215510845184,1.1202059984207153,0.19244492053985596,-0.4737600088119507
935,36,-0.0473250187933445,1.1824944019317627,0.20314572751522064,-0.4737600088119507
935,37,-0.04981788247823715,1.24478280544281,0.21384648978710175,-0.4737600088119507
935,38,-0.03373675048351288,1.1242210865020752,0.16998587548732758,-0.4737600088119507
935,39,-0.03561266511678696,1.1867327690124512,0.17943784594535828,-0.4737600088119507
935,40,-2.337224006652832,2.890238046646118,1.273164987564087,2.931879997253418
935,41,1.9465687274932861,2.6144447326660156,2.4268531799316406,-0.001120000029914081
938,0,1.605721354484558,2.297435998916626,2.772854804992676,-6.326879978179932
938,1,-2.402358055114746,3.0954041481018066,1.3421052694320679,-2.0521199703216553
938,2,-0.3325662910938263,0.7447083592414856,0.09834358096122742,6.158880233764648
938,3,-0.2988516390323639,0.6875982284545898,0.11331146955490112,6.158880233764648
941,0,0.013487177900969982,0.4494377374649048,0.0179952010512352,0.3600800037384033
941,1,2.041414260864258,2.9839272499084473,1.319727897644043,-2.936079978942871
941,2,-0.24957455694675446,0.9774131178855896,0.07072970271110535,0.4737600088119507
941,3,-0.23978810012340546,0.9798599481582642,0.07072970271110535,0.4737600088119507
941,4,-2.0712249279022217,2.668743848800659,2.26188588142395,4.665640354156494
944,0,-0.19514331221580505,0.4039773643016815,0.01795521192252636,-2.7918801307678223
944,1,-0.2070576697587967,0.397720605134964,0.017945215106010437,0.9357600212097168
944,2,-0.15349534153938293,0.42050236463546753,0.01791522279381752,-4.8714399337768555
944,3,-0.26600274443626404,0.5109435319900513,0.0230538509786129,-5.515439987182617
944,4,2.575683355331421,1.7275357246398926,0.5004981756210327,-4.702879905700684
944,5,-0.2755737006664276,1.6053757667541504,1.212754726409912,5.8326802253723145
948,0,-0.2841222882270813,0.6912028193473816,0.12828251719474792,0.3158400058746338
948,1,-0.307822585105896,0.7488600611686707,0.13898330926895142,0.3158400058746338
948,2,-0.332594633102417,0.8091246485710144,0.13221539556980133,0.4737600088119507
948,3,-0.27719616889953613,0.6940093636512756,0.12828251719474792,0.3158400058746338
948,4,-0.30031871795654297,0.7519007325172424,0.13898330926895142,0.3158400058746338
948,5,-0.3244869112968445,0.8124099969863892,0.13221539556980133,0.4737600088119507
948,6,-0.2702423632144928,0.6967466473579407,0.12828251719474792,-0.3158400058746338
948,7,-1.875020146369934,2.51834774017334,2.10221004486084,-4.692240238189697
951,0,-0.5833593010902405,0.8171340227127075,0.0,6.4679999351501465
954,0,0.02554074302315712,0.31857794523239136,0.015993334352970123,0.2886800169944763
954,1,0.0,0.6657003164291382,0.01997700333595276,4.802560329437256
954,2,0.0,2.2932913303375244,0.04587193951010704,0.7168000340461731
954,3,0.061881937086582184,0.8825833201408386,0.0,-0.295960009098053
954,4,-0.27086588740348816,0.9076886773109436,0.037909891456365585,-0.3158400058746338
954,5,-0.28893789649009705,0.9682490825653076,0.040439214557409286,-0.3158400058746338
954,6,-0.3064318895339966,1.0268726348876953,0.07513611018657684,0.4737600088119507
954,7,-0.3216181993484497,1.0777629613876343,0.16998587548732758,0.4737600088119507
954,8,-0.24431011080741882,0.8496137857437134,0.035380564630031586,-0.3158400058746338
954,9,-0.2617756128311157,0.9103518724441528,0.037909891456365585,-0.3158400058746338
954,10,-0.279241144657135,0.9710900187492371,0.040439214557409286,-0.3158400058746338
954,11,-0.5584132075309753,1.9419399499893188,0.0808684378862381,-0.3292800188064575
954,12,-0.4720280170440674,2.0159785747528076,0.24965980648994446,-0.3158400058746338
954,13,0.02554074302315712,0.31857794523239136,0.015993334352970123,0.2886800169944763
954,14,0.0,0.6658668518066406,0.013319111429154873,4.802560329437256
954,15,0.0,2.293635368347168,0.022937117144465446,0.7168000340461731
954,16,-0.18253056704998016,0.4087366461753845,0.01791522279381752,-8.741600036621094
958,0,-1.6570470333099365,1.48529851436615,0.4976181089878082,7.472640037536621
958,1,-3.3111283779144287,1.174235463142395,2.105901002883911,0.017079999670386314
961,0,0.0,2.038250207901001,0.0,0.0
964,0,3.5649518966674805,5.561820983886719,1.202138900756836,1.433880090713501
964,1,-2.267543315887451,2.804070472717285,1.5246702432632446,-3.0279200077056885
964,2,1.9465687274932861,2.6144447326660156,2.4268531799316406,-0.001120000029914081
964,3,0.14267663657665253,0.7840688824653625,1.605315923690796,4.122440338134766
964,4,-0.7010465264320374,1.070024847984314,0.051196347922086716,2.9436399936676025
964,5,-0.7808246612548828,1.3959283828735352,0.06401292979717255,2.943080186843872
967,0,-0.1285628378391266,4.28414249420166,0.1286206990480423,0.0
967,1,0.27260127663612366,0.5790411233901978,0.0,0.0
970,0,-0.37945419549942017,1.2715749740600586,0.026543229818344116,0.0
972,0,3.7782294750213623,1.382571816444397,0.5669637322425842,1.5775200128555298
972,1,1.7860745191574097,2.501823902130127,2.435351610183716,8.51200008392334
972,2,0.07546796649694443,0.4147286117076874,0.8491224050521851,4.122440338134766
972,3,-0.22721895575523376,0.970426619052887,0.1710856556892395,0.3158400058746338
972,4,-0.24137452244758606,1.0308834314346313,0.18174415826797485,0.3158400058746338
972,5,-0.2564125061035156,1.095108985900879,0.16998587548732758,0.3158400058746338
972,6,-0.2027578353881836,0.9067094326019287,0.1883385181427002,0.3158400058746338
972,7,-0.21750348806381226,0.9726502895355225,0.1710856556892395,0.3158400058746338
972,8,-0.23105379939079285,1.0332456827163696,0.18174415826797485,0.3158400058746338
972,9,-0.1936807632446289,0.9086916446685791,0.1883385181427002,0.3158400058746338
975,0,-0.3074401319026947,1.1556963920593262,0.10792167484760284,-0.3158400058746338
975,1,-0.2782619595527649,1.0897620916366577,0.16998587548732758,0.3158400058746338
975,2,-0.23767761886119843,0.9712358117103577,0.15111930668354034,0.3158400058746338
975,3,-0.25167110562324524,1.0284181833267212,0.18174415826797485,-1.579200029373169
975,4,-0.26735058426856995,1.0924901962280273,0.16998587548732758,0.3158400058746338
975,5,0.0,3.848750114440918,0.0,-2.936079978942871
978,0,-0.2864677608013153,0.8363415598869324,0.035380564630031586,-0.3158400058746338
978,1,0.5397851467132568,0.7249877452850342,0.6317296028137207,7.640920162200928
978,2,0.0032143036369234324,0.3214196562767029,0.006429571192711592,0.21615999937057495
981,0,-2.6131346225738525,2.0736560821533203,0.3010481894016266,0.0
981,1,-2.571141481399536,2.125500440597534,0.3010481894016266,0.0
981,2,-2.6294374465942383,2.044076681137085,0.744763195514679,0.0
981,3,-2.5880327224731445,2.0962531566619873,0.744763195514679,0.0
984,0,-1.8496021032333374,1.7258360385894775,0.9234238266944885,6.469120025634766
986,0,-0.6492289900779724,0.871982216835022,0.04350839555263519,-8.954680442810059
986,1,-0.34707432985305786,0.4661570191383362,0.4237423837184906,-2.4791200160980225
989,0,0.0,0.9600000381469727,0.0,0.0
991,0,0.07895965874195099,3.9474565982818604,0.9662017822265625,0.06300000101327896
991,1,-2.400297164916992,2.9682352542877197,0.03817436471581459,-1.4302400350570679
994,0,-0.4006318151950836,1.0643699169158936,0.02274848334491253,0.3158400058746338
994,1,1.743355631828308,2.246288776397705,0.05687620863318443,0.3158400058746338
994,2,0.0,3.848750114440918,0.0,-2.936079978942871
994,3,1.9542945623397827,2.8565847873687744,1.2634069919586182,-3.6582000255584717
1001,0,-3.083437442779541,1.3065520524978638,0.06698553264141083,0.0
1001,1,2.08652400970459,3.6441898345947266,0.0,3.0634801387786865
1001,2,-1.764773964881897,0.7065033912658691,2.6582419872283936,8.438920021057129
1004,0,-0.3350103497505188,0.8150014877319336,0.07952004671096802,1.2633600234985352
1004,1,-0.3258119225502014,0.8157274127006531,0.1059153825044632,1.2633600234985352
1004,2,-0.31763848662376404,0.8189447522163391,0.1059153825044632,8.685600280761719
1004,3,0.020523499697446823,0.5128138661384583,0.0051324148662388325,0.4309200048446655
1009,0,-2.0204129219055176,3.612016439437866,0.1656358242034912,-0.4258800148963928
1009,1,1.9465687274932861,2.6144447326660156,2.4268531799316406,-0.001120000029914081
1011,0,-0.09583152085542679,0.9551187753677368,0.31810542941093445,6.000960350036621
1011,1,-0.04170151427388191,0.833335280418396,0.2765040099620819,-9.060800552368164
1013,0,-1.9218369722366333,2.476259708404541,2.5870463848114014,-8.635479927062988
1013,1,2.016040325164795,2.823945999145508,1.7190780639648438,-5.5283203125
1013,2,0.0,3.848750114440918,0.0,-2.936079978942871
1016,0,-2.7937614917755127,1.6399023532867432,1.0735371112823486,6.000960350036621
1016,1,-2.760406732559204,1.6954458951950073,1.0735371112823486,6.000960350036621
1016,2,-2.7259480953216553,1.750311017036438,1.0735371112823486,6.000960350036621
1016,3,-2.690398931503296,1.8044764995574951,1.0735371112823486,6.000960350036621
1016,4,-0.1936807632446289,0.9086916446685791,0.1883385181427002,2.6846401691436768
1020,0,-0.24122878909111023,1.0302610397338867,0.6932503581047058,4.446680068969727
1022,0,-0.31301140785217285,0.700919508934021,0.03072180785238743,0.2184000015258789
1022,1,-0.31301140785217285,0.700919508934021,0.03072180785238743,0.935200035572052
1022,2,-0.31259649991989136,0.6999903917312622,0.04605235531926155,-0.8568000197410583
1022,3,-0.31259649991989136,0.6999903917312622,0.04605235531926155,-4.010720252990723
1022,4,-0.31259649991989136,0.6999903917312622,0.04605235531926155,-7.594720363616943
1022,5,0.26161032915115356,1.4376602172851562,2.9434897899627686,4.122440338134766
1025,0,0.00775832450017333,0.38786453008651733,0.16861173510551453,-1.213800072669983
1028,0,-0.16854055225849152,0.6089814901351929,0.012639157474040985,0.7896000146865845
1028,1,-0.28757190704345703,0.6995949149131775,0.05303416773676872,0.6316800117492676
1028,2,-0.25725093483924866,0.6440728902816772,0.04862776771187782,0.6316800117492676
1028,3,-0.2805617153644562,0.7024355530738831,0.05303416773676872,0.6316800117492676
1028,4,-0.3039649724960327,0.7610297203063965,0.0574580542743206,0.6316800117492676
1028,5,-0.46727293729782104,0.8353726267814636,0.07673808187246323,-5.3001203536987305
1028,6,-0.5655064582824707,0.922364354133606,0.11949368566274643,-6.876800060272217
1028,7,-0.5959100127220154,0.9095524549484253,0.043518394231796265,-3.292520046234131
1028,8,-0.353512167930603,0.6790333986282349,0.061374481767416,-7.809200286865234
1028,9,-0.46727293729782104,0.8353726267814636,0.07673808187246323,3.588200092315674
1028,10,-0.5653765797615051,0.922152578830719,0.11946623772382736,-2.217600107192993
1028,11,-0.5927825570106506,0.9047788977622986,0.11946623772382736,7.387800216674805
1028,12,0.0,1.8560000658035278,0.0,0.0
1028,13,1.3102105855941772,1.5874873399734497,1.4386134147644043,-6.345920085906982
1028,14,0.9952149987220764,2.008714437484741,1.566792607307434,-2.8828799724578857
1031,0,-1.784156084060669,5.043737888336182,0.0,8.359399795532227
1031,1,-1.784156084060669,5.043737888336182,0.0,8.360520362854004
1031,2,0.14163902401924133,0.9371675848960876,0.018958736211061478,-7.394520282745361
1031,3,-0.32688596844673157,0.9543424248695374,0.07072970271110535,0.6316800117492676
1031,4,-0.25737056136131287,0.7766409516334534,0.07383523136377335,0.7896000146865845
1031,5,-0.2970021963119507,0.8962332010269165,0.08520486950874329,0.7896000146865845
1031,6,-0.316817969083786,0.9560292959213257,0.09088967740535736,0.6316800117492676
1031,7,-0.24999195337295532,0.7804261445999146,0.0574580542743206,0.7896000146865845
1031,8,-0.2880251407623291,0.8991583585739136,0.08520486950874329,0.7896000146865845
1031,9,-0.3072420060634613,0.9591495990753174,0.09088967740535736,0.6316800117492676
1034,0,-0.9591041207313538,0.6158336400985718,0.3777158260345459,0.0
1034,1,-0.381700724363327,0.9285882115364075,0.12105897068977356,0.0
1036,0,-0.14860765635967255,0.8657253980636597,0.1059153825044632,0.3158400058746338
1036,1,-0.1393740028142929,0.8636415004730225,0.13221539556980133,0.3158400058746338
1036,2,-0.14933772385120392,0.9253824353218079,0.14166735112667084,-0.3158400058746338
1036,3,-0.12188059091567993,0.806434154510498,0.09834358096122742,0.3158400058746338
1036,4,-0.1307307630777359,0.864992082118988,0.13221539556980133,0.3158400058746338
1036,5,-0.14007657766342163,0.9268295764923096,0.14166735112667084,-0.3158400058746338
1036,6,-0.14942240715026855,0.9886670708656311,0.15111930668354034,-0.3158400058746338
1036,7,-2.338913679122925,3.0136568546295166,1.3925081491470337,1.5542800426483154
1036,8,-2.585413694381714,3.1971523761749268,0.1645561158657074,7.094079971313477
1036,9,0.0032143036369234324,0.3214196562767029,0.006429571192711592,0.21615999937057495
1036,10,-0.9274482131004333,1.5829002857208252,1.3659353256225586,-8.761199951171875
1041,0,-0.32741791009902954,0.9880157113075256,0.265773743391037,0.3158400058746338
1041,1,-0.3175215721130371,0.991240382194519,0.265773743391037,0.3158400058746338
1041,2,-0.307593435049057,0.9943660497665405,0.265773743391037,0.3158400058746338
1041,3,-0.2997802793979645,1.0045826435089111,0.23443318903446198,0.3158400058746338
1041,4,-0.3174307942390442,1.0637305974960327,0.24823620915412903,0.3158400058746338
1041,5,-0.1209997907280922,0.8586301803588867,0.17577269673347473,-0.9475200176239014
1041,6,-0.13037994503974915,0.9251929521560669,0.1603848785161972,-0.9475200176239014
1041,7,-0.1400981843471527,0.9941548705101013,0.12105897068977356,-0.9475200176239014
1041,8,-0.14929750561714172,1.059434413909912,0.0965520367026329,-0.4737600088119507
1041,9,-0.10437165945768356,0.7983310222625732,0.16320686042308807,-1.1054400205612183
1041,10,-0.1130404844880104,0.8646382093429565,0.1496840864419937,-1.1054400205612183
1041,11,-0.12151321768760681,0.9294455647468567,0.14166735112667084,-0.9475200176239014
1041,12,-0.130561962723732,0.9986587166786194,0.09088967740535736,-1.1054400205612183
1041,13,-0.06406759470701218,0.7991357445716858,0.17927564680576324,-1.1054400205612183
1041,14,-0.06143692135810852,0.8762363791465759,0.1059153825044632,-1.1054400205612183
1041,15,-0.0661434456706047,0.9433625340461731,0.06630582362413406,-1.1054400205612183
1041,16,-0.05607316642999649,0.799736499786377,0.17927564680576324,-1.1054400205612183
1041,17,-0.052671633660793304,0.8768068552017212,0.1059153825044632,-1.1054400205612183
1041,18,-0.05680041015148163,0.945537269115448,0.037909891456365585,-1.1054400205612183
1041,19,0.013487177900969982,0.4494377374649048,0.0179952010512352,0.3600800037384033
1041,20,2.041414260864258,2.9839272499084473,1.319727897644043,-2.936079978942871
1041,21,3.4903507232666016,4.993927955627441,2.2240352630615234,-6.657279968261719
1041,22,0.035999398678541183,3.599820137023926,0.0,0.21252000331878662
1044,0,-0.3173263967037201,0.9575635194778442,0.07072970271110535,-0.6316800117492676
1044,1,-0.30773505568504333,0.9606888294219971,0.07072970271110535,-0.6316800117492676
1044,2,-0.2986057698726654,0.9653113484382629,0.040439214557409286,-0.6316800117492676
1044,3,-0.279241144657135,0.9710900187492371,0.040439214557409286,-0.6316800117492676
1044,4,-0.29614803194999695,1.0298855304718018,0.07513611018657684,-0.6316800117492676
1044,5,-0.7747347950935364,1.3850411176681519,0.20747946202754974,2.513000011444092
1044,6,-0.6046249270439148,1.4709105491638184,0.17564527690410614,-7.81003999710083
1044,7,-0.5709607005119324,1.2785396575927734,0.15465018153190613,3.6590402126312256
1044,8,-0.6084497570991516,1.2595866918563843,0.18288137018680573,6.956600189208984
1044,9,-0.5873489379882812,1.1281919479370117,0.16628819704055786,-4.941999912261963
1044,10,-0.7747347950935364,1.3850411176681519,0.20747946202754974,4.735080242156982
1044,11,-0.6771799325942993,1.647419810295105,0.19672271609306335,-9.17195987701416
1044,12,0.0,3.848750114440918,0.0,-2.936079978942871
1044,13,1.9542945623397827,2.8565847873687744,1.2634069919586182,-3.6582000255584717
1044,14,2.2971224784851074,3.2176687717437744,0.0,2.4021201133728027
1044,15,0.0,3.848750114440918,0.0,-2.936079978942871
1044,16,1.9542945623397827,2.8565847873687744,1.2634069919586182,-3.6582000255584717
1048,0,0.015546940267086029,0.3884661793708801,0.662326455116272,1.203160047531128
1048,1,2.312901020050049,2.433476209640503,2.3464651107788086,0.017079999670386314
1048,2,-0.18732547760009766,0.5295616388320923,0.050691500306129456,-2.1478800773620605
1048,3,0.04789639264345169,0.6831162571907043,0.16758036613464355,-2.1478800773620605
1048,4,0.041439544409513474,0.8281001448631287,0.16807425022125244,-1.7900400161743164
1048,5,-0.17111283540725708,0.8028097748756409,0.032851241528987885,0.4737600088119507
1051,0,-0.3120749592781067,0.7592051029205322,0.032851241528987885,0.4737600088119507
1051,1,-0.35953599214553833,0.8746666312217712,0.06630582362413406,0.7896000146865845
1051,2,-0.3507715165615082,0.8782181143760681,0.06630582362413406,0.9475200176239014
1051,3,-0.37417474389076233,0.9368122220039368,0.07072970271110535,0.7896000146865845
1051,4,-0.3114253282546997,0.8273724913597107,0.035380564630031586,0.4737600088119507
1051,5,-0.3331381380558014,0.8850575089454651,0.06630582362413406,0.9475200176239014
1051,6,-0.3642036020755768,0.9390002489089966,0.09088967740535736,0.7896000146865845
1051,7,1.9086123704910278,2.1327245235443115,0.7003908157348633,-4.78380012512207
1054,0,0.0491139180958271,0.4446878731250763,0.017905225977301598,0.9909200072288513
1054,1,0.06068626046180725,0.5494663119316101,0.022124098613858223,1.0617600679397583
1054,2,-1.3836495876312256,2.792719841003418,2.789182186126709,1.4503999948501587
1054,3,0.013487177900969982,0.4494377374649048,0.0179952010512352,0.3600800037384033
1054,4,2.041414260864258,2.9839272499084473,1.319727897644043,-2.936079978942871
1054,5,1.271779179573059,1.605266809463501,0.0,0.7459200024604797
1054,6,0.0,0.7040000557899475,0.0,0.0
1054,7,0.06539089232683182,0.6517277956008911,0.0,2.569000005722046
1054,8,1.3390003442764282,4.040565013885498,2.728379726409912,0.03920000046491623
1054,9,1.5904486179351807,4.799334526062012,0.0,0.04004000127315521
1054,10,1.5904486179351807,4.799334526062012,0.0,0.0406000018119812
1054,11,0.007694486994296312,0.3846730589866638,0.0,0.28700000047683716
1054,12,1.3115222454071045,1.6554312705993652,0.0,0.7459200024604797
1054,13,-0.09213542938232422,2.302157163619995,0.0,0.0008399999933317304
1054,14,0.06539089232683182,0.6517277956008911,0.0,2.569000005722046
1059,0,0.013487177900969982,0.4494377374649048,0.0179952010512352,0.3600800037384033
1059,1,2.041414260864258,2.9839272499084473,1.319727897644043,-2.936079978942871
1062,0,-0.30167412757873535,2.307482957839966,1.6967370510101318,0.0008399999933317304
1062,1,-2.596850633621216,1.9366852045059204,1.0735371112823486,-3.3163201808929443
1062,2,-0.188230499625206,0.9787367582321167,0.1710856556892395,0.3158400058746338
1062,3,-0.20060354471206665,1.0430725812911987,0.16053391993045807,0.3158400058746338
1062,4,-0.1784338653087616,0.9805700778961182,0.1710856556892395,0.3158400058746338
1062,5,-0.19016295671463013,1.045026421546936,0.16053391993045807,0.3158400058746338
1062,6,-0.1346435695886612,1.1166387796401978,0.16998587548732758,0.4737600088119507
1062,7,-0.14213034510612488,1.1787289381027222,0.17943784594535828,0.4737600088119507
1065,0,2.3723011016845703,1.5232369899749756,0.08460231125354767,-4.302760124206543
1065,1,0.007694486994296312,0.3846730589866638,0.0,0.28700000047683716
1065,2,0.08683361113071442,2.169682502746582,0.1522480994462967,0.35840001702308655
1065,3,1.6692103147506714,2.106912851333618,0.0,0.7459200024604797
1065,4,0.0,2.56000018119812,0.0,0.0
1065,5,-0.21498267352581024,5.371700286865234,0.0,0.0008399999933317304
1065,6,0.06539089232683182,0.6517277956008911,0.0,2.569000005722046
1065,7,0.0,0.7107749581336975,0.4555843472480774,6.881279945373535
1068,0,0.007694486994296312,0.3846730589866638,0.0,0.28700000047683716
1068,1,1.7884395122528076,2.25740647315979,0.0,0.7459200024604797
1068,2,-0.11260997503995895,2.8137476444244385,0.0,0.0008399999933317304
1068,3,0.06539089232683182,0.6517277956008911,0.0,2.569000005722046
1068,4,0.0,0.3840000033378601,0.0,0.0
1071,0,1.9464489221572876,2.614284038543701,2.426703929901123,2.4539201259613037
1074,0,0.0,1.4720001220703125,0.0,0.0
1078,0,-0.3467161953449249,0.7763938903808594,0.24450568854808807,0.3158400058746338
1078,1,0.015594898723065853,0.7796410322189331,0.25841644406318665,-1.7371200323104858
1078,2,0.9073018431663513,1.4155170917510986,1.8019089698791504,4.54580020904541
1081,0,-0.34615442156791687,1.0806266069412231,0.07955998927354813,0.3158400058746338
1081,1,-0.27611470222473145,0.8926038146018982,0.1603848785161972,0.3158400058746338
1081,2,-0.335330992937088,1.0840340852737427,0.07955998927354813,-0.6316800117492676
1081,3,-0.26717498898506165,0.8953202962875366,0.1603848785161972,0.3158400058746338
1081,4,-0.30497512221336365,1.0219908952713013,0.1286008507013321,0.3158400058746338
1081,5,-0.3244740664958954,1.087333083152771,0.07955998927354813,-0.6316800117492676
1081,6,-0.2590433657169342,0.9008501768112183,0.14166735112667084,0.3158400058746338
1081,7,0.0032143036369234324,0.3214196562767029,0.006429571192711592,0.21615999937057495
1083,0,0.00517247524112463,0.5172302722930908,0.22481565177440643,-2.503200054168701
1083,1,-2.082937717437744,2.683835506439209,2.225799322128296,0.6806800365447998
1083,2,2.0366528034210205,2.9140045642852783,1.7173527479171753,0.5241600275039673
1083,3,0.0,3.848750114440918,0.0,-2.936079978942871
1083,4,1.9542945623397827,2.8565847873687744,1.2634069919586182,-3.6582000255584717
1083,5,1.548379898071289,2.3125486373901367,2.7531630992889404,-8.17628002166748
1086,0,0.09379760921001434,0.515457808971405,1.0553569793701172,4.122440338134766
1086,1,0.0,1.339750051498413,0.0,1.3448400497436523
1086,2,0.0,1.4820001125335693,0.0,1.3448400497436523
1090,0,1.6728650331497192,5.048034191131592,0.0,4.346440315246582
1090,1,-0.13446256518363953,2.2383530139923096,0.02242462709546089,7.227920055389404
1090,2,0.020523499697446823,0.5128138661384583,0.0051324148662388325,0.4309200048446655
1093,0,-0.4918467104434967,0.7345868349075317,0.035380564630031586,1.1054400205612183
1093,1,-0.48447638750076294,0.7394684553146362,0.035380564630031586,1.1054400205612183
1093,2,-0.4429531395435333,0.6910684704780579,0.032851241528987885,1.1054400205612183
1093,3,-0.4770575761795044,0.7442761659622192,0.035380564630031586,1.1054400205612183
1093,4,2.995572805404663,2.0528855323791504,0.0,-6.98852014541626
1093,5,0.15340915322303772,0.5334962010383606,0.4047424793243408,2.2027599811553955
1093,6,0.007694486994296312,0.3846730589866638,0.0,0.28700000047683716
1093,7,2.7820169925689697,3.5115208625793457,0.0,0.7459200024604797
1093,8,0.0,5.312000274658203,0.0,0.0
1093,9,0.06539089232683182,0.6517277956008911,0.0,2.569000005722046
1097,0,0.24958285689353943,2.7656514644622803,1.2735402584075928,-0.4326000213623047
1097,1,0.08551842719316483,0.46996015310287476,0.9622043967247009,4.122440338134766
1097,2,-0.18717661499977112,0.9732568860054016,0.20090435445308685,0.4737600088119507
1097,3,-0.19498056173324585,1.013834834098816,0.29687508940696716,-0.4737600088119507
1097,4,-0.18634368479251862,1.0240378379821777,0.265773743391037,-0.4737600088119507
1101,0,-3.375936985015869,5.761800765991211,0.6700319647789001,-1.935360074043274
1104,0,-3.2539150714874268,5.553542613983154,0.5160291194915771,0.14336000382900238
1104,1,3.9936323165893555,5.0408477783203125,0.5803682208061218,0.14475999772548676
1104,2,0.009417859837412834,0.3138344883918762,0.0378589890897274,0.5020400285720825
1108,0,-0.27086588740348816,0.9076886773109436,0.037909891456365585,-0.3158400058746338
1108,1,-0.2613435983657837,0.9088494777679443,0.06630582362413406,-0.3158400058746338
1108,2,-0.18622368574142456,0.9186703562736511,0.14166735112667084,-0.3158400058746338
1108,3,-0.19864840805530548,0.979963481426239,0.15111930668354034,-0.3158400058746338
1108,4,-0.21102404594421387,1.0410144329071045,0.16053391993045807,-0.3158400058746338
1108,5,-0.2234487682580948,1.1023074388504028,0.16998587548732758,-0.3158400058746338
1108,6,-0.17645737528800964,0.9175204038619995,0.1603848785161972,-0.3158400058746338
1108,7,-0.18883903324604034,0.9819009304046631,0.15111930668354034,-0.3158400058746338
1108,8,-0.20060354471206665,1.0430725812911987,0.16053391993045807,-0.3158400058746338
1108,9,-0.2124147266149521,1.1044868230819702,0.16998587548732758,-0.3158400058746338
1108,10,-2.324563503265381,3.9673941135406494,0.8367395401000977,-5.10860013961792
1108,11,0.020523499697446823,0.5128138661384583,0.0051324148662388325,0.4309200048446655
1108,12,1.1206048727035522,0.853297770023346,0.0,0.3007200062274933
1108,13,-0.7381650805473328,1.2039778232574463,0.0,-1.2140799760818481
1108,14,-0.7385571599006653,1.2046172618865967,0.0,4.161920070648193
1108,15,-0.5715585350990295,0.932235598564148,0.0,-6.3033599853515625
1108,16,-0.688818097114563,1.2314424514770508,0.0,-5.801880359649658
1108,17,-0.5719505548477173,0.9328750371932983,0.0,1.7964800596237183
1108,18,-0.689062237739563,1.2318789958953857,0.0,6.742120265960693
1108,19,0.02554074302315712,0.31857794523239136,0.015993334352970123,0.2886800169944763
1108,20,0.0,0.6657003164291382,0.01997700333595276,4.802560329437256
1108,21,0.0,2.2932913303375244,0.04587193951010704,0.7168000340461731
1108,22,0.016056781634688377,0.4012054204940796,0.13306164741516113,-2.795799970626831
1108,23,0.02460150420665741,0.8198041915893555,1.1469159126281738,-1.3571600914001465
1112,0,-2.384716510772705,1.5994523763656616,2.0068979263305664,7.080080032348633
1115,0,0.9356327056884766,0.6977783441543579,2.0347580909729004,0.5907999873161316
1115,1,0.0032143036369234324,0.3214196562767029,0.006429571192711592,0.21615999937057495
1115,2,-0.06312313675880432,1.2614105939865112,0.050546519458293915,0.4737600088119507
1115,3,-0.04264961555600166,1.065671682357788,0.1286008507013321,0.4737600088119507
1115,4,-0.04537647217512131,1.1338067054748535,0.07955998927354813,0.4737600088119507
1115,5,-0.04797878861427307,1.1988298892974854,0.048017196357250214,0.4737600088119507
1115,6,-0.05050608888268471,1.2619787454605103,0.050546519458293915,0.4737600088119507
1115,7,-0.029151644557714462,0.9714300036430359,0.2794646620750427,0.4737600088119507
1115,8,-0.03403632342815399,1.1342037916183472,0.07955998927354813,0.4737600088119507
1115,9,0.007694486994296312,0.3846730589866638,0.0,0.28700000047683716
1122,0,0.3084926903247833,2.793158531188965,2.0922744274139404,7.398159980773926
1126,0,-0.2021816521883011,1.1110742092132568,0.13617263734340668,-0.9475200176239014
1126,1,-0.1607159823179245,0.9958886504173279,0.07072970271110535,-0.3158400058746338
1126,2,0.0032143036369234324,0.3214196562767029,0.006429571192711592,0.21615999937057495
1126,3,-2.357404947280884,3.037482738494873,1.3169918060302734,0.5308800339698792
1131,0,-0.34777259826660156,1.1242543458938599,0.23855219781398773,-0.3158400058746338
1131,1,-0.14709772169589996,1.1251394748687744,0.07955998927354813,-9.159080505371094
1131,2,0.0,4.992000102996826,0.0,0.0
1131,3,-3.38386869430542,2.6305577754974365,0.1286206990480423,0.0002800000074785203
1131,4,-0.27260127663612366,0.5790411233901978,0.0,0.0
1134,0,-3.4788224697113037,3.7342588901519775,2.340625286102295,-0.07168000191450119
1136,0,-3.244093418121338,4.741878509521484,1.7772585153579712,-4.786880016326904
1136,1,-2.0489983558654785,1.799999713897705,2.9821653366088867,-4.84876012802124
1136,2,1.9514845609664917,2.6765122413635254,2.31510066986084,-8.919119834899902
1139,0,-0.35380154848098755,1.0676308870315552,0.16998587548732758,-0.3158400058746338
1139,1,-0.3776403069496155,1.1395666599273682,0.024013400077819824,-0.3158400058746338
1139,2,-0.3311871886253357,0.9993898868560791,0.21342052519321442,-0.3158400058746338
1139,3,-0.3431077301502228,1.0711153745651245,0.16998587548732758,-0.3158400058746338
1139,4,-0.366225928068161,1.1432859897613525,0.024013400077819824,-0.3158400058746338
1139,5,-0.3128862977027893,1.0114763975143433,0.18174415826797485,-0.3158400058746338
1139,6,-0.12360136955976486,0.39956966042518616,0.0632123276591301,-0.3158400058746338
1139,7,0.038070134818553925,0.3157268762588501,0.2789197266101837,-1.2152000665664673
1139,8,0.006981873884797096,0.34904715418815613,0.23884375393390656,-1.144360065460205
1139,9,0.007122007664293051,0.3560529053211212,0.22826434671878815,-1.144360065460205
1139,10,0.02729397639632225,0.3024471700191498,0.29446521401405334,-1.144360065460205
1139,11,0.04369105398654938,0.36234280467033386,0.21384060382843018,-1.144360065460205
1139,12,0.01088269054889679,0.36264753341674805,0.21747951209545135,-0.7148399949073792
1139,13,-2.0286951065063477,2.6139447689056396,2.3621985912323,6.6071600914001465
1139,14,-0.368712842464447,2.8202569484710693,2.073789596557617,0.0008399999933317304
1139,15,0.1630362719297409,0.8959537148475647,1.8343909978866577,4.122440338134766
1139,16,0.44776439666748047,0.40950334072113037,1.9560467004776,-7.583240032196045
1139,17,-0.2673295736312866,0.35905149579048157,0.01791522279381752,-4.86892032623291
1139,18,-0.25618281960487366,0.3665415346622467,0.02686387486755848,-1.7869600057601929
1143,0,-3.2122058868408203,1.8001354932785034,2.741575241088867,8.395800590515137
1143,1,0.020523499697446823,0.5128138661384583,0.0051324148662388325,0.4309200048446655
1149,0,-0.6254645586013794,1.1181814670562744,0.051276326179504395,-2.0745201110839844
1149,1,-0.5566365122795105,1.15232515335083,0.05121634155511856,4.734519958496094
1149,2,-0.5031673908233643,0.9664942622184753,0.04360836744308472,1.294160008430481
1149,3,-0.6255865097045898,1.1183995008468628,0.05128632113337517,7.100520133972168
1149,4,-0.5566365122795105,1.15232515335083,0.05121634155511856,5.666360378265381
1149,5,-0.5031673908233643,0.9664942622184753,0.04360836744308472,4.663120269775391
1149,6,-0.6255865097045898,1.1183995008468628,0.05128632113337517,-6.733720302581787
1149,7,-0.4206012189388275,0.8707106709480286,0.0386996790766716,4.519480228424072
1149,8,0.0,4.480000019073486,0.0,0.0
1149,9,-1.637923240661621,2.2943027019500732,1.9702345132827759,8.674400329589844
1149,10,0.08667272329330444,0.4763035178184509,0.9751919507980347,4.122440338134766
1149,11,-0.6500110626220703,1.2485545873641968,0.056334976106882095,7.8887200355529785
1149,12,-0.590950608253479,1.1351100206375122,0.05121634155511856,-6.160560131072998
1149,13,-0.590950608253479,1.1351100206375122,0.05121634155511856,-4.153520107269287
1149,14,-0.502359926700592,0.9649431705474854,0.04353838786482811,-4.368560314178467
1158,0,-0.21554017066955566,0.5098004341125488,0.11219850182533264,0.3158400058746338
1158,1,0.013487177900969982,0.4494377374649048,0.0179952010512352,0.3600800037384033
1158,2,2.041414260864258,2.9839272499084473,1.319727897644043,-2.936079978942871
1161,0,-0.7004819512367249,1.0691630840301514,0.0767839103937149,-1.7155600786209106
1161,1,-0.5906046032905579,1.134445309638977,0.051186349242925644,-3.580080032348633
1161,2,-0.6874135136604309,1.2289314270019531,0.05635496973991394,0.5776399970054626
1161,3,-0.735877275466919,1.2002463340759277,0.05634497106075287,-2.7910401821136475
1161,4,-0.7006186842918396,1.0693718194961548,0.07679890096187592,-8.453479766845703
1161,5,-0.5906046032905579,1.134445309638977,0.051186349242925644,-4.8703203201293945
1161,6,0.0,2.880000114440918,0.0,0.0
1165,0,-0.1433665156364441,0.8883814215660095,0.2982091009616852,-0.3158400058746338
1165,1,-0.13533999025821686,0.895489513874054,0.28015315532684326,-0.3158400058746338
1165,2,-0.1474769413471222,0.9757947325706482,0.2206847071647644,-0.3158400058746338
1165,3,-0.12637849152088165,0.8967981338500977,0.28015315532684326,-0.3158400058746338
1165,4,-0.1377117931842804,0.9772207140922546,0.2206847071647644,0.3158400058746338
1165,5,-0.11740433424711227,0.8980170488357544,0.28015315532684326,-0.3158400058746338
1165,6,-0.273671954870224,2.093296527862549,0.47208526730537415,0.3158400058746338
1167,0,-0.3772399127483368,0.8447449803352356,0.20688170194625854,-0.4737600088119507
1167,1,-0.33767008781433105,0.7986648678779602,0.17577269673347473,0.3158400058746338
1167,2,-0.3618098199367523,0.8557606935501099,0.1883385181427002,-0.4737600088119507
1167,3,-0.3315228521823883,0.8065172433853149,0.1496840864419937,0.3158400058746338
1167,4,-0.35323426127433777,0.8593360185623169,0.1883385181427002,-0.3158400058746338
1167,5,-0.3234412670135498,0.8097920417785645,0.1496840864419937,-0.3158400058746338
1167,6,-0.1584976762533188,0.3968268036842346,0.08661982417106628,-0.3158400058746338
1167,7,0.4705175757408142,4.260166168212891,0.1286206990480423,0.0005600000149570405
1167,8,0.06043485179543495,0.3142413794994354,0.0,0.0
1169,0,-0.2344605028629303,1.1000179052352905,0.16998587548732758,-0.3158400058746338
1169,1,-0.2132498174905777,1.0519945621490479,0.04295854642987251,-0.3158400058746338
1169,2,-0.2234487682580948,1.1023074388504028,0.16998587548732758,-0.3158400058746338
1169,3,-0.20271940529346466,1.0540742874145508,0.04295854642987251,-0.3158400058746338
1169,4,-0.2124147266149521,1.1044868230819702,0.16998587548732758,-0.3158400058746338
1169,5,-0.20135940611362457,1.106555700302124,0.16998587548732758,-0.3158400058746338
1169,6,-0.19106099009513855,1.113040566444397,0.13617263734340668,-0.3158400058746338
1169,7,-0.6472806930541992,3.7707834243774414,0.7755553722381592,1.2633600234985352
1169,8,-1.9881832599639893,2.5095272064208984,2.589055299758911,7.909440040588379
1172,0,0.0032143036369234324,0.3214196562767029,0.006429571192711592,0.21615999937057495
1178,0,-0.31763848662376404,0.8189447522163391,0.1059153825044632,-0.3158400058746338
1178,1,1.5672448873519897,2.195300817489624,2.890767812728882,9.143119812011719
1178,2,0.013487177900969982,0.4494377374649048,0.0179952010512352,0.3600800037384033
1178,3,2.041414260864258,2.9839272499084473,1.319727897644043,-2.936079978942871
1181,0,-0.2510429918766022,0.9070845246315002,0.11348717659711838,-0.3158400058746338
1181,1,0.8723205924034119,2.6323130130767822,1.9797320365905762,-0.8019199967384338
1181,2,0.0,3.848750114440918,0.0,-2.936079978942871
1181,3,1.9542945623397827,2.8565847873687744,1.2634069919586182,-3.6582000255584717
1181,4,0.028215939179062843,2.821499824523926,1.0299793481826782,3.851400136947632
1188,0,0.020523499697446823,0.5128138661384583,0.0051324148662388325,0.4309200048446655
1194,0,-2.7027628421783447,1.8922175168991089,1.0933547019958496,0.0
1194,1,-2.542902708053589,2.102155923843384,1.0933547019958496,0.0
1194,2,0.0032143036369234324,0.3214196562767029,0.006429571192711592,0.21615999937057495
1200,0,0.9065680503845215,3.704561233520508,0.4598744511604309,-4.702600002288818
1200,1,-0.7370134592056274,5.6373610496521,1.2713513374328613,4.380320072174072
1203,0,-0.21456848084926605,0.9163979291915894,0.11348717659711838,2.2108800411224365
1203,1,-0.22721895575523376,0.970426619052887,0.1710856556892395,-0.3158400058746338
1203,2,-0.19260582327842712,0.8613107800483704,0.061881937086582184,0.3158400058746338
1203,3,-0.07431446760892868,0.33232563734054565,0.041061289608478546,1.279039978981018
1206,0,0.0,2.2402501106262207,0.0,0.0
1212,0,0.0032143036369234324,0.3214196562767029,0.006429571192711592,0.21615999937057495
1215,0,0.10193747282028198,0.5601898431777954,1.146942138671875,4.122440338134766
1215,1,-0.788284182548523,1.4092642068862915,0.0,-5.156760215759277
1215,2,-0.5913082361221313,1.1357970237731934,0.0,-4.8703203201293945
1215,3,-0.7896267175674438,1.4116642475128174,0.0,0.1475600004196167
1215,4,-0.5913082361221313,1.1357970237731934,0.0,-0.8562400341033936
1215,5,-0.6971171498298645,1.246279239654541,0.0,7.96068000793457
1215,6,-0.5027620792388916,0.9657157063484192,0.0,1.6525599956512451
1215,7,-0.6983375549316406,1.2484610080718994,0.0,1.6528400182724
1221,0,-0.20389945805072784,0.9118145704269409,0.1603848785161972,-0.3158400058746338
1221,1,-0.19477126002311707,0.9138079881668091,0.1603848785161972,0.3158400058746338
1221,2,-0.18562358617782593,0.9157099723815918,0.1603848785161972,0.3158400058746338
1221,3,-0.19945958256721497,0.9839650988578796,0.12105897068977356,0.3158400058746338
1221,4,-0.17645737528800964,0.9175204038619995,0.1603848785161972,0.3158400058746338
1221,5,-0.18961013853549957,0.9859104156494141,0.12105897068977356,0.3158400058746338
1221,6,-0.16727349162101746,0.9192390441894531,0.1603848785161972,0.3158400058746338
1221,7,0.013487177900969982,0.4494377374649048,0.0179952010512352,0.3600800037384033
1221,8,2.041414260864258,2.9839272499084473,1.319727897644043,-2.936079978942871
1221,9,0.0,4.480000019073486,0.0,0.0
1224,0,-0.25015535950660706,0.8382863998413086,0.13221539556980133,-0.3158400058746338
1224,1,0.10272543132305145,0.4197728633880615,0.3020443916320801,1.313480019569397
1224,2,3.717837333679199,2.132624864578247,0.1286206990480423,0.0008399999933317304
1224,3,0.03772897273302078,0.5381047129631042,0.03782159462571144,1.2740000486373901
1227,0,-0.021493222564458847,0.30654436349868774,0.47858667373657227,1.203160047531128
1227,1,-0.04595962166786194,0.5092829465866089,0.2662156820297241,1.1326000690460205
1227,2,-0.032386988401412964,0.3588832914829254,0.18759781122207642,1.203160047531128
1227,3,-0.04540157690644264,0.5030992031097412,0.2629832625389099,1.0617600679397583
1227,4,0.007694486994296312,0.3846730589866638,0.0,0.28700000047683716
1227,5,0.06539089232683182,0.6517277956008911,0.0,2.569000005722046
1227,6,-0.2657223343849182,0.7757753729820251,0.04926043376326561,0.3158400058746338
1227,7,-0.2859949469566345,0.8349612355232239,0.061881937086582184,0.3158400058746338
1227,8,-0.3064405024051666,0.8946518898010254,0.06630582362413406,0.3158400058746338
1227,9,-0.25737056136131287,0.7766409516334534,0.07383523136377335,0.3158400058746338
1227,10,-0.2776311933994293,0.8377793431282043,0.061881937086582184,0.3158400058746338
1227,11,-0.29797059297561646,0.8991554975509644,0.037909891456365585,0.3158400058746338
1227,12,-0.2495914250612259,0.7791757583618164,0.07383523136377335,0.3158400058746338
1227,13,-0.269684761762619,0.8419032096862793,0.035380564630031586,0.3158400058746338
1227,14,-0.3593140244483948,1.4071877002716064,0.05812449753284454,0.3158400058746338
1227,15,-0.2992401123046875,1.2228021621704102,0.11360648274421692,0.4737600088119507
1227,16,-0.31523844599723816,1.2881771326065063,0.053075842559337616,0.3158400058746338
1227,17,-0.28699731826782227,1.2257332801818848,0.11360648274421692,0.4737600088119507
1227,18,-0.302341103553772,1.2912650108337402,0.053075842559337616,0.3158400058746338
1227,19,-0.6291128993034363,0.5870158672332764,1.4658716917037964,-4.766439914703369
1227,20,0.007694486994296312,0.3846730589866638,0.0,0.28700000047683716
1227,21,0.0,3.136000156402588,0.0,0.0
1227,22,0.06539089232683182,0.6517277956008911,0.0,2.569000005722046
1227,23,0.13576152920722961,1.3530869483947754,0.871640682220459,2.569000005722046
1227,24,0.9810835719108582,0.8972508907318115,0.8901776671409607,8.97484016418457
1227,25,1.0988136529922485,1.0049209594726562,0.9969989657402039,-8.730120658874512
1227,26,1.0446645021438599,0.9553988575935364,1.0987052917480469,-8.228360176086426
1227,27,1.3763058185577393,1.3636966943740845,0.6636400818824768,-8.443120002746582
1231,0,-2.0334134101867676,2.566617727279663,2.4892830848693848,-5.697720050811768
1231,1,-0.682849109172821,4.231326103210449,0.1286206990480423,0.0002800000074785203
1231,2,0.050981830805540085,0.31591275334358215,0.0,0.0
1231,3,-0.5644530057907104,0.3016502261161804,0.0,0.0
1234,0,0.7251275181770325,4.224286079406738,0.1286206990480423,0.0005600000149570405
1234,1,0.3613711893558502,0.5282148122787476,0.0,0.0002800000074785203
1237,0,1.5522511005401611,1.336355209350586,0.0,-3.0676801204681396
1237,1,-0.28143417835235596,0.5031372308731079,0.0,2.297960042953491
1237,2,0.4368962347507477,0.37613022327423096,0.0,2.093280076980591
1237,3,2.592768907546997,2.232151985168457,0.0,6.537440299987793
1237,4,0.02554074302315712,0.31857794523239136,0.015993334352970123,0.2886800169944763
1237,5,0.0,0.6659666895866394,0.006659889128059149,4.802560329437256
1237,6,0.0,2.293750047683716,0.0,0.7168000340461731
1240,0,-2.487055540084839,3.204535722732544,0.7801288962364197,-4.006239891052246
1242,0,0.007694486994296312,0.3846730589866638,0.0,0.28700000047683716
1242,1,0.0,1.4720001220703125,0.0,0.0
1242,2,0.06539089232683182,0.6517277956008911,0.0,2.569000005722046
1242,3,0.5326577425003052,1.415126919746399,0.9691791534423828,-3.914680004119873
1245,0,-0.4572547972202301,0.7458015084266663,0.13221539556980133,0.4737600088119507
1245,1,-0.49194419384002686,0.8023812770843506,0.11348717659711838,0.3158400058746338
1245,2,-0.41762006282806396,0.6966958045959473,0.12276343256235123,0.4737600088119507
1245,3,-0.44977399706840515,0.7503366470336914,0.13221539556980133,0.3158400058746338
1245,4,-0.483895868062973,0.8072605729103088,0.11348717659711838,0.3158400058746338
1245,5,-0.06703869253396988,0.5127739906311035,0.3770526647567749,0.0008399999933317304
1245,6,0.0032143036369234324,0.3214196562767029,0.006429571192711592,0.21615999937057495
1245,7,2.0226011276245117,2.956428050994873,1.43073308467865,7.306879997253418
1245,8,1.9984899759292603,2.8594019412994385,2.187159538269043,-3.701320171356201
1245,9,0.013487177900969982,0.4494377374649048,0.0179952010512352,0.3600800037384033
1245,10,2.041414260864258,2.9839272499084473,1.319727897644043,-2.936079978942871
1245,11,0.013487177900969982,0.4494377374649048,0.0179952010512352,0.3600800037384033
1245,12,2.041414260864258,2.9839272499084473,1.319727897644043,-2.936079978942871
1245,13,-0.11074143648147583,1.0026764869689941,0.07072970271110535,0.0
1245,14,0.0,2.9602088928222656,2.158331871032715,0.46116000413894653
1250,0,-0.10714557021856308,1.1872903108596802,0.14374443888664246,2.052960157394409
1250,1,0.02554074302315712,0.31857794523239136,0.015993334352970123,0.2886800169944763
1250,2,0.0,0.6658668518066406,0.013319111429154873,4.802560329437256
1250,3,0.0,2.293635368347168,0.022937117144465446,0.7168000340461731
1250,4,-2.1415655612945557,0.711585283279419,0.4106490910053253,0.7327600121498108
1253,0,-0.9810539484024048,1.5305806398391724,0.5623749494552612,-6.465760231018066
1255,0,-0.25979429483413696,0.7117096781730652,0.030321914702653885,0.3158400058746338
1255,1,-0.28146523237228394,0.7710774540901184,0.032851241528987885,0.4737600088119507
1255,2,-0.3031361997127533,0.8304452896118164,0.035380564630031586,0.4737600088119507
1255,3,-0.32480713725090027,0.8898130655288696,0.037909891456365585,0.4737600088119507
1255,4,-0.34590619802474976,0.9476142525672913,0.07072970271110535,0.4737600088119507
1255,5,-0.25266432762145996,0.7142719626426697,0.030321914702653885,0.4737600088119507
1255,6,-0.2737405300140381,0.7738535404205322,0.032851241528987885,0.4737600088119507
1255,7,-0.31589290499687195,0.8930166363716125,0.037909891456365585,0.4737600088119507
1255,8,-0.28893789649009705,0.9682490825653076,0.040439214557409286,-0.4737600088119507
1255,9,-0.30712276697158813,1.029187798500061,0.021483568474650383,-0.3158400058746338
1255,10,-0.24445679783821106,0.8501238822937012,0.01769382134079933,0.4737600088119507
1255,11,-0.2619327902793884,0.9108984470367432,0.018958736211061478,0.4737600088119507
1255,12,-0.2968157231807709,1.0322074890136719,0.021483568474650383,-0.3158400058746338
1255,13,-0.23594345152378082,0.8525258898735046,0.01769382134079933,0.4737600088119507
1255,14,-0.2864789366722107,1.0351239442825317,0.021483568474650383,-0.3158400058746338
1255,15,0.0,3.848750114440918,0.0,-2.936079978942871
1255,16,1.9542945623397827,2.8565847873687744,1.2634069919586182,-3.6582000255584717
1255,17,0.007653688546270132,0.38263341784477234,0.180172398686409,-2.5076801776885986
1255,18,0.004219570197165012,0.42194297909736633,0.02958582527935505,-2.436000108718872
1255,19,-0.40096235275268555,0.6539861559867859,0.04608234018087387,5.667200088500977
1255,20,-0.5257033109664917,0.8023941516876221,0.057625409215688705,7.889560222625732
1255,21,-0.44003957509994507,0.6296003460884094,0.030741801485419273,-5.729360103607178
1255,22,-0.45842844247817993,0.6157172322273254,0.03072180785238743,-1.715000033378601
1255,23,-0.400831937789917,0.6537734866142273,0.04606734961271286,-2.4326400756835938
1255,24,-0.42053529620170593,0.6418735384941101,0.04609733074903488,7.02940034866333
1255,25,0.0,3.848750114440918,0.0,-2.936079978942871
1255,26,1.9542945623397827,2.8565847873687744,1.2634069919586182,-3.6582000255584717
1259,0,-0.2782571315765381,0.8396682143211365,0.01769382134079933,0.6316800117492676
1259,1,-1.664649486541748,3.197492837905884,0.5817504525184631,-3.4384000301361084
1259,2,-2.1899383068084717,4.206478595733643,0.7653248310089111,-3.653439998626709
1259,3,-1.5453686714172363,2.9683756828308105,0.574458658695221,-3.4384000301361084
1259,4,-1.5454823970794678,2.9685940742492676,0.5745009779930115,-3.653439998626709
1259,5,-0.641270637512207,1.2317657470703125,0.25270023941993713,-3.4384000301361084
1259,6,-0.7286133766174316,1.3995354175567627,0.28711870312690735,-3.653439998626709
1259,7,-2.4515700340270996,2.9703898429870605,0.7807207703590393,5.945519924163818
1259,8,0.0032143036369234324,0.3214196562767029,0.006429571192711592,0.21615999937057495
1259,9,0.0,0.31549742817878723,0.012626632116734982,0.21644000709056854
1259,10,-1.3480327129364014,0.8655617833137512,0.08016658574342728,-3.9407200813293457
1259,11,0.0032143036369234324,0.3214196562767029,0.006429571192711592,0.21615999937057495
1265,0,-2.6405365467071533,1.7710334062576294,1.0536407232284546,0.6316800117492676
1265,1,-2.6045901775360107,1.8234864473342896,1.0536407232284546,0.6316800117492676
1265,2,-2.5676021575927734,1.875209927558899,1.0536407232284546,-0.3158400058746338
1265,3,-2.5173263549804688,2.038982391357422,1.0735371112823486,-0.4737600088119507
1265,4,-1.8729534149169922,1.2026094198226929,0.290996253490448,-4.585840225219727
1265,5,-1.9163010120391846,1.1248441934585571,0.3131347894668579,-3.8721201419830322
1265,6,1.1749221086502075,3.430180549621582,1.4063225984573364,-3.8897600173950195
1265,7,0.6161664724349976,0.45952606201171875,1.9770880937576294,3.7800002098083496
1265,8,0.9478697776794434,1.8206877708435059,0.020527157932519913,-4.518360137939453
1265,9,2.0997519493103027,4.0332465171813965,0.09095393866300583,-3.8732399940490723
1265,10,1.4199090003967285,2.7273902893066406,0.09227366000413895,-3.8732399940490723
1265,11,0.8699242472648621,2.9151711463928223,0.45978376269340515,-0.21448001265525818
1265,12,2.2208199501037598,2.072213888168335,0.4901823103427887,-0.42924001812934875
1265,13,-1.7371621131896973,2.4854989051818848,0.5205317735671997,-0.2136400043964386
1265,14,-1.3506892919540405,2.72619366645813,0.4598211348056793,-0.42980000376701355
1265,15,-3.685033082962036,3.303089141845703,0.7986223697662354,-0.42952001094818115
1265,16,1.9465687274932861,2.6144447326660156,2.4268531799316406,-0.001120000029914081
1269,0,0.10284819453954697,3.4272446632385254,2.8880279064178467,4.378079891204834
1269,1,-0.03457791730761528,0.5756068825721741,0.22365917265415192,-4.728640079498291
1271,0,-0.3540082275867462,0.6799862384796143,0.04605235531926155,-3.580080032348633
1271,1,1.0299237966537476,1.2227685451507568,0.06398293375968933,-8.442279815673828
1271,2,1.1535147428512573,1.3695008754730225,0.07166089117527008,8.975959777832031
1271,3,-0.23934227228164673,0.4597335159778595,0.5667312741279602,-2.648240089416504
1271,4,0.020523499697446823,0.5128138661384583,0.0051324148662388325,0.4309200048446655
1271,5,0.009290876798331738,0.929056704044342,0.1883385181427002,-0.7896000146865845
1271,6,0.009910758584737778,0.9910427927970886,0.20090435445308685,-0.3158400058746338
1276,0,1.7315796613693237,2.4254908561706543,2.832500696182251,4.335239887237549
1276,1,-0.789067804813385,3.5286192893981934,2.070250988006592,-4.7067999839782715
1281,0,-0.04372253641486168,0.8737220168113708,0.13221539556980133,0.3158400058746338
1281,1,-0.04703952372074127,0.94000643491745,0.11348717659711838,2.368800163269043
1281,2,-0.05017797276377678,1.0027230978012085,0.12105897068977356,0.3158400058746338
1281,3,0.0,1.0071572065353394,0.09088967740535736,0.3158400058746338
1281,4,0.0,1.0716192722320557,0.07513611018657684,0.3158400058746338
1281,5,0.008748007006943226,0.8747715353965759,0.13221539556980133,-0.3158400058746338
1281,6,0.009411669336259365,0.941135585308075,0.11348717659711838,0.3158400058746338
1281,7,0.01007140427827835,1.0071067810058594,0.09088967740535736,0.3158400058746338
1281,8,0.010716013610363007,1.0715656280517578,0.07513611018657684,0.3158400058746338
1281,9,0.013487177900969982,0.4494377374649048,0.0179952010512352,0.3600800037384033
1281,10,2.041414260864258,2.9839272499084473,1.319727897644043,-2.936079978942871
1281,11,0.036350052803754807,3.6348843574523926,0.47523877024650574,-0.4230799973011017
1281,12,0.008910964243113995,0.8910667300224304,0.6915957927703857,-0.4216800034046173
1284,0,0.007694486994296312,0.3846730589866638,0.0,0.28700000047683716
1287,0,0.013487177900969982,0.4494377374649048,0.0179952010512352,0.3600800037384033
1287,1,2.041414260864258,2.9839272499084473,1.319727897644043,-2.936079978942871
1290,0,-0.10380412638187408,0.8608782887458801,0.17577269673347473,0.0
1290,1,-0.09572626650333405,0.8667259812355042,0.1496840864419937,0.0
1290,2,-0.08705435693264008,0.8676398992538452,0.1496840864419937,0.0
1290,3,0.023954590782523155,1.1975699663162231,0.0839838832616806,0.0
1290,4,0.03598828986287117,1.1992497444152832,0.048017196357250214,0.0
1290,5,0.04800759628415108,1.1995497941970825,0.024013400077819824,0.0
1292,0,-0.08513671159744263,0.9434080123901367,0.037909891456365585,2.368800163269043
1292,1,-0.07569853216409683,0.9442122578620911,0.037909891456365585,-0.3158400058746338
1292,2,-0.06118706986308098,0.8726728558540344,0.13221539556980133,-0.3158400058746338
1292,3,0.013487177900969982,0.4494377374649048,0.0179952010512352,0.3600800037384033
1292,4,2.041414260864258,2.9839272499084473,1.319727897644043,-2.936079978942871
1295,0,-0.020207475870847702,1.0102391242980957,0.040439214557409286,0.3158400058746338
1295,1,-0.021396618336439133,1.069688320159912,0.0965520367026329,0.3158400058746338
1295,2,-0.022584890946745872,1.129094123840332,0.13617263734340668,-0.3158400058746338
1295,3,-0.010104242712259293,1.0103906393051147,0.040439214557409286,-0.3158400058746338
1295,4,-0.01069884467869997,1.0698487758636475,0.0965520367026329,-0.3158400058746338
1295,5,-0.011293010786175728,1.1292634010314941,0.13617263734340668,-0.3158400058746338
1295,6,0.0,3.923715353012085,0.07848476618528366,-0.3158400058746338
1295,7,1.9465687274932861,2.6144447326660156,2.4268531799316406,-0.001120000029914081
1295,8,-0.37474218010902405,0.6699497103691101,0.03072180785238743,-4.65500020980835
1298,0,0.46405932307243347,1.0677082538604736,0.9608529210090637,4.382280349731445
1308,0,0.0,0.9472417831420898,0.037909891456365585,0.3158400058746338
1316,0,-0.06629256159067154,0.9454892873764038,0.018958736211061478,0.3158400058746338
1316,1,-0.05683451145887375,0.9461049437522888,0.018958736211061478,0.3158400058746338
1316,2,-0.010110309347510338,1.0109972953796387,0.020223651081323624,-0.3158400058746338
1316,3,0.0,1.0104411840438843,0.040439214557409286,-0.3158400058746338
1316,4,1.801819920539856,1.489520788192749,0.0467618852853775,0.3158400058746338
1316,5,0.020523499697446823,0.5128138661384583,0.0051324148662388325,0.4309200048446655
1322,0,0.009456627070903778,0.945631206035614,0.06630582362413406,0.0
1322,1,0.01894357241690159,0.9470523595809937,0.037909891456365585,0.0
1324,0,-0.6667777895927429,1.4538753032684326,2.236689567565918,-4.811520099639893
1324,1,-1.8364731073379517,1.3984040021896362,1.4795361757278442,-4.768959999084473
1327,0,-0.27501118183135986,1.1745418310165405,1.1465376615524292,-4.824399948120117
1329,0,-0.13644732534885406,1.131597876548767,0.3777158260345459,-0.3158400058746338
1329,1,-0.10466115176677704,1.0431205034255981,0.23443318903446198,-0.3158400058746338
1329,2,-0.11003018915653229,1.0966318845748901,0.2814220190048218,-0.3158400058746338
1329,3,-0.08907794207334518,0.9870811700820923,0.20090435445308685,-0.3158400058746338
1329,4,-0.09462742507457733,1.048575520515442,0.21342052519321442,-0.3158400058746338
1329,5,0.09129820764064789,0.6040829420089722,1.1712342500686646,-1.9899600744247437
1329,6,0.7553287148475647,0.7789557576179504,1.1864092350006104,-6.684999942779541
1329,7,0.02554074302315712,0.31857794523239136,0.015993334352970123,0.2886800169944763
1329,8,0.0,0.6659666895866394,0.006659889128059149,4.802560329437256
1329,9,0.0,2.293750047683716,0.0,0.7168000340461731
1332,0,0.0032143036369234324,0.3214196562767029,0.006429571192711592,0.21615999937057495
1332,1,0.24426229298114777,4.881174564361572,0.5397799611091614,-4.7961201667785645
1336,0,-2.9282937049865723,1.7188711166381836,0.0,-3.3703601360321045
1336,1,-3.9985387325286865,1.3731576204299927,0.0,-3.633000135421753
1336,2,-3.6555488109588623,2.1457605361938477,0.04238929599523544,-3.3703601360321045
1336,3,-1.167036771774292,0.4808030128479004,0.8451124429702759,-5.3703999519348145
1336,4,-1.0510309934616089,0.8003198504447937,0.9835809469223022,-6.558720111846924
1336,5,0.013487177900969982,0.4494377374649048,0.0179952010512352,0.3600800037384033
1339,0,-0.07393313944339752,0.9221919178962708,0.20688170194625854,0.3158400058746338
1339,1,-0.07055648416280746,1.0063029527664185,0.07072970271110535,0.3158400058746338
1339,2,-0.06498412042856216,0.9268278479576111,0.1883385181427002,0.3158400058746338
1339,3,-0.06804201751947403,1.1326724290847778,0.07955998927354813,0.9475200176239014
1339,4,0.0,0.9411826729774475,0.11348717659711838,0.3158400058746338
1339,5,0.0,1.0104411840438843,0.040439214557409286,-5.053440093994141
1339,6,0.009441475383937359,0.9441160559654236,0.08520486950874329,-5.211359977722168
1339,7,0.010110309347510338,1.0109972953796387,0.020223651081323624,-5.053440093994141
1339,8,0.0,3.848750114440918,0.0,-2.936079978942871
1339,9,1.9542945623397827,2.8565847873687744,1.2634069919586182,-3.6582000255584717
1339,10,1.5064500570297241,1.3777252435684204,0.1636652946472168,-8.945159912109375
1339,11,1.5064500570297241,1.3777252435684204,0.1636652946472168,-8.228360176086426
1339,12,1.5064500570297241,1.3777252435684204,0.1636652946472168,-7.583240032196045
1339,13,0.6580702662467957,0.6018387675285339,0.6232798099517822,-7.153160095214844
1339,14,-0.42215338349342346,0.6885496377944946,1.153626561164856,1.3664000034332275
1342,0,-2.596850633621216,1.9366852045059204,1.0735371112823486,-3.0004801750183105
1342,1,0.010104242712259293,1.0103906393051147,0.040439214557409286,-8.843239784240723
1342,2,0.010740173980593681,1.073981523513794,0.021483568474650383,8.717240333557129
1347,0,1.7138320207595825,3.137148380279541,1.999574065208435,0.017079999670386314
1352,0,-0.5261016488075256,0.8580935597419739,0.41374003887176514,8.31935977935791
1352,1,-0.9248250722885132,1.6533666849136353,0.7787209749221802,-3.07804012298584
1352,2,-0.6189217567443848,1.0094870328903198,0.4867362380027771,8.53439998626709
1352,3,-0.9248250722885132,1.6533666849136353,0.7787209749221802,-6.6620402336120605
1352,4,-0.9902024269104004,1.6150610446929932,0.7787209749221802,6.742400169372559
1352,5,0.007694486994296312,0.3846730589866638,0.0,0.28700000047683716
1352,6,2.9012465476989746,3.662014961242676,0.0,0.7459200024604797
1357,0,0.013487177900969982,0.4494377374649048,0.0179952010512352,0.3600800037384033
1357,1,2.041414260864258,2.9839272499084473,1.319727897644043,-2.936079978942871
1365,0,0.0,3.6766128540039062,1.1373095512390137,-8.028160095214844
1365,1,0.0,2.3166091442108154,0.767699658870697,-8.028160095214844
1365,2,0.020523499697446823,0.5128138661384583,0.0051324148662388325,0.4309200048446655
1368,0,2.7184998989105225,3.1627798080444336,0.04170680418610573,2.3461201190948486
1368,1,0.013487177900969982,0.4494377374649048,0.0179952010512352,0.3600800037384033
1368,2,2.041414260864258,2.9839272499084473,1.319727897644043,-2.936079978942871
1371,0,-0.04526408389210701,0.9045272469520569,0.28015315532684326,-0.3158400058746338
1377,0,-2.407351016998291,2.9769582748413086,1.3542912006378174,2.4133200645446777
1377,1,-1.339986801147461,0.7509349584579468,0.23215213418006897,-0.0714000016450882
1377,2,-0.8278282284736633,1.1595710515975952,0.6192395687103271,-0.07168000191450119
1377,3,0.013487177900969982,0.4494377374649048,0.0179952010512352,0.3600800037384033
1380,0,0.058277714997529984,5.827577590942383,2.127338171005249,-0.06692000478506088
1383,0,-0.08683022856712341,0.9621740579605103,0.2988447844982147,-0.3158400058746338
1383,1,-0.09165061265230179,1.0155892372131348,0.337923139333725,1.2633600234985352
1383,2,-0.07720430940389633,0.9629942774772644,0.2988447844982147,0.3158400058746338
1383,3,-0.08149030804634094,1.0164549350738525,0.337923139333725,1.2633600234985352
1383,4,-0.06424453854560852,0.9162795543670654,0.2345389723777771,-0.3158400058746338
1383,5,-0.08715029805898666,0.6666061282157898,0.4901684522628784,0.0008399999933317304
1386,0,0.7085986137390137,0.6480494737625122,0.0,-5.074440002441406
1386,1,0.5457289218902588,0.5407292246818542,0.0,-6.8661603927612305
1386,2,0.7085986137390137,0.6480494737625122,0.0,-3.7842001914978027
1386,3,0.5457289218902588,0.5407292246818542,0.0,-7.081200122833252
1386,4,0.013487177900969982,0.4494377374649048,0.0179952010512352,0.3600800037384033
1386,5,2.041414260864258,2.9839272499084473,1.319727897644043,-2.936079978942871
1386,6,0.0032143036369234324,0.3214196562767029,0.006429571192711592,0.21615999937057495
1390,0,3.5953266620635986,5.6092095375061035,0.8710442185401917,1.577239990234375
1390,1,0.40711355209350586,1.5303781032562256,0.22316433489322662,1.79256010055542
1393,0,-0.35763058066368103,5.100660800933838,0.7727819681167603,-0.3158400058746338
1395,0,1.1708855628967285,1.4779167175292969,1.4038573503494263,-7.57204008102417
1397,0,-0.5048637390136719,0.7876576781272888,2.91268253326416,1.5576400756835938
1397,1,0.013487177900969982,0.4494377374649048,0.0179952010512352,0.3600800037384033
1397,2,2.041414260864258,2.9839272499084473,1.319727897644043,-2.936079978942871
1403,0,-0.05696598067879677,1.138370156288147,0.3777158260345459,5.053440093994141
1403,1,0.0,1.0797553062438965,0.35781946778297424,-4.5796799659729
1403,2,0.03011481463909149,1.003525972366333,0.12105897068977356,0.4737600088119507
1403,3,0.037879567593336105,0.9464840888977051,0.037909891456365585,0.3158400058746338
1403,4,0.04027554392814636,1.0063515901565552,0.09088967740535736,0.4737600088119507
1403,5,0.05041765421628952,1.0075128078460693,0.07072970271110535,0.3158400058746338
1403,6,0.13242943584918976,2.204508066177368,0.0883864313364029,0.3158400058746338
1403,7,-1.5229398012161255,1.1839054822921753,1.078993797302246,8.438920021057129
1403,8,-1.0864360332489014,0.8445754647254944,0.7697334885597229,-3.6033201217651367
1406,0,0.07092748582363129,0.46929824352264404,0.8881315588951111,0.6370000243186951
1406,1,-0.17430059611797333,1.3332122564315796,0.9803369045257568,0.0008399999933317304
1406,2,0.020523499697446823,0.5128138661384583,0.0051324148662388325,0.4309200048446655
1406,3,-1.2510883808135986,5.1123948097229,0.0,-8.339799880981445
1406,4,-0.36616745591163635,0.4174904525279999,0.4048897624015808,-8.899800300598145
1406,5,0.02554074302315712,0.31857794523239136,0.015993334352970123,0.2886800169944763
1406,6,0.0,0.6658668518066406,0.013319111429154873,4.802560329437256
1406,7,0.0,2.293635368347168,0.022937117144465446,0.7168000340461731
1406,8,-0.9441561698913574,0.3137179911136627,0.18104365468025208,0.015960000455379486
1406,9,-0.1372632533311844,0.9082149267196655,0.2345389723777771,0.0
1406,10,-0.14810699224472046,0.979963481426239,0.20090435445308685,0.0
1406,11,-0.12817440927028656,0.9095421433448792,0.2345389723777771,0.0
1406,12,-0.1383001208305359,0.9813955426216125,0.20090435445308685,0.0
1406,13,-0.1477433145046234,1.048405647277832,0.18174415826797485,0.0
1406,14,-0.11993113160133362,0.9173442721366882,0.20688170194625854,0.0
1406,15,-0.12847940623760223,0.982729434967041,0.20090435445308685,0.0
1410,0,-0.781678318977356,1.3974543809890747,0.06408291310071945,-7.163800239562988
1410,1,-0.8394871354103088,1.1275187730789185,0.0844443142414093,6.528200149536133
1410,2,-0.7383710741996765,1.4182783365249634,0.0639929324388504,4.304719924926758
1410,3,-0.7819221615791321,1.3978904485702515,0.064102903008461,5.380199909210205
1410,4,-2.8860538005828857,1.0889438390731812,0.3719458281993866,-0.842519998550415
1410,5,-3.017592430114746,1.0701379776000977,0.2566860020160675,-4.068680286407471
1410,6,-0.06744313985109329,1.122703194618225,0.16998587548732758,-0.3158400058746338
1410,7,-0.043337635695934296,0.8660303354263306,0.17577269673347473,-0.3158400058746338
1410,8,-0.05291616916656494,1.0574413537979126,0.18174415826797485,-0.3158400058746338
1410,9,-0.05621292442083359,1.123321533203125,0.16998587548732758,-0.3158400058746338
1410,10,-0.009110654704272747,0.9110351204872131,0.261985182762146,0.6316800117492676
1410,11,-0.009910758584737778,0.9910427927970886,0.20090435445308685,0.3158400058746338
1410,12,-0.01052819099277258,1.0527839660644531,0.21342052519321442,0.3158400058746338
1410,13,-0.011210841126739979,1.121046781539917,0.19244492053985596,0.3158400058746338
1410,14,-0.01200489979237318,1.2004499435424805,0.024013400077819824,-0.4737600088119507
1410,15,0.0,0.8398361206054688,0.2783127725124359,-0.3158400058746338
1410,16,0.0,0.9110806584358215,0.261985182762146,0.4737600088119507
1410,17,0.0,0.9910923838615417,0.20090435445308685,0.3158400058746338
1410,18,-1.0254179239273071,0.8476881980895996,0.053245801478624344,-6.864480018615723
1410,19,0.007694486994296312,0.3846730589866638,0.0,0.28700000047683716
1410,20,0.0,2.880000114440918,0.0,0.0
1410,21,0.06539089232683182,0.6517277956008911,0.0,2.569000005722046
1410,22,0.09272799640893936,0.9241870045661926,0.5953490138053894,2.569000005722046
1414,0,-2.708299160003662,1.0218747854232788,0.8954262137413025,4.7485198974609375
1414,1,0.5646130442619324,1.8252406120300293,2.089083671569824,-6.254640102386475
1414,2,2.8557703495025635,1.5261566638946533,1.3690001964569092,-2.347520112991333
1414,3,0.020523499697446823,0.5128138661384583,0.0051324148662388325,0.4309200048446655
1417,0,0.019881458953022957,0.3309599459171295,0.26267704367637634,0.71288001537323
1417,1,0.013487177900969982,0.4494377374649048,0.0179952010512352,0.3600800037384033
1417,2,2.041414260864258,2.9839272499084473,1.319727897644043,-2.936079978942871
1417,3,-2.4645259380340576,3.1107771396636963,0.8874853253364563,5.852560043334961
1417,4,-1.624760389328003,1.968604564666748,2.964869737625122,-6.22104024887085
1417,5,-1.7793447971343994,2.2926604747772217,2.928964138031006,6.086359977722168
1420,0,-3.319871425628662,5.295276641845703,2.352487325668335,-0.43007999658584595
1420,1,-2.929447650909424,5.912715911865234,0.7287907600402832,-1.7390800714492798
1420,2,-0.4290476441383362,3.2817535400390625,2.4131369590759277,0.0008399999933317304
1420,3,-0.03487054631114006,0.8712987303733826,0.1496840864419937,0.3158400058746338
1420,4,-0.03748420253396034,0.9366052746772766,0.14166735112667084,0.3158400058746338
1420,5,-0.02615596167743206,0.8716038465499878,0.1496840864419937,0.3158400058746338
1426,0,0.0,0.9998947978019714,0.15111930668354034,0.3158400058746338
1426,1,0.021396618336439133,1.069688320159912,0.0965520367026329,0.3158400058746338
1426,2,0.07952356338500977,1.323801875114441,0.053075842559337616,0.3158400058746338
1426,3,0.07936515659093857,1.131935477256775,0.07955998927354813,-0.3158400058746338
1426,4,0.09275738894939423,1.322940468788147,0.053075842559337616,0.3158400058746338
1426,5,0.09588081389665604,1.1959524154663086,0.048017196357250214,-0.3158400058746338
1426,6,0.10093137621879578,1.258949637413025,0.050546519458293915,-0.3158400058746338
1426,7,0.32473310828208923,4.050500869750977,0.16262662410736084,0.3158400058746338
1426,8,2.2061264514923096,3.090207099914551,1.0918121337890625,-1.3445600271224976
1426,9,1.9216234683990479,2.691692590713501,2.462386131286621,-5.717319965362549
1426,10,0.17861945927143097,0.9815899729728699,2.0097239017486572,4.122440338134766
1432,0,0.9076018333435059,0.37391942739486694,0.89629727602005,-4.746840000152588
1432,1,3.768930435180664,5.169187068939209,0.9015183448791504,-2.436840057373047
1435,0,-2.616086959838867,1.9106203317642212,1.0735371112823486,5.527200222015381
1435,1,-0.020207475870847702,1.0102391242980957,0.040439214557409286,7.738080024719238
1435,2,0.03219689428806305,1.07290780544281,0.04295854642987251,-3.632160186767578
1435,3,0.0429241843521595,1.072532296180725,0.04295854642987251,-3.632160186767578
1435,4,-0.17189525067806244,0.893798828125,0.6776675581932068,7.939120292663574
1438,0,2.169679641723633,3.104336977005005,1.6012881994247437,0.0
1443,0,1.1119543313980103,1.5575575828552246,1.3092646598815918,-4.480560302734375
1443,1,-2.5235421657562256,1.9215807914733887,2.0781068801879883,7.664720058441162
1454,0,1.9856852293014526,2.781426429748535,1.8228517770767212,2.197999954223633
1454,1,1.3230745792388916,2.81038498878479,2.6699111461639404,0.017079999670386314
1454,2,0.020523499697446823,0.5128138661384583,0.0051324148662388325,0.4309200048446655
1461,0,-0.3755303621292114,0.6713587641716003,0.0,-8.597400665283203
1461,1,-0.9065628051757812,1.2970930337905884,0.0,0.07671999931335449
1461,2,0.020523499697446823,0.5128138661384583,0.0051324148662388325,0.4309200048446655
1468,0,0.013487177900969982,0.4494377374649048,0.0179952010512352,0.3600800037384033
1471,0,0.0,1.0880000591278076,0.0,0.0
1473,0,-0.10532048344612122,1.1670663356781006,0.2620392441749573,-0.3158400058746338
1473,1,-0.08413711190223694,1.0494693517684937,0.21342052519321442,0.3158400058746338
1473,2,-0.08871196210384369,1.1065330505371094,0.24823620915412903,0.3158400058746338
1473,3,-0.07363839447498322,1.0502582788467407,0.21342052519321442,0.3158400058746338
1473,4,-0.07764238864183426,1.1073647737503052,0.24823620915412903,0.3158400058746338
1473,5,-0.049812864512205124,0.9954270720481873,0.1710856556892395,-0.3158400058746338
1473,6,-0.11607188731431961,1.9322094917297363,0.4328584671020508,0.3158400058746338
1475,0,-3.569322109222412,2.4988999366760254,0.7031509876251221,1.0754799842834473
1475,1,-0.71282958984375,2.4789390563964844,0.4693707823753357,1.2188400030136108
1475,2,2.3515119552612305,3.6686856746673584,0.7032305598258972,1.075760006904602
1478,0,-0.02822934091091156,0.4026173949241638,0.6285789012908936,1.203160047531128
1478,1,-0.02825768291950226,0.4030216336250305,0.6292099952697754,1.203160047531128
1478,2,0.08050314337015152,0.4423990249633789,0.9057753086090088,4.122440338134766
1478,3,-0.08461084216833115,1.0553783178329468,0.18174415826797485,0.4737600088119507
1478,4,-0.07923799008131027,1.1301218271255493,0.10223685204982758,0.6316800117492676
1478,5,-0.05976448208093643,0.9948791265487671,0.1710856556892395,-0.4737600088119507
1478,6,-0.06348776072263718,1.0568593740463257,0.18174415826797485,0.4737600088119507
1478,7,-0.06793300062417984,1.1308577060699463,0.10223685204982758,0.6316800117492676
1478,8,-0.049812864512205124,0.9954270720481873,0.1710856556892395,-0.4737600088119507
1478,9,-0.052619896829128265,1.0515209436416626,0.21342052519321442,0.4737600088119507
1478,10,-2.052724599838257,0.8217805027961731,2.516977310180664,-1.1292400360107422
1482,0,-2.5173263549804688,2.038982391357422,1.0735371112823486,0.0
1484,0,0.1630362719297409,0.8959537148475647,1.8343909978866577,4.122440338134766
1484,1,-0.049261681735515594,4.926003932952881,0.0,7.236880302429199
1484,2,-0.049261681735515594,4.926003932952881,0.0,7.2371602058410645
1484,3,-0.015275209210813046,0.5090209245681763,0.0,7.2371602058410645
1487,0,-0.5624463558197021,3.485241174697876,0.24752774834632874,-5.8430399894714355
1487,1,0.013487177900969982,0.4494377374649048,0.0179952010512352,0.3600800037384033
1487,2,2.041414260864258,2.9839272499084473,1.319727897644043,-2.936079978942871
1487,3,0.13181142508983612,0.6853761076927185,0.4473549723625183,2.1506800651550293
1490,0,1.3646565675735474,1.524896502494812,0.08189816027879715,-9.1593599319458
1490,1,-0.9450827240943909,1.8153342008590698,0.08190815895795822,4.304719924926758
1490,2,0.22021780908107758,3.665891647338867,0.0,-4.863039970397949
1490,3,0.2798299789428711,0.4179338812828064,0.5961766242980957,4.617199897766113
1490,4,2.3408708572387695,3.2105658054351807,0.23868674039840698,-3.1029601097106934
1490,5,-2.324100971221924,2.9335296154022217,1.2402573823928833,-4.477200031280518
1490,6,0.007227991241961718,0.3613514006137848,0.1319299340248108,0.28700000047683716
1490,7,0.0,3.136000156402588,0.0,0.0
1490,8,0.06539089232683182,0.6517277956008911,0.0,2.569000005722046
1494,0,-2.329240083694458,2.940016508102417,1.765838623046875,-7.00868034362793
1497,0,1.6862341165542603,5.088376998901367,0.0,5.7990803718566895
1497,1,0.12737208604812622,0.6999638676643372,1.4331178665161133,4.122440338134766
1497,2,-0.6496650576591492,1.2478898763656616,0.05630498751997948,-4.655280113220215
1497,3,-0.7809466123580933,1.396146297454834,0.06402292847633362,-3.508120059967041
1497,4,-0.5906046032905579,1.134445309638977,0.051186349242925644,-4.010159969329834
1497,5,-0.6249768137931824,1.1173095703125,0.051236338913440704,-7.522200107574463
1497,6,-0.5020139217376709,0.9642786383628845,0.04350839555263519,-4.8703203201293945
1497,7,-0.4690069854259491,0.8384726643562317,0.03844974562525749,0.792680025100708
1497,8,-0.5007449984550476,0.9618412256240845,0.0433984249830246,-7.379120349884033
1500,0,-0.36699554324150085,3.043602466583252,0.621437668800354,-0.21503999829292297
1500,1,1.3911350965499878,2.7386386394500732,0.5907506942749023,-0.7879199981689453
1500,2,0.6690687537193298,2.991997480392456,0.6214873194694519,-0.21476000547409058
1500,3,1.2245097160339355,2.8173537254333496,0.5907978415489197,-0.6445600390434265
1500,4,1.222191333770752,2.8120193481445312,0.6215369701385498,-0.21476000547409058
1500,5,0.030721493065357208,3.072046995162964,0.5908451080322266,-0.6445600390434265
1500,6,1.222288966178894,2.812243938446045,0.6215866208076477,-0.21476000547409058
1500,7,-3.6522762775421143,5.115885257720947,1.208885908126831,-0.6448400020599365
1500,8,-3.468782424926758,5.29448938369751,0.9566282033920288,0.6465200185775757
1500,9,-2.4968111515045166,2.0640532970428467,1.0735371112823486,4.737600326538086
1500,10,-1.4667329788208008,2.8874635696411133,2.263542652130127,1.7701600790023804
1500,11,0.7536496520042419,0.5980595946311951,0.7163360118865967,-2.5331599712371826
1504,0,-1.0504469871520996,0.8683790564537048,0.05454545468091965,-4.731719970703125
1504,1,-1.6589930057525635,3.6173505783081055,0.5202866792678833,-4.869480133056641
1507,0,-0.14839980006217957,0.9819008708000183,0.19098356366157532,-0.4737600088119507
1507,1,-0.17899839580059052,1.1843593120574951,0.0839838832616806,-0.4737600088119507
1507,2,0.3888476490974426,0.3701706528663635,0.3752281963825226,1.7987200021743774
1510,0,-0.0856381207704544,1.0681920051574707,0.07513611018657684,2.052960157394409
1510,1,-0.04953397065401077,0.9898537993431091,0.20090435445308685,-0.3158400058746338
1510,2,-0.9983808994293213,2.235652208328247,2.677215099334717,4.463759899139404
1510,3,2.826169490814209,3.22229266166687,0.1286206990480423,0.0002800000074785203
1515,0,0.8701587915420532,1.3575687408447266,1.8355659246444702,-0.44912001490592957
1515,1,-0.9854087233543396,0.646730899810791,0.30096694827079773,0.26739999651908875
1520,0,-0.29152897000312805,3.2304601669311523,0.03243695944547653,2.868880033493042
1520,1,-2.1355066299438477,3.9090185165405273,1.426835536956787,3.960319995880127
1520,2,0.0032143036369234324,0.3214196562767029,0.006429571192711592,0.21615999937057495
1530,0,-0.24969524145126343,1.171494722366333,0.0839838832616806,2.5267200469970703
1532,0,0.146957665681839,1.124068260192871,0.20628683269023895,-4.845680236816406
1535,0,-2.704942464828491,1.9343364238739014,0.4009760618209839,0.0
1535,1,-0.5581842064857483,3.2517449855804443,1.0933547019958496,0.0
1537,0,2.534984827041626,3.869210958480835,1.380362868309021,-4.742640018463135
1543,0,-0.03335156291723251,1.1113852262496948,0.22539034485816956,7.138880252838135
1545,0,-0.06103764474391937,0.8705416917800903,0.1052270382642746,0.3158400058746338
1548,0,-0.893641471862793,1.8037010431289673,1.6277879476547241,-4.8372802734375
1548,1,-2.3916890621185303,1.1282881498336792,0.6471453905105591,-4.813760280609131
1555,0,0.23833449184894562,1.2392610311508179,1.5580288171768188,4.623640060424805
1557,0,0.0,0.7706081867218018,0.054030850529670715,-4.3724799156188965
1557,1,0.0,0.4506686329841614,0.040670040994882584,-4.3724799156188965
1561,0,0.5000191330909729,2.7478179931640625,0.05586627870798111,4.362120151519775
1569,0,0.6107500791549683,4.041083812713623,1.4918626546859741,-7.38640022277832
1569,1,0.07675895094871521,0.5446915030479431,0.2070491760969162,-0.09016000479459763
1569,2,-2.516808271408081,3.2428715229034424,0.5784760117530823,-6.2636003494262695
1572,0,1.5080167055130005,2.2042620182037354,1.6374485492706299,1.577239990234375
1572,1,-0.556122362613678,3.056128978729248,0.40611135959625244,1.5769600868225098
1572,2,2.1816422939300537,2.205324411392212,0.437153697013855,-0.7851200103759766
1572,3,-2.5469095706939697,1.7454136610031128,0.5300059914588928,0.6476399898529053
1572,4,-0.08108308166265488,2.701958417892456,1.5838359594345093,0.5017600059509277
1572,5,0.996738076210022,2.495508909225464,1.6107879877090454,0.14363999664783478
1572,6,0.0,2.67095947265625,1.6375792026519775,1.433880090713501
1572,7,2.6290528774261475,1.6512013673782349,0.43750256299972534,1.0799599885940552
1572,8,-1.3783799409866333,2.782083749771118,0.43753746151924133,1.0791200399398804
1572,9,1.7275398969650269,2.5801289081573486,0.43757233023643494,1.0785599946975708
1572,10,-1.908536434173584,2.617607831954956,1.0735371112823486,8.401400566101074
1572,11,-0.5618178844451904,5.086819171905518,0.0,3.505880117416382
1572,12,0.662398099899292,1.1842098236083984,0.9893214106559753,-0.9133599996566772
1572,13,0.020523499697446823,0.5128138661384583,0.0051324148662388325,0.4309200048446655
1572,14,-2.910682439804077,1.032224178314209,0.4983872175216675,-0.058800000697374344
1572,15,2.843775749206543,1.204999566078186,0.49842706322669983,-0.05656000226736069
1572,16,-1.5568792819976807,2.6571669578552246,0.5604073405265808,0.8601599931716919
1572,17,-2.602649211883545,0.7789215445518494,1.5554832220077515,0.8601599931716919
1572,18,-2.076624631881714,1.7519453763961792,1.555607557296753,0.8601599931716919
1572,19,-0.9061317443847656,2.561598300933838,1.5557316541671753,0.6451200246810913
1572,20,-2.6178386211395264,0.7834674715995789,1.5284829139709473,0.8601599931716919
1575,0,2.901831865310669,0.9001743197441101,0.45918601751327515,0.6507200002670288
1575,1,-0.21217180788516998,3.026073694229126,0.4895450472831726,1.077720046043396
1575,2,-3.1455295085906982,5.757853031158447,1.1262469291687012,0.5017600059509277
1575,3,-2.071155071258545,2.2232320308685303,0.4592233896255493,0.6521199941635132
1575,4,-1.373943567276001,2.7047948837280273,0.48958489298820496,0.8632400035858154
1575,5,-2.6800410747528076,1.4322450160980225,0.4592607319355011,0.509600043296814
1575,6,1.6750669479370117,5.054678916931152,0.0,-2.2483999729156494
1575,7,0.040782392024993896,0.4519135653972626,0.0,7.238280296325684
1575,8,-3.430366039276123,1.5765455961227417,1.777338981628418,-4.744040012359619
1575,9,1.9904417991638184,0.9147776365280151,1.3131033182144165,-4.689720153808594
1575,10,0.24937069416046143,1.3703980445861816,2.8057761192321777,4.122440338134766
1575,11,-0.18650132417678833,3.1046247482299805,0.3750284016132355,0.28700000047683716
1575,12,-0.8285519480705261,2.993776559829712,0.40611135959625244,0.2906399965286255
1575,13,0.31052878499031067,3.0949301719665527,0.3750583529472351,0.5023199915885925
1575,14,2.72507905960083,1.4915366172790527,0.40614378452301025,0.2909200191497803
1575,15,2.5234971046447754,1.8045827150344849,0.43718859553337097,0.294840008020401
1579,0,0.024484407156705856,0.6117836833000183,1.0430779457092285,0.9200800061225891
1579,1,0.024560321122407913,0.6136805415153503,1.0463119745254517,0.9200800061225891
1579,2,0.01670081540942192,0.41729769110679626,0.7114835381507874,1.1326000690460205
1579,3,0.01588095724582672,0.39681217074394226,0.6765561699867249,1.1326000690460205
1579,4,1.755355954170227,2.5115301609039307,2.7421677112579346,0.0
1579,5,0.0032143036369234324,0.3214196562767029,0.006429571192711592,0.21615999937057495
1579,6,2.790966033935547,5.77773904800415,0.7736999988555908,2.294600009918213
1579,7,-2.058654308319092,2.209813117980957,0.5808355808258057,-1.935360074043274
1579,8,-1.3651986122131348,2.6875791549682617,0.6110571622848511,-1.935360074043274
1579,9,-1.7674872875213623,5.5177507400512695,2.79878568649292,-7.939680099487305
1582,0,-0.45305541157722473,1.0423904657363892,0.045487869530916214,0.4737600088119507
1582,1,-0.4782473146915436,1.1003520488739014,0.048017196357250214,0.4737600088119507
1582,2,0.020523499697446823,0.5128138661384583,0.0051324148662388325,0.4309200048446655
1582,3,-2.791532516479492,1.351206660270691,0.4370490610599518,0.8607200384140015
1582,4,-0.7851837277412415,0.40957021713256836,0.10678328573703766,0.8607200384140015
1582,5,-0.14994753897190094,0.9291611909866333,0.11348717659711838,-0.6316800117492676
1582,6,-0.15878809988498688,0.9839423894882202,0.1710856556892395,0.3158400058746338
1582,7,-0.12188059091567993,0.806434154510498,0.09834358096122742,-0.6316800117492676
1582,8,-0.1312645822763443,0.8685241937637329,0.1059153825044632,-0.6316800117492676
1582,9,-0.14007657766342163,0.9268295764923096,0.14166735112667084,-0.6316800117492676
1582,10,-0.14894089102745056,0.9854810833930969,0.1710856556892395,0.3158400058746338
1582,11,0.007694486994296312,0.3846730589866638,0.0,0.28700000047683716
1582,12,1.9076688289642334,2.407900094985962,0.0,0.7459200024604797
1582,13,0.0,3.8400001525878906,0.0,0.0
1582,14,0.06539089232683182,0.6517277956008911,0.0,2.569000005722046
1582,15,-0.438697874546051,0.6276806592941284,0.06139446422457695,-2.2170400619506836
1582,16,-0.37693724036216736,0.6738739013671875,0.03090175800025463,-0.784280002117157
1582,17,0.010239829309284687,1.0239487886428833,0.0,0.0
1586,0,-0.050703078508377075,0.5618456602096558,0.29369157552719116,0.9909200072288513
1586,1,-0.09628402441740036,1.0669324398040771,0.5577138662338257,1.0617600679397583
1586,2,0.0294491034001112,0.7358348965644836,1.2545826435089111,1.203160047531128
1586,3,0.01616436429321766,0.4038935899734497,0.6886298060417175,1.2740000486373901
1586,4,0.0,3.848750114440918,0.0,-2.936079978942871
1586,5,1.9542945623397827,2.8565847873687744,1.2634069919586182,-3.6582000255584717
1586,6,-0.42122340202331543,0.9184563755989075,0.040439214557409286,-0.9475200176239014
1586,7,-0.41201794147491455,0.9226226210594177,0.040439214557409286,-0.9475200176239014
1586,8,-0.5593808889389038,3.074036121368408,0.47222450375556946,-0.6316800117492676
1586,9,-0.5545408129692078,3.047437906265259,0.890694260597229,-0.4737600088119507
1586,10,-0.12735998630523682,0.7419454455375671,0.09077178686857224,0.3158400058746338
1586,11,-0.5163631439208984,3.008113145828247,0.5239154696464539,-0.4737600088119507
1586,12,-0.5286130905151367,3.0794761180877686,0.47222450375556946,-0.4737600088119507
1586,13,-0.11993429809808731,0.7431818842887878,0.09077178686857224,-0.3158400058746338
1586,14,-0.1294102817773819,0.8019005656242371,0.12276343256235123,-0.6316800117492676
1586,15,-2.3614494800567627,2.9201958179473877,1.2029987573623657,6.489840030670166
1586,16,0.0,3.848750114440918,0.0,-2.936079978942871
1586,17,1.9542945623397827,2.8565847873687744,1.2634069919586182,-3.6582000255584717
1586,18,-0.29820913076400757,1.8478752374649048,0.3020673394203186,-0.9475200176239014
1586,19,-0.09054949134588242,0.7509536147117615,0.05303416773676872,0.3158400058746338
1586,20,-0.24302643537521362,1.8588911294937134,0.2833347022533417,-0.9475200176239014
1586,21,-0.07601446658372879,0.6882511377334595,0.06248806044459343,0.3158400058746338
1586,22,-0.08303555101156235,0.7518215775489807,0.05303416773676872,0.3158400058746338
1586,23,-0.22534210979938507,1.868828535079956,0.22697435319423676,-2.6846401691436768
1586,24,-0.06912826746702194,0.6889768838882446,0.06248806044459343,0.3158400058746338
1586,25,-0.0755133107304573,0.7526143193244934,0.05303416773676872,0.3158400058746338
1590,0,0.06079810857772827,1.0120855569839478,2.8590400218963623,-1.4324800968170166
1590,1,-0.3969367742538452,3.036139965057373,0.46277254819869995,-0.6316800117492676
1590,2,-0.1128946915268898,1.8793199062347412,0.541380763053894,-9.001160621643066
1592,0,2.9860951900482178,5.735752582550049,0.0,-6.1670002937316895
1592,1,3.2200567722320557,2.0675745010375977,0.34533584117889404,-2.2240400314331055
1592,2,3.542083501815796,2.2743453979492188,0.379871666431427,-2.439079999923706
1595,0,0.004194236826151609,0.41940969228744507,0.0548352412879467,-0.5020400285720825
1595,1,0.004127977415919304,0.41278398036956787,0.09231112897396088,-0.43036001920700073
1595,2,0.008307201787829399,0.4153047502040863,0.07988731563091278,-0.49980002641677856
1595,3,-2.1786632537841797,2.158703327178955,2.2835261821746826,0.658560037612915
1598,0,-0.25028401613235474,0.8703886270523071,0.28015315532684326,-0.4737600088119507
1598,1,-0.2415677309036255,0.8728479146957397,0.28015315532684326,-0.4737600088119507
1598,2,-0.2328273355960846,0.8752198219299316,0.28015315532684326,-0.4737600088119507
1598,3,-0.24836142361164093,0.9336139559745789,0.2988447844982147,0.4737600088119507
1598,4,-0.22406364977359772,0.8775043487548828,0.28015315532684326,-0.4737600088119507
1598,5,-0.25542330741882324,1.0003187656402588,0.29687508940696716,-0.3158400058746338
1598,6,-0.6513444781303406,1.4585412740707397,0.09595740586519241,-4.870880126953125
1598,7,-0.6513444781303406,1.4585412740707397,0.09595740586519241,7.888160228729248
1602,0,0.19269435107707977,0.8229759335517883,0.2614614963531494,-0.4737600088119507
1605,0,-0.37424546480178833,0.6690616607666016,0.04605235531926155,-6.6620402336120605
1605,1,-1.2435452938079834,2.941261053085327,0.0319344662129879,1.52236008644104
1605,2,-0.08191239833831787,0.6265418529510498,0.012639157474040985,-0.3158400058746338
1605,3,-0.07564298808574677,0.6273296475410461,0.012639157474040985,-0.3158400058746338
1605,4,0.0,5.568000316619873,0.0,0.0
1605,5,0.6776177287101746,2.3564858436584473,1.7137330770492554,7.879760265350342
1605,6,0.02554074302315712,0.31857794523239136,0.015993334352970123,0.2886800169944763
1605,7,0.0,0.6658668518066406,0.013319111429154873,4.802560329437256
1605,8,0.0,2.2932913303375244,0.04587193951010704,0.7168000340461731
1605,9,-0.041689977049827576,0.6939989328384399,0.0,0.8503600358963013
1605,10,0.13168027997016907,0.8712747097015381,0.07952004671096802,0.4737600088119507
1605,11,0.13825280964374542,0.9147623777389526,0.20688170194625854,0.4737600088119507
1605,12,-0.6261273622512817,2.2623631954193115,1.5717198848724365,-0.9508800506591797
1609,0,0.11287151277065277,1.0219626426696777,0.04114902764558792,1.0617600679397583
1609,1,0.08690229058265686,0.7868318557739258,0.03168155252933502,1.1326000690460205
1609,2,0.03359271213412285,0.304155558347702,0.012246733531355858,1.203160047531128
1609,3,0.03787064179778099,0.34288883209228516,0.013806317932903767,0.9909200072288513
1609,4,0.13933435082435608,1.2615629434585571,0.05079645290970802,1.0617600679397583
1609,5,0.05108834430575371,0.46256473660469055,0.018625032156705856,0.9200800061225891
1609,6,0.14421558380126953,1.3057584762573242,0.0525759793817997,0.9909200072288513
1609,7,0.11388615518808365,1.0311495065689087,0.0415189303457737,1.0617600679397583
1609,8,0.05322731286287308,0.4819314181804657,0.019404824823141098,1.1326000690460205
1609,9,0.07234088331460953,0.6549897193908691,0.026372965425252914,0.9200800061225891
1609,10,0.07988210022449493,0.7232695817947388,0.029122233390808105,0.9909200072288513
1609,11,-0.19325511157512665,1.0048631429672241,0.1130167618393898,0.8635200262069702
1609,12,-1.5445232391357422,2.96675181388855,0.6780087351799011,0.0
1609,13,-1.1046593189239502,1.051600694656372,0.4221024811267853,-4.765880107879639
1609,14,0.0,3.848750114440918,0.0,-2.936079978942871
1609,15,1.9542945623397827,2.8565847873687744,1.2634069919586182,-3.6582000255584717
1609,16,3.390065908432007,2.1767361164093018,0.24201473593711853,-3.872680187225342
1609,17,-0.9347289204597473,0.523826539516449,0.0,-8.932840347290039
1609,18,0.0,3.848750114440918,0.0,-2.936079978942871
1609,19,1.9542945623397827,2.8565847873687744,1.2634069919586182,-3.6582000255584717
1613,0,-0.33043190836906433,0.9646947979927063,0.337923139333725,-0.7896000146865845
1613,1,3.831178665161133,2.047426223754883,2.9718544483184814,-0.009240000508725643
1613,2,0.020523499697446823,0.5128138661384583,0.0051324148662388325,0.4309200048446655
1616,0,-0.5749292373657227,0.9812468886375427,0.02274848334491253,0.7896000146865845
1616,1,-0.565088152885437,0.9869470000267029,0.02274848334491253,0.7896000146865845
1616,2,-0.59615159034729,1.0412005186080933,0.048017196357250214,0.7896000146865845
1616,3,-0.5551906228065491,0.992548406124115,0.02274848334491253,0.7896000146865845
1616,4,-0.584743320941925,1.0453816652297974,0.0839838832616806,0.7896000146865845
1616,5,-0.5452375411987305,0.9980505704879761,0.02274848334491253,0.7896000146865845
1616,6,-0.6249720454216003,1.1173009872436523,0.1413944661617279,0.1475600004196167
1616,7,0.02554074302315712,0.31857794523239136,0.015993334352970123,0.2886800169944763
1616,8,0.0,0.6657003164291382,0.01997700333595276,4.802560329437256
1616,9,0.0,2.2932913303375244,0.04587193951010704,0.7168000340461731
1616,10,-2.1415655612945557,0.711585283279419,0.4106490910053253,0.7327600121498108
1616,11,0.12668277323246002,1.1470128297805786,0.331834077835083,-0.4737600088119507
1616,12,0.13927577435970306,1.1550551652908325,0.29707032442092896,-0.4737600088119507
1616,13,0.12112164497375488,0.9264504313468933,0.1603848785161972,0.3158400058746338
1616,14,0.15081918239593506,1.1536046266555786,0.29707032442092896,-0.6316800117492676
1616,15,0.13037994503974915,0.9251929521560669,0.1603848785161972,0.4737600088119507
1616,16,0.16234749555587769,1.152038812637329,0.29707032442092896,-0.6316800117492676
1616,17,0.847376823425293,0.5440943837165833,0.20413272082805634,-3.370920181274414
1616,18,1.7450603246688843,1.1204901933670044,0.42038431763648987,-3.872680187225342
1616,19,-2.8591136932373047,0.9183637499809265,2.0988433361053467,0.7453600168228149
1616,20,0.013487177900969982,0.4494377374649048,0.0179952010512352,0.3600800037384033
1616,21,2.041414260864258,2.9839272499084473,1.319727897644043,-2.936079978942871
1623,0,-0.35605189204216003,0.8914384841918945,0.31810542941093445,0.4737600088119507
1623,1,-1.0229026079177856,1.6683963537216187,0.6053731441497803,-5.514880180358887
1623,2,-0.9363446831703186,1.6739609241485596,0.11522083729505539,4.37667989730835
1623,3,-0.8350556492805481,1.3620102405548096,0.09597239643335342,-0.35392001271247864
1623,4,-1.1203334331512451,1.7099931240081787,0.12280628830194473,-6.231400012969971
1623,5,-0.9363446831703186,1.6739609241485596,0.11522083729505539,3.9466001987457275
1623,6,-1.0020145177841187,1.6343271732330322,0.11516087502241135,-1.5008000135421753
1623,7,-1.2861287593841553,0.8258137106895447,0.18429695069789886,-3.438960075378418
1623,8,-0.1944122016429901,1.4870444536209106,1.0934526920318604,0.0008399999933317304
1626,0,-0.38221630454063416,0.8558884859085083,0.14166735112667084,-0.4737600088119507
1626,1,-0.3985673785209656,0.9170243144035339,0.15111930668354034,-0.4737600088119507
1626,2,-0.3893773555755615,0.9209640622138977,0.15111930668354034,-0.4737600088119507
1626,3,-0.4123023450374603,0.9751867651939392,0.18174415826797485,-0.4737600088119507
1626,4,1.9328168630599976,1.1345387697219849,0.11215325444936752,-3.9412801265716553
1626,5,2.5909852981567383,1.520875334739685,0.21065038442611694,-3.654560089111328
1626,6,3.61662220954895,4.564977645874023,0.0,0.7459200024604797
1626,7,0.0,1.28000009059906,0.0,0.0
1626,8,0.06539089232683182,0.6517277956008911,0.0,2.569000005722046
1626,9,0.007694486994296312,0.3846730589866638,0.0,0.28700000047683716
1626,10,0.05109091475605965,1.2765915393829346,0.08957930654287338,0.35840001702308655
1626,11,3.656365394592285,4.615142345428467,0.0,0.7459200024604797
1630,0,-0.32915252447128296,0.9017173051834106,0.31810542941093445,-0.3158400058746338
1630,1,-0.3000967800617218,0.848361611366272,0.2982091009616852,8.527680397033691
1630,2,-0.1282568722963333,0.7471702694892883,0.01516398973762989,0.3158400058746338
1630,3,0.022293169051408768,0.317953497171402,0.003187447087839246,-7.38584041595459
1630,4,1.6401304006576538,3.6727077960968018,0.7735660672187805,0.017079999670386314
1633,0,2.6881275177001953,2.94399094581604,2.9682106971740723,4.630080223083496
1639,0,0.5709345936775208,0.3997141420841217,1.4773573875427246,-4.733680248260498
1641,0,0.07237546145915985,0.9027625322341919,0.28015315532684326,0.3158400058746338
1643,0,0.0,1.0880000591278076,0.0,0.0
1646,0,-1.454071044921875,3.439201593399048,2.7800941467285156,-5.956160068511963
1649,0,-1.1192384958267212,0.6272265911102295,1.4604891538619995,-4.7930402755737305
1652,0,-0.3914150893688202,0.876487135887146,0.31810542941093445,5.053440093994141
1652,1,-0.35869866609573364,0.8252943754196167,0.2982091009616852,2.842560052871704
1652,2,-0.3826307952404022,0.8803573846817017,0.31810542941093445,0.3158400058746338
1652,3,-0.35042792558670044,0.8288400173187256,0.2982091009616852,-0.3158400058746338
1652,4,-0.37380823493003845,0.8841396570205688,0.31810542941093445,0.3158400058746338
1652,5,-0.3337821662425995,0.8356823325157166,0.2982091009616852,-0.3158400058746338
1652,6,0.020523499697446823,0.5128138661384583,0.0051324148662388325,0.4309200048446655
1655,0,1.786834955215454,1.5074642896652222,0.0467618852853775,0.3158400058746338
1655,1,-0.046927083283662796,0.3589417636394501,0.2639368772506714,0.0008399999933317304
1657,0,0.1344756782054901,0.8897706270217896,0.2982091009616852,-0.3158400058746338
1659,0,0.0,3.4125001430511475,0.0,0.7168000340461731
1659,1,1.1198985576629639,1.0242042541503906,0.45287683606147766,5.966520309448242
1659,2,-0.05214150622487068,0.6503778696060181,0.6584975123405457,-8.656479835510254
1662,0,1.8557711839675903,2.655202627182007,2.216221570968628,8.8362398147583
1664,0,-2.5838468074798584,1.847739577293396,0.5452747344970703,0.0
1664,1,-1.3111909627914429,2.8589859008789062,0.7033540606498718,0.0
1664,2,-0.1301097273826599,1.441758394241333,0.1306384652853012,0.0
1667,0,0.0,0.5120000243186951,0.0,0.0
1670,0,-0.341974675655365,1.0319421291351318,0.04350839555263519,-7.595560073852539
1670,1,-1.6646407842636108,0.889603316783905,0.2467585951089859,7.758240222930908
1673,0,-0.812086284160614,0.8374887108802795,0.8153336644172668,-0.29316002130508423
1676,0,0.013487177900969982,0.4494377374649048,0.0179952010512352,0.3600800037384033
1676,1,2.041414260864258,2.9839272499084473,1.319727897644043,-2.936079978942871
1676,2,-0.3886456787586212,1.2132760286331177,0.1407083421945572,0.6451200246810913
1681,0,0.1894460767507553,1.0410867929458618,2.1315388679504395,4.122440338134766
1681,1,0.6436631083488464,0.7192429900169373,2.4109742641448975,1.8096400499343872
1684,0,-2.2684316635131836,2.922842025756836,1.652245283126831,-0.3558800220489502
1686,0,0.08074909448623657,1.0072095394134521,0.040439214557409286,9.001160621643066
1686,1,0.08499620109796524,0.9418510794639587,0.06630582362413406,0.3158400058746338
1686,2,0.09081698209047318,1.0063517093658447,0.040439214557409286,0.4737600088119507
1686,3,0.08769242465496063,0.8739992380142212,0.1059153825044632,0.3158400058746338
1686,4,0.09425903856754303,0.9394463896751404,0.08520486950874329,0.3158400058746338
1686,5,0.10070929676294327,1.00373375415802,0.07072970271110535,0.4737600088119507
1686,6,0.10332143306732178,0.9354942440986633,0.11348717659711838,-0.4737600088119507
1686,7,0.0032143036369234324,0.3214196562767029,0.006429571192711592,0.21615999937057495
1689,0,1.9975450038909912,5.306934356689453,2.264840602874756,-4.79416036605835
1692,0,-0.9367944598197937,1.6747651100158691,0.07679951936006546,4.305000305175781
1692,1,-0.8227364420890808,1.5803290605545044,0.1967776119709015,-5.085360050201416
1692,2,-0.9992311596870422,1.7863870859146118,0.0819181501865387,6.527080059051514
1692,3,-0.8202528357505798,1.5755584239959717,0.7301518321037292,8.103759765625
1692,4,-1.0702041387557983,1.9132697582244873,0.0877365991473198,4.520040035247803
1692,5,-1.1361804008483887,1.939149022102356,0.06744488328695297,-7.796040058135986
1692,6,-0.5498270392417908,0.7866821885108948,1.0925495624542236,-4.89300012588501
1692,7,0.770534873008728,1.1024668216705322,0.5528890490531921,-4.893280029296875
1692,8,-0.2999722361564636,0.8217776417732239,0.13221539556980133,8.843239784240723
1692,9,-0.3170028626918793,0.8421904444694519,0.2982091009616852,8.685600280761719
1692,10,-0.30856525897979736,0.8453183174133301,0.2982091009616852,8.685600280761719
1697,0,-0.3337821662425995,0.8356823325157166,0.2982091009616852,0.3158400058746338
1697,1,-0.35605189204216003,0.8914384841918945,0.31810542941093445,0.3158400058746338
1697,2,-0.1528954654932022,0.3828006684780121,0.1366005390882492,0.3158400058746338
1697,3,-0.5556210875511169,4.249904632568359,0.1286206990480423,0.0002800000074785203
1697,4,0.0766158178448677,0.6353975534439087,0.0,0.0002800000074785203
1697,5,-1.3773162364959717,3.893617868423462,0.04130180925130844,3.1486001014709473
1697,6,2.100205898284912,3.0049350261688232,1.8622684478759766,0.0
1700,0,3.259155511856079,1.1192424297332764,2.3575234413146973,6.293839931488037
1700,1,-0.2830706536769867,0.8541935086250305,0.2982091009616852,5.053440093994141
1703,0,-2.7259480953216553,1.750311017036438,1.0735371112823486,8.369760513305664
1703,1,-0.3826307952404022,0.8803573846817017,0.31810542941093445,0.4737600088119507
1703,2,-0.35042792558670044,0.8288400173187256,0.2982091009616852,0.3158400058746338
1703,3,-0.37380823493003845,0.8841396570205688,0.31810542941093445,0.4737600088119507
1703,4,-0.3337821662425995,0.8356823325157166,0.2982091009616852,0.3158400058746338
1703,5,-0.35605189204216003,0.8914384841918945,0.31810542941093445,0.3158400058746338
1703,6,-0.3782336413860321,0.9469743967056274,0.337923139333725,0.3158400058746338
1703,7,0.0,3.848750114440918,0.0,-2.936079978942871
1703,8,1.9542945623397827,2.8565847873687744,1.2634069919586182,-3.6582000255584717
1706,0,0.0,1.1290000677108765,0.0,0.9200800061225891
1706,1,0.0,0.8540000319480896,0.0,0.9200800061225891
1706,2,0.0,0.6687500476837158,0.0,0.9200800061225891
1706,3,0.0,0.5680000185966492,0.0,0.9200800061225891
1706,4,0.0,5.1585001945495605,0.0,1.0617600679397583
1706,5,0.0,4.164750099182129,0.0,1.1326000690460205
1706,6,0.0,0.5272500514984131,0.0,0.9200800061225891
1706,7,0.0,1.6195000410079956,0.0,0.9909200072288513
1706,8,-0.18770833313465118,1.4357670545578003,1.0557475090026855,0.0008399999933317304
1706,9,0.020523499697446823,0.5128138661384583,0.0051324148662388325,0.4309200048446655
1706,10,3.005415678024292,5.916569709777832,1.0029540061950684,2.2943201065063477
1709,0,-0.12444541603326797,0.6838805675506592,0.013904073275625706,0.3158400058746338
1709,1,-0.13572204113006592,0.7458503246307373,0.01516398973762989,0.3158400058746338
1712,0,-0.20686078071594238,4.133767604827881,2.1547772884368896,4.7566399574279785
1715,0,0.020523499697446823,0.5128138661384583,0.0051324148662388325,0.4309200048446655
1715,1,1.009427785873413,0.33540603518486023,0.1825900673866272,2.293760061264038
1715,2,-0.41500774025917053,0.9815856218338013,0.1719840168952942,2.293760061264038
1715,3,0.17030133306980133,1.0552849769592285,0.15063680708408356,2.2940399646759033
1715,4,0.10658471286296844,1.0622919797897339,0.16135582327842712,2.2940399646759033
1715,5,0.3666214942932129,1.004364013671875,0.15067169070243835,2.2940399646759033
1718,0,-0.25588077306747437,0.7009885311126709,0.18261505663394928,3.1567201614379883
1718,1,-0.42774051427841187,0.8854901790618896,1.4983675479888916,0.935479998588562
1718,2,0.0,3.848750114440918,0.0,-2.936079978942871
1718,3,1.9542945623397827,2.8565847873687744,1.2634069919586182,-3.6582000255584717
1718,4,1.8609302043914795,2.662583827972412,2.5211362838745117,0.0
1721,0,-0.3650232255458832,0.8633611798286438,0.14166735112667084,4.421760082244873
1721,1,-0.35637152194976807,0.8669682145118713,0.14166735112667084,4.421760082244873
1721,2,-0.34656378626823425,0.8676833510398865,0.1603848785161972,4.263840198516846
1721,3,-0.3378697633743286,0.8711056113243103,0.1603848785161972,-5.3692803382873535
1721,4,-0.3272990882396698,0.8695448040962219,0.1883385181427002,-5.3692803382873535
1721,5,-0.31858745217323303,0.8727741837501526,0.1883385181427002,-5.3692803382873535
1721,6,0.0,3.848750114440918,0.0,-2.936079978942871
1721,7,1.9542945623397827,2.8565847873687744,1.2634069919586182,-3.6582000255584717
1721,8,-0.12572789192199707,2.092949867248535,0.21037398278713226,0.8604400157928467
1721,9,-2.4204766750335693,2.993189573287964,2.5220062732696533,-2.9576401710510254
1721,10,1.2389720678329468,0.5104393362998962,0.0,2.7045199871063232
1721,11,-0.48111653327941895,1.1704435348510742,0.07601936906576157,-0.7358400225639343
1721,12,0.02554074302315712,0.31857794523239136,0.015993334352970123,0.2886800169944763
1721,13,0.0,0.6658668518066406,0.013319111429154873,4.802560329437256
1725,0,0.062188297510147095,1.5538781881332397,0.60317462682724,1.1326000690460205
1725,1,0.04534018412232399,1.1328999996185303,1.931570053100586,1.0617600679397583
1725,2,0.0316455140709877,0.7907158732414246,1.3481534719467163,1.1326000690460205
1725,3,0.025496577844023705,0.6370744705200195,1.086198091506958,1.1326000690460205
1725,4,0.033760953694581985,0.8435736298561096,1.4382747411727905,1.203160047531128
1725,5,-0.12758520245552063,3.1879289150238037,0.3201158344745636,-6.167840003967285
1725,6,-0.02568691410124302,0.641830325126648,0.07094422727823257,-6.167840003967285
1725,7,2.4904730319976807,4.783751487731934,0.7600216269493103,-6.1670002937316895
1725,8,1.3343557119369507,0.8567798733711243,0.23966141045093536,-3.5859601497650146
1725,9,2.019286632537842,3.8786871433258057,0.6608901619911194,-6.1670002937316895
1725,10,2.075512170791626,3.9866862297058105,0.7253360152244568,-5.880280017852783
1725,11,-2.1378860473632812,1.1701442003250122,0.34345051646232605,-4.861639976501465
1725,12,0.3649910092353821,1.7124276161193848,0.5416146516799927,-0.6316800117492676
1725,13,0.36916857957839966,1.8211660385131836,0.3766770362854004,-0.6316800117492676
1725,14,0.19637943804264069,0.8781859874725342,0.2982091009616852,0.4737600088119507
1725,15,0.3820967376232147,1.7086920738220215,0.5416146516799927,-0.6316800117492676
1725,16,0.38954252004623413,1.8276159763336182,0.3207697570323944,-0.6316800117492676
1729,0,-0.29226478934288025,0.8819376826286316,0.1883385181427002,-0.6316800117492676
1729,1,0.020523499697446823,0.5128138661384583,0.0051324148662388325,0.4309200048446655
1732,0,0.06098193675279617,0.6757466793060303,0.15172414481639862,-0.6316800117492676
1732,1,0.07548324763774872,0.8364370465278625,0.2783127725124359,-0.3158400058746338
1732,2,0.08087947964668274,0.8962332606315613,0.2982091009616852,-0.4737600088119507
1732,3,0.06773624569177628,0.6751030683517456,0.15172414481639862,-0.4737600088119507
1732,4,0.08983761817216873,0.8953796625137329,0.2982091009616852,-0.4737600088119507
1732,5,0.09583152085542679,0.9551187753677368,0.31810542941093445,-0.6316800117492676
1736,0,-0.3478247821331024,1.0154732465744019,0.04295854642987251,0.4737600088119507
1736,1,-3.1795504093170166,1.1996837854385376,2.426112413406372,1.5052800178527832
1738,0,-0.24551473557949066,0.3747352957725525,0.0,-6.231400012969971
1738,1,0.02554074302315712,0.31857794523239136,0.015993334352970123,0.2886800169944763
1738,2,0.0,0.6657003164291382,0.01997700333595276,4.802560329437256
1740,0,-0.32770320773124695,0.6783972382545471,0.05282433703541756,0.4737600088119507
1740,1,-0.5939759016036987,2.930175304412842,0.513214647769928,-0.3158400058746338
1740,2,-0.564644992351532,2.9359683990478516,0.513214647769928,-0.3158400058746338
1740,3,-0.05989174544811249,0.5969197154045105,0.19880607724189758,-0.3158400058746338
1740,4,-0.05391965061426163,0.5974887609481812,0.19880607724189758,-0.3158400058746338
1740,5,-0.04794216528534889,0.5979981422424316,0.19880607724189758,-0.3158400058746338
1740,6,0.08560478687286377,0.7750839591026306,0.25841644406318665,0.4737600088119507
1740,7,0.17780056595802307,1.6098442077636719,0.5367292165756226,0.3158400058746338
1740,8,3.6521952152252197,2.2431836128234863,0.1286206990480423,0.0008399999933317304
1740,9,0.5644530057907104,0.3016502261161804,0.0,0.0005600000149570405
1740,10,-0.08041883260011673,0.8911287784576416,0.0,-7.451080322265625
1740,11,0.16306555271148682,0.8478872776031494,0.1930786669254303,0.3158400058746338
1740,12,0.17153611779212952,0.8462142944335938,0.1930786669254303,0.3158400058746338
1740,13,0.20604439079761505,0.9214065074920654,0.08520486950874329,-0.4737600088119507
1740,14,0.23049616813659668,0.9844232797622681,0.020223651081323624,-0.4737600088119507
1740,15,0.0,2.995000123977661,0.0,0.0
1743,0,-0.37240150570869446,1.0201984643936157,0.06524083763360977,-9.172240257263184
1743,1,-0.17037810385227203,0.4144899249076843,0.017935216426849365,-8.240119934082031
1743,2,-0.37240150570869446,1.0201984643936157,0.06524083763360977,-5.158160209655762
1743,3,-0.5351620316505432,1.3019235134124756,0.056334976106882095,6.812680244445801
1743,4,-0.37248706817626953,1.0204328298568726,0.06525582820177078,2.0098400115966797
1743,5,-0.7780980467796326,1.8929299116134644,0.08190815895795822,7.027719974517822
1743,6,0.0,5.700250148773193,0.0,0.0
1746,0,-0.8757511973381042,1.0829640626907349,0.9942964315414429,-9.004799842834473
1746,1,0.007694486994296312,0.3846730589866638,0.0,0.28700000047683716
1746,2,0.0,3.136000156402588,0.0,0.0
1746,3,0.06539089232683182,0.6517277956008911,0.0,2.569000005722046
1746,4,0.07390423864126205,0.406135231256485,0.09231112897396088,1.7178000211715698
1746,5,0.07563486695289612,0.4156458079814911,0.021141186356544495,1.7164000272750854
1746,6,0.07759758085012436,0.40348193049430847,0.10054820775985718,1.7894800901412964
1749,0,1.5522511005401611,1.336355209350586,0.0,6.107360363006592
1749,1,-0.5019104480743408,0.8186367154121399,0.0,6.097280025482178
1749,2,1.5522511005401611,1.336355209350586,0.0,7.899360179901123
1749,3,-0.9367862343788147,1.5279370546340942,0.0,4.950400352478027
1749,4,1.5522511005401611,1.336355209350586,0.0,-8.873760223388672
1749,5,-1.38416588306427,1.6433395147323608,0.5257982611656189,4.387880325317383
1749,6,0.12737208604812622,0.6999638676643372,1.4331178665161133,4.122440338134766
1749,7,0.9040987491607666,0.5933665633201599,0.11943879723548889,-4.000639915466309
1749,8,1.3029882907867432,0.9122284650802612,0.1756727397441864,0.7305200099945068
1749,9,0.9040987491607666,0.5933665633201599,0.11943879723548889,-4.215680122375488
1749,10,1.3029882907867432,0.9122284650802612,0.1756727397441864,1.1606000661849976
1749,11,0.9040987491607666,0.5933665633201599,0.11943879723548889,-5.577600002288818
1749,12,0.6253366470336914,0.4378012418746948,0.08430973440408707,-0.8464400172233582
1749,13,1.0122151374816895,0.7707631587982178,0.1405162364244461,-8.44424057006836
1749,14,-0.6607856750488281,0.6814553737640381,0.14346060156822205,-7.37660026550293
1749,15,-0.32719236612319946,0.8963474631309509,0.10538717359304428,-6.233360290527344
1752,0,-0.7431164979934692,0.3971300423145294,0.07603725045919418,-1.2096000909805298
1752,1,0.13531382381916046,0.5779101848602295,0.3804405927658081,-1.1457600593566895
1752,2,0.021048089489340782,0.5259215235710144,0.8966848850250244,0.9200800061225891
1752,3,0.017363788560032845,0.43386316299438477,0.739727258682251,0.9200800061225891
1752,4,0.014251362532377243,0.35609403252601624,0.607132613658905,0.9200800061225891
1752,5,0.03656279668211937,1.8278961181640625,0.12818776071071625,0.6316800117492676
1752,6,0.03788714483380318,1.8941047191619873,0.07581978291273117,0.7896000146865845
1752,7,0.022725895047187805,0.7573026418685913,0.030321914702653885,0.7896000146865845
1752,8,0.05483962222933769,1.8274390697479248,0.12818776071071625,0.6316800117492676
1752,9,0.05682598054409027,1.893631100654602,0.07581978291273117,0.7896000146865845
1752,10,0.4094007611274719,0.3820057511329651,0.06751768290996552,0.8607200384140015
1752,11,0.014087782241404057,0.70429527759552,0.02819248102605343,-0.5728800296783447
1752,12,0.01204399112612009,0.4013459384441376,0.13306164741516113,-0.3558800220489502
1752,13,0.054810572415590286,0.4192419648170471,0.01268809661269188,-0.35728001594543457
1752,14,0.22522234916687012,0.30249711871147156,0.19157090783119202,-0.2181200087070465
1752,15,3.153440237045288,2.5024163722991943,2.813638687133789,-9.153759956359863
1752,16,0.01088269054889679,0.36264753341674805,0.21747951209545135,-0.5714800357818604
1752,17,0.1960083246231079,0.5053543448448181,0.15586459636688232,-0.5714800357818604
1757,0,-0.2614508867263794,1.9998183250427246,1.4705053567886353,0.0008399999933317304
1757,1,0.0,0.3733798861503601,0.7713860869407654,0.0
1757,2,3.640228271484375,1.6291042566299438,0.9337959289550781,0.017079999670386314
1763,0,-0.06033482402563095,0.46149659156799316,0.33934739232063293,0.0008399999933317304
1763,1,0.013487177900969982,0.4494377374649048,0.0179952010512352,0.3600800037384033
1763,2,2.041414260864258,2.9839272499084473,1.319727897644043,-2.936079978942871
1766,0,-0.06434129178524017,0.8025497794151306,0.16320686042308807,3.948000192642212
1766,1,-0.056312717497348785,0.8031530380249023,0.16320686042308807,0.3158400058746338
1766,2,-0.0629398375749588,0.8976715207099915,0.2982091009616852,0.4737600088119507
1766,3,-0.04023946449160576,0.8041185736656189,0.16320686042308807,0.3158400058746338
1766,4,-0.05140386149287224,0.8557027578353882,0.21889066696166992,0.6316800117492676
1766,5,-0.03219640254974365,0.8044807314872742,0.16320686042308807,0.3158400058746338
1766,6,3.0839741230010986,1.0590825080871582,2.4788436889648438,0.017079999670386314
1766,7,0.007694486994296312,0.3846730589866638,0.0,0.28700000047683716
1766,8,0.09193971008062363,2.297266721725464,0.16120079159736633,0.35840001702308655
1766,9,0.0,2.368000030517578,0.0,0.0
1766,10,-0.15355904400348663,3.836928606033325,0.0,0.0008399999933317304
1766,11,0.06539089232683182,0.6517277956008911,0.0,2.569000005722046
1766,12,0.173415869474411,1.7283743619918823,1.1133958101272583,2.569000005722046
1766,13,-0.9450827240943909,1.8153342008590698,0.08190815895795822,7.8887200355529785
1766,14,-0.9450827240943909,1.8153342008590698,0.08190815895795822,-3.2933599948883057
1766,15,-0.8344254493713379,1.868510365486145,0.08189816027879715,-5.587680339813232
1766,16,-0.3393729031085968,0.7025552988052368,1.8938243389129639,2.727480173110962
1766,17,-0.3393314778804779,0.702469527721405,1.8935930728912354,-3.0786001682281494
1771,0,0.0,5.786500453948975,0.0,0.0
1774,0,-0.2234487682580948,1.1023074388504028,0.16998587548732758,2.052960157394409
1774,1,-0.15821979939937592,1.0468758344650269,0.18174415826797485,-8.243480682373047
1774,2,-0.038973599672317505,0.7788224220275879,0.25841644406318665,-0.3158400058746338
1774,3,-0.04197430983185768,0.8387865424156189,0.2783127725124359,1.7371200323104858
1774,4,0.020523499697446823,0.5128138661384583,0.0051324148662388325,0.4309200048446655
1779,0,-0.07205561548471451,0.7984551191329956,0.17927564680576324,0.3158400058746338
1779,1,-0.026240522041916847,0.8744216561317444,0.13221539556980133,0.3158400058746338
1779,2,0.028430048376321793,0.9473839998245239,0.018958736211061478,-0.6316800117492676
1779,3,2.212815523147583,3.1660547256469727,1.4099957942962646,0.0
1782,0,-0.10438858717679977,0.8657253980636597,0.1496840864419937,5.685120105743408
1782,1,-0.08800924569368362,0.7968544363975525,0.17927564680576324,-0.3158400058746338
1782,2,-0.08003643155097961,0.7976946830749512,0.17927564680576324,-0.3158400058746338
1782,3,-0.07205561548471451,0.7984551191329956,0.17927564680576324,-0.3158400058746338
1782,4,0.020523499697446823,0.5128138661384583,0.0051324148662388325,0.4309200048446655
1787,0,0.8356806039810181,0.6768840551376343,0.3444874584674835,4.387320041656494
1787,1,2.1187639236450195,3.0969889163970947,1.327362060546875,-4.765039920806885
1790,0,1.6311215162277222,3.652534246444702,2.736680746078491,1.1642400026321411
1790,1,-1.5244054794311523,1.480525016784668,1.4538131952285767,-3.6814401149749756
1790,2,-1.4055286645889282,2.1928200721740723,1.939242959022522,6.4688401222229
1792,0,-2.860736131668091,1.4560234546661377,0.28967854380607605,0.0
1792,1,-2.831045389175415,1.5129433870315552,0.28967854380607605,0.0
1792,2,-2.8960156440734863,1.5476641654968262,0.13141494989395142,0.0
1792,3,-0.10589420050382614,0.8782118558883667,0.01769382134079933,0.0
1792,4,-0.09704867005348206,0.8786993026733398,0.035380564630031586,0.0
1792,5,-0.10404901951551437,0.9420819878578186,0.018958736211061478,0.0
1792,6,-0.07932530343532562,0.8790112733840942,0.061881937086582184,0.0
1792,7,0.47506678104400635,2.028956890106201,0.0833977535367012,0.0
1792,8,0.4886670410633087,2.0870420932769775,0.15028969943523407,0.0
1792,9,0.495332270860672,2.0241048336029053,0.0833977535367012,0.0
1792,10,1.9465687274932861,2.6144447326660156,2.4268531799316406,-0.001120000029914081
1792,11,0.020523499697446823,0.5128138661384583,0.0051324148662388325,0.4309200048446655
1792,12,-2.2150702476501465,2.9137823581695557,0.5906723141670227,1.218559980392456
1792,13,-2.717503070831299,0.9332309365272522,1.0163853168487549,-4.712960243225098
1796,0,-0.09631557762622833,1.0672820806503296,0.07513611018657684,-0.3158400058746338
1796,1,1.704533576965332,1.409096598625183,0.04423705115914345,0.3158400058746338
1796,2,1.780643105506897,1.4130315780639648,0.09097573906183243,0.3158400058746338
1802,0,0.0,0.3687500059604645,0.0,3.680600166320801
1802,1,0.0,0.4345000088214874,0.0,0.9909200072288513
1802,2,0.0,0.5,0.0,0.9909200072288513
1802,3,0.0,0.6570000052452087,0.0,1.2740000486373901
1802,4,0.0,3.656750202178955,0.0,6.164480209350586
1802,5,0.0,3.848750114440918,0.0,-2.936079978942871
1802,6,1.9542945623397827,2.8565847873687744,1.2634069919586182,-3.6582000255584717
1802,7,2.1314854621887207,3.1834332942962646,1.3552082777023315,4.243959903717041
1802,8,0.0,4.109250068664551,0.0,1.1919599771499634
1802,9,0.0,3.848750114440918,0.0,-2.936079978942871
1802,10,1.9542945623397827,2.8565847873687744,1.2634069919586182,-3.6582000255584717
1802,11,-0.4473167955875397,0.5310732126235962,0.806533932685852,-4.864160060882568
1802,12,-1.950680136680603,0.7583847641944885,0.9853045344352722,-4.910920143127441
1802,13,2.3383147716522217,1.0746549367904663,1.1184978485107422,4.625319957733154
1807,0,-0.034983281046152115,0.874115526676178,0.13221539556980133,-0.3158400058746338
1809,0,-0.1597357541322708,0.9305529594421387,0.08520486950874329,0.3158400058746338
1809,1,-0.160981684923172,0.9975351095199585,0.040439214557409286,-4.263840198516846
1813,0,-0.8794076442718506,0.5162010788917542,0.337923139333725,0.0
1813,1,-3.182424783706665,1.9546499252319336,1.2376621961593628,4.494560241699219
1823,0,-0.8373864889144897,0.4692753851413727,0.31810542941093445,0.0
1823,1,-0.889555037021637,0.49851086735725403,0.337923139333725,0.0
1823,2,-0.8278341889381409,0.48592808842658997,0.31810542941093445,0.0
1823,3,-0.8794076442718506,0.5162010788917542,0.337923139333725,0.0
1823,4,-0.8179506659507751,0.5023865103721619,0.31810542941093445,0.0
1823,5,1.62428879737854,2.772216558456421,2.245640516281128,4.320400238037109
1823,6,0.735507607460022,0.5371670126914978,0.6781154870986938,4.265520095825195
1823,7,0.013487177900969982,0.4494377374649048,0.0179952010512352,0.3600800037384033
1827,0,-0.3276437222957611,1.022839903831482,0.021483568474650383,-8.875160217285156
1835,0,-0.05683451145887375,0.9461049437522888,0.018958736211061478,0.4737600088119507
1835,1,-0.04734235256910324,0.9460579752922058,0.037909891456365585,0.4737600088119507
1835,2,-0.04997390881180763,0.9986451864242554,0.15111930668354034,0.4737600088119507
1835,3,-0.037879567593336105,0.9464840888977051,0.037909891456365585,0.4737600088119507
1835,4,1.8312479257583618,1.4531890153884888,0.0467618852853775,0.3158400058746338
1837,0,-0.5072410106658936,2.7875051498413086,2.2911646366119385,-4.7566399574279785
1850,0,1.0659379959106445,2.5211803913116455,0.274641752243042,-4.906440258026123
1853,0,0.0,0.7558277249336243,2.2747161388397217,-7.1590399742126465
1856,0,0.23545721173286438,5.883290767669678,0.0,0.04676000028848648
1856,1,0.23545721173286438,5.883290767669678,0.0,0.047600001096725464
1856,2,-0.055036332458257675,5.5034499168396,0.05503908172249794,0.05488000065088272
1856,3,-0.4198286235332489,4.652161121368408,0.09343377500772476,0.058240000158548355
1856,4,-0.4198286235332489,4.652161121368408,0.09343377500772476,0.058800000697374344
1856,5,0.0,1.408000111579895,0.0,1.075200080871582
1856,6,2.0911943912506104,2.694474220275879,2.3838448524475098,-1.3213200569152832
1856,7,2.05875825881958,2.8837826251983643,1.7115894556045532,-0.5062400102615356
1856,8,1.6306211948394775,2.284074544906616,2.8323559761047363,1.1096400022506714
1864,0,1.7073783874511719,2.1113638877868652,0.10867102444171906,0.3158400058746338
1864,1,1.748166561126709,2.1618030071258545,0.05561129003763199,0.3158400058746338
1864,2,1.7868568897247314,2.2096478939056396,0.11372967064380646,0.3158400058746338
1864,3,1.7910500764846802,2.1264095306396484,0.05561129003763199,0.3158400058746338
1864,4,0.0,3.3247501850128174,0.0,0.0
1867,0,1.6379367113113403,2.2464733123779297,0.05561129003763199,-0.3158400058746338
1867,1,1.64327871799469,2.1616275310516357,0.10867102444171906,-0.3158400058746338
1867,2,1.5567476749420166,2.005847215652466,1.1338798999786377,-0.3158400058746338
1870,0,-2.1886110305786133,1.8464229106903076,1.6777387857437134,-4.830560207366943
1876,0,1.4437527656555176,1.7140835523605347,2.6564254760742188,-5.052040100097656
1881,0,1.611756682395935,2.257650136947632,0.19449357688426971,-1.579200029373169
1881,1,1.6369539499282837,2.2451252937316895,0.11120034009218216,-1.579200029373169
1881,2,1.674187421798706,2.296192169189453,0.11372967064380646,-1.579200029373169
1881,3,0.0,3.922750234603882,0.0,-1.0505599975585938
1881,4,1.459594488143921,2.133483648300171,2.942577600479126,-0.4874800145626068
1881,5,0.020523499697446823,0.5128138661384583,0.0051324148662388325,0.4309200048446655
1881,6,1.8868752717971802,2.6997056007385254,1.8423810005187988,6.65056037902832
1884,0,1.7442340850830078,2.15693998336792,0.19449357688426971,0.3158400058746338
1884,1,1.8317887783050537,2.174776315689087,0.05687620863318443,9.159080505371094
1891,0,0.0,3.9660000801086426,0.0,1.694000005722046
1891,1,-0.41012042760849,2.54134202003479,1.7611198425292969,7.448000431060791
1894,0,0.0032143036369234324,0.3214196562767029,0.006429571192711592,0.21615999937057495
1897,0,-3.57015061378479,1.7723690271377563,1.876476526260376,-3.494960069656372
1910,0,-0.1386958658695221,1.060874342918396,0.0965520367026329,-0.3158400058746338
1910,1,0.0,5.368250370025635,0.0,-5.1609601974487305
1913,0,-1.2995396852493286,1.9408987760543823,1.1572617292404175,4.425960063934326
1920,0,-2.1522555351257324,2.3102872371673584,0.12636630237102509,0.0
1920,1,0.6753842234611511,2.0380382537841797,0.0859270840883255,0.0
1923,0,-2.9016189575195312,1.4404823780059814,1.0735371112823486,-6.316800117492676
1923,1,-2.8722307682037354,1.498222827911377,1.0735371112823486,-9.001160621643066
1927,0,-0.5934620499610901,0.9679611921310425,2.026045799255371,5.787320137023926
1927,1,0.5556210875511169,4.249904632568359,0.1286206990480423,0.0002800000074785203
1932,0,1.7345020771026611,1.3207569122314453,0.37423136830329895,-0.3158400058746338
1932,1,1.7759524583816528,1.380592942237854,0.33997175097465515,0.3158400058746338
1932,2,1.832781434059143,1.4247708320617676,0.2799170911312103,-0.3158400058746338
1932,3,1.8823585510253906,1.4633110761642456,0.2874888777732849,-0.3158400058746338
1944,0,0.6953138709068298,0.3111724555492401,0.09959143400192261,7.18004035949707
1944,1,-0.13364672660827637,3.339385986328125,0.43693187832832336,-4.922120094299316
1948,0,1.737457513809204,1.4658069610595703,0.09097573906183243,-0.3158400058746338
1948,1,1.8007385730743408,1.4886269569396973,0.09350506216287613,0.3158400058746338
1950,0,0.9409686326980591,0.39871877431869507,2.2236533164978027,-4.78380012512207
1952,0,-2.7757067680358887,1.4833698272705078,0.2840162217617035,0.0
1955,0,-0.06754661351442337,0.8425307273864746,0.2614614963531494,-0.3158400058746338
1955,1,-0.05911807343363762,0.8431640863418579,0.2614614963531494,-0.3158400058746338
1955,2,-0.05068361759185791,0.8437130451202393,0.2614614963531494,-0.3158400058746338
1955,3,-0.18796518445014954,3.7561707496643066,1.2463127374649048,0.3158400058746338
1955,4,2.1894845962524414,1.4369746446609497,0.6132025718688965,-8.548680305480957
1955,5,0.39546409249305725,5.640256404876709,2.872091770172119,-1.596000075340271
1957,0,-0.0647076815366745,0.9228851199150085,0.20688170194625854,-8.717240333557129
1957,1,-0.05035993829369545,0.8383248448371887,0.2783127725124359,0.3158400058746338
1957,2,-0.05547574907541275,0.923486053943634,0.20688170194625854,-8.717240333557129
1957,3,-0.04197430983185768,0.8387865424156189,0.2783127725124359,0.3158400058746338
1957,4,-0.18140168488025665,3.6250102519989014,0.926775336265564,-8.717240333557129
1961,0,-0.07574398070573807,0.944779098033905,0.018958736211061478,4.5796799659729
1961,1,-0.06163148581981659,0.8790112733840942,0.07952004671096802,-0.3158400058746338
1961,2,1.7423094511032104,2.244940996170044,0.11372967064380646,-0.3158400058746338
1961,3,1.7646713256835938,2.227405548095703,0.11372967064380646,-0.3158400058746338
1961,4,1.7868568897247314,2.2096478939056396,0.11372967064380646,-0.3158400058746338
1961,5,0.013487177900969982,0.4494377374649048,0.0179952010512352,0.3600800037384033
1963,0,0.0,1.281000018119812,0.0,0.0
1965,0,-2.2682411670684814,2.8630223274230957,1.9016066789627075,-7.357280254364014
1965,1,0.11957471072673798,5.977939128875732,2.962354898452759,0.0
1968,0,1.6629517078399658,5.783086776733398,0.24082577228546143,3.512040138244629
1968,1,-1.706194281578064,0.5669230222702026,2.219705581665039,-4.320400238037109
1968,2,0.020523499697446823,0.5128138661384583,0.0051324148662388325,0.4309200048446655
1968,3,-2.041877031326294,1.8302417993545532,0.6420416831970215,2.150400161743164
1968,4,-1.7243589162826538,2.132362127304077,0.6420987248420715,2.007040023803711
1968,5,-3.9679815769195557,3.777392625808716,2.7828731536865234,-0.21503999829292297
1971,0,-0.16773469746112823,1.8586841821670532,0.9715834259986877,0.8492400050163269
1971,1,-0.12954795360565186,1.4355331659317017,0.7503912448883057,0.8492400050163269
1971,2,-0.25044840574264526,0.5184676051139832,0.023043854162096977,-6.017480373382568
1971,3,-0.19481734931468964,0.4033025801181793,0.017925219610333443,-3.0786001682281494
1971,4,0.1043461263179779,0.6078764200210571,0.13792112469673157,0.3158400058746338
1971,5,0.12796837091445923,0.7454895973205566,0.05303416773676872,0.3158400058746338
1971,6,0.13864293694496155,0.8076751232147217,0.0574580542743206,0.3158400058746338
1971,7,0.19229097664356232,1.1202059984207153,0.045487869530916214,-0.9475200176239014
1971,8,0.08831818401813507,0.4853459894657135,0.11031507700681686,-0.4737600088119507
1971,9,0.0993688702583313,0.5460742712020874,0.12411810457706451,-0.3158400058746338
1971,10,0.11041957139968872,0.6068025231361389,0.13792112469673157,-0.7896000146865845
1971,11,0.13416220247745514,3.3522660732269287,0.43861714005470276,4.410000324249268
1971,12,2.4632391929626465,3.450354814529419,0.339877188205719,-4.6793599128723145
1975,0,0.06670607626438141,0.6648357510566711,0.1921362727880478,0.6316800117492676
1975,1,0.10306940972805023,1.0272562503814697,0.29687508940696716,0.6316800117492676
1975,2,0.04640728607773781,0.4201814532279968,0.13076768815517426,0.3158400058746338
1975,3,0.05333178490400314,0.48287734389305115,0.13969779014587402,0.3158400058746338
1975,4,0.06000485643744469,0.543296754360199,0.15717728435993195,0.4737600088119507
1975,5,0.06667792052030563,0.6037160754203796,0.17465677857398987,0.4737600088119507
1975,6,0.07335098832845688,0.6641354560852051,0.1921362727880478,0.6316800117492676
1975,7,0.17336787283420563,1.5697096586227417,0.454121470451355,0.6316800117492676
1975,8,0.06734961271286011,0.41733694076538086,0.13076768815517426,0.3158400058746338
1975,9,0.07693836838006973,0.476754367351532,0.149385467171669,0.3158400058746338
1975,10,0.08168293535709381,0.5404626131057739,0.15717728435993195,0.3158400058746338
1975,11,0.0907667875289917,0.6005667448043823,0.17465677857398987,0.4737600088119507
1975,12,0.09985064715147018,0.6606709957122803,0.1921362727880478,0.4737600088119507
1975,13,0.15428200364112854,1.0208210945129395,0.29687508940696716,0.7896000146865845
1975,14,0.16876345872879028,1.1166388988494873,0.13617263734340668,0.7896000146865845
1975,15,0.07024300843477249,1.755138635635376,0.3743939995765686,-3.9393200874328613
1975,16,0.12503767013549805,3.124274492263794,0.6992077827453613,-3.9393200874328613
1975,17,0.1720983237028122,4.300163269042969,1.0076606273651123,-3.9393200874328613
1975,18,0.07468090206384659,0.3503802418708801,0.9790111184120178,-4.714080333709717
1975,19,0.07547283172607422,0.625918447971344,0.04420388117432594,7.811160087585449
1975,20,0.07335098832845688,0.6641354560852051,0.1921362727880478,0.4737600088119507
1975,21,0.08065169304609299,0.730237603187561,0.18759407103061676,0.4737600088119507
1975,22,0.05781172960996628,0.4794497489929199,0.149385467171669,0.4737600088119507
1975,23,0.06504534184932709,0.5394402742385864,0.16807711124420166,0.4737600088119507
1975,24,0.07271164655685425,0.603019118309021,0.17465677857398987,0.6316800117492676
1975,25,0.07998856157064438,0.6633687615394592,0.1921362727880478,0.6316800117492676
1975,26,0.08723671734333038,0.7234798669815063,0.20954668521881104,0.6316800117492676
1978,0,-0.3723069131374359,1.0199394226074219,0.08704708516597748,-9.100560188293457
1978,1,-0.4127010405063629,1.004004716873169,0.08702710270881653,-8.383480072021484
1978,2,-0.7782695889472961,1.7427618503570557,0.21080178022384644,-8.669919967651367
1978,3,-0.6087300181388855,1.260166883468628,0.15456785261631012,8.963640213012695
1978,4,-0.4378472566604614,1.1994879245758057,0.1023707166314125,-7.308560371398926
1978,5,-0.5338774919509888,1.2987985610961914,0.1125798225402832,4.733960151672363
1978,6,-0.5706567764282227,1.2778589725494385,0.15456785261631012,-0.641759991645813
1978,7,-2.5561585426330566,2.5327401161193848,0.36104756593704224,2.2960000038146973
1978,8,0.09982788562774658,0.5485967397689819,1.1232061386108398,4.122440338134766
1978,9,1.739559292793274,2.4889285564422607,2.772671937942505,0.0
1982,0,-2.0038623809814453,3.0585453510284424,0.2563755214214325,0.0
1982,1,-1.973177194595337,3.0784308910369873,0.2563755214214325,0.0
1987,0,-0.16755250096321106,0.40761587023735046,0.03977125883102417,-0.3158400058746338
1987,1,-0.1917145997285843,0.46639660000801086,0.03535611182451248,-0.3158400058746338
1987,2,-0.16346803307533264,0.4092709720134735,0.03977125883102417,-0.3158400058746338
1987,3,-0.18704113364219666,0.4682903587818146,0.03535611182451248,-0.3158400058746338
1987,4,-0.15549959242343903,0.41312018036842346,0.030949711799621582,-0.3158400058746338
1987,5,-0.17763853073120117,0.47193729877471924,0.03535611182451248,-0.3158400058746338
1987,6,-0.06397049874067307,0.39639800786972046,0.13306164741516113,0.4737600088119507
1987,7,0.015231502242386341,0.3805844485759735,0.18399041891098022,0.5824000239372253
1987,8,0.01657092012465,0.33114221692085266,0.26267704367637634,0.6540800333023071
1987,9,0.008029996417462826,0.40144631266593933,0.13306164741516113,0.6540800333023071
1987,10,0.003593472531065345,0.3593352735042572,0.4346967041492462,0.7257600426673889
1987,11,0.005353598855435848,0.5353420376777649,0.17741553485393524,1.149399995803833
1987,12,0.005420262459665537,0.5420081615447998,0.15586459636688232,1.2275199890136719
1987,13,0.005611730273813009,0.561154305934906,0.05630604550242424,1.3708800077438354
1987,14,2.248337745666504,3.0836544036865234,1.0152111053466797,-2.7879600524902344
1987,15,-2.307969570159912,2.973785877227783,1.6360920667648315,7.660520076751709
1987,16,-0.18832746148109436,0.4000323712825775,0.01769528165459633,-0.3158400058746338
1987,17,-0.21055962145328522,0.4591146409511566,0.020214609801769257,-0.3158400058746338
1987,18,-0.23172824084758759,0.518903911113739,0.022743934765458107,-0.3158400058746338
1987,19,-2.458418130874634,3.1676368713378906,0.48348769545555115,-1.870400071144104
1987,20,-2.014078378677368,2.59511137008667,2.4458138942718506,-7.831320285797119
1987,21,0.0,3.848750114440918,0.0,-2.936079978942871
1987,22,1.9542945623397827,2.8565847873687744,1.2634069919586182,-3.6582000255584717
1992,0,-0.11798246204853058,0.7806417942047119,0.22702619433403015,0.3158400058746338
1992,1,-0.10251924395561218,0.7274898290634155,0.18759407103061676,0.3158400058746338
1992,2,-0.11017028242349625,0.7817825675010681,0.22702619433403015,0.3158400058746338
1992,3,-0.09523934125900269,0.7284786105155945,0.18759407103061676,0.3158400058746338
1992,4,-0.28732556104660034,2.1977317333221436,0.6373452544212341,-2.2646400928497314
1992,5,0.02554074302315712,0.31857794523239136,0.015993334352970123,0.2886800169944763
1992,6,0.0,0.6659666895866394,0.006659889128059149,4.802560329437256
1992,7,0.0,2.293635368347168,0.022937117144465446,0.7168000340461731
1992,8,-2.1415655612945557,0.711585283279419,0.4106490910053253,0.7327600121498108
1992,9,-1.563453197479248,1.0038816928863525,0.0,-2.077039957046509
1992,10,0.013487177900969982,0.4494377374649048,0.0179952010512352,0.3600800037384033
1996,0,-2.760406732559204,1.6954458951950073,1.0735371112823486,-2.5267200469970703
1996,1,-2.7259480953216553,1.750311017036438,1.0735371112823486,-2.5267200469970703
1996,2,-2.690398931503296,1.8044764995574951,1.0735371112823486,-2.5267200469970703
1996,3,-2.653773784637451,1.8579200506210327,1.0735371112823486,-2.5267200469970703
1996,4,0.013487177900969982,0.4494377374649048,0.0179952010512352,0.3600800037384033
14,0,1.9645050764083862,2.108751058578491,2.101332187652588,-2.6146399974823
23,0,0.02063988521695137,2.06391978263855,0.4615556597709656,-4.017159938812256
23,1,1.9462093114852905,2.613962173461914,2.426405191421509,-5.234320163726807
23,2,0.0032143036369234324,0.3214196562767029,0.006429571192711592,0.21615999937057495
26,0,-2.760406732559204,1.6954458951950073,1.0735371112823486,3.0004801750183105
26,1,-0.47920721769332886,1.8767274618148804,0.352464497089386,-4.688320159912109
26,2,0.13444378972053528,0.9540305137634277,0.29803213477134705,-4.906440258026123
29,0,-0.31301140785217285,0.700919508934021,0.03072180785238743,-5.300960063934326
29,1,-0.23478402197360992,0.5257466435432434,0.023043854162096977,5.881120204925537
35,0,0.0,3.926500082015991,0.0,0.0
35,1,-2.9835894107818604,2.728644371032715,0.12133179605007172,-4.809279918670654
35,2,0.02554074302315712,0.31857794523239136,0.015993334352970123,0.2886800169944763
35,3,0.0,0.6659666895866394,0.006659889128059149,4.802560329437256
42,0,2.2333004474639893,3.0630300045013428,0.6898009777069092,7.5714802742004395
42,1,-2.3329579830169678,2.944709300994873,0.8007466197013855,1.4876400232315063
45,0,-2.5575997829437256,1.9882314205169678,1.0735371112823486,-1.1054400205612183
47,0,1.7345900535583496,1.4633878469467163,0.15911997854709625,0.3158400058746338
47,1,1.7828154563903809,1.5040732622146606,0.16354387998580933,0.3158400058746338
51,0,-1.7829053401947021,5.0402021408081055,0.0,0.6193600296974182
54,0,1.0581295490264893,1.4512523412704468,1.3095216751098633,-5.358360290527344
60,0,0.0,1.408000111579895,0.0,0.0
60,1,1.7352687120437622,3.1022467613220215,2.0352210998535156,0.017079999670386314
60,2,1.708467721939087,3.930844783782959,0.1286206990480423,0.0005600000149570405
60,3,0.47657161951065063,0.42717623710632324,0.0,0.0002800000074785203
62,0,-0.28729209303855896,0.49032899737358093,0.022743934765458107,-4.263840198516846
62,1,-0.28056830167770386,0.490022748708725,0.06808631867170334,-9.001160621643066
62,2,-0.277570515871048,0.4630577564239502,0.17890973389148712,-9.159080505371094
62,3,-0.2729261517524719,0.46581026911735535,0.17890973389148712,-9.159080505371094
62,4,-0.30225491523742676,0.5532739162445068,0.04420388117432594,0.3158400058746338
62,5,-0.3126048445701599,0.6154052019119263,0.0832299143075943,-9.159080505371094
62,6,-2.1086928844451904,5.602223873138428,1.5284618139266968,-0.4737600088119507
64,0,0.0,1.1394388675689697,2.033242702484131,8.618680000305176
67,0,0.013487177900969982,0.4494377374649048,0.0179952010512352,0.3600800037384033
67,1,2.041414260864258,2.9839272499084473,1.319727897644043,-2.936079978942871
67,2,-0.8344254493713379,1.868510365486145,0.08189816027879715,-6.017760276794434
70,0,-3.205103874206543,5.866902828216553,0.5359678864479065,-0.21503999829292297
70,1,-3.8642666339874268,4.148004531860352,0.3974851965904236,0.14336000382900238
70,2,-3.8644368648529053,4.148187637329102,0.39750272035598755,0.14336000382900238
70,3,-3.2439420223236084,2.2230947017669678,0.27573221921920776,0.14336000382900238
70,4,-0.6835941076278687,1.3130615949630737,0.2541118860244751,4.571840286254883
73,0,-2.734156847000122,5.382559776306152,2.8421878814697266,-0.07168000191450119
73,1,3.0662121772766113,5.233185291290283,2.78167462348938,-0.0714000016450882
73,2,-2.7342593669891357,5.3827619552612305,2.842294216156006,-0.07168000191450119
73,3,0.013487177900969982,0.4494377374649048,0.0179952010512352,0.3600800037384033
76,0,-1.901318907737732,1.4780505895614624,1.1633154153823853,4.319000244140625
81,0,-2.1602368354797363,1.5123924016952515,2.7151927947998047,-5.251960277557373
84,0,1.7820532321929932,1.951673984527588,1.8867664337158203,4.779320240020752
89,0,0.007694486994296312,0.3846730589866638,0.0,0.28700000047683716
89,1,3.5768790245056152,4.51481294631958,0.0,0.7459200024604797
92,0,-2.653773784637451,1.8579200506210327,1.0735371112823486,-3.632160186767578
92,1,-2.189906358718872,2.653350830078125,1.8794680833816528,-3.1012799739837646
92,2,1.9465687274932861,2.6144447326660156,2.4268531799316406,-0.3816400170326233
95,0,-2.414032220840454,3.0470428466796875,0.5082306861877441,-1.8351200819015503
99,0,-1.9815460443496704,1.8122247457504272,1.5733461380004883,-0.5927600264549255
105,0,-0.1746348738670349,0.7136205434799194,0.18759407103061676,0.3158400058746338
105,1,1.7521274089813232,1.5084316730499268,0.34942373633384705,0.3158400058746338
107,0,-2.653773784637451,1.8579200506210327,1.0735371112823486,-1.2633600234985352
107,1,-2.616086959838867,1.9106203317642212,1.0735371112823486,-1.2633600234985352
107,2,-2.596850633621216,1.9366852045059204,1.0735371112823486,-3.948000192642212
107,3,1.7045605182647705,2.107879161834717,0.19006970524787903,-0.3158400058746338
107,4,1.7442340850830078,2.15693998336792,0.19449357688426971,-0.3158400058746338
109,0,2.3348817825317383,0.8018330931663513,1.7999846935272217,8.848000526428223
115,0,0.013487177900969982,0.4494377374649048,0.0179952010512352,0.3600800037384033
120,0,-0.49178382754325867,0.572155237197876,0.07569868862628937,0.3158400058746338
120,1,-0.4469345211982727,4.046640396118164,2.9684062004089355,-3.759280204772949
123,0,1.9465687274932861,2.6144447326660156,2.4268531799316406,-0.09604000300168991
123,1,0.0032143036369234324,0.3214196562767029,0.006429571192711592,0.21615999937057495
128,0,0.010239829309284687,1.0239487886428833,0.0,0.0
133,0,0.0428599938750267,4.285856246948242,0.1286206990480423,0.0002800000074785203
136,0,0.0,3.7120001316070557,0.0,0.0
147,0,-0.23112569749355316,0.7215293645858765,0.030321914702653885,1.579200029373169
147,1,1.7007492780685425,2.1913912296295166,0.19449357688426971,-0.3158400058746338
147,2,1.7394338846206665,2.2412359714508057,0.1989174634218216,-5.8430399894714355
147,3,0.14359831809997559,1.300169825553894,1.6149494647979736,-8.440320014953613
158,0,2.248337745666504,3.0836544036865234,0.4989294111728668,-7.946400165557861
158,1,0.05979034677147865,5.978835582733154,2.962354898452759,0.0
161,0,0.020523499697446823,0.5128138661384583,0.0051324148662388325,0.4309200048446655
161,1,2.1107687950134277,3.0200483798980713,1.825514554977417,0.0
161,2,0.020523499697446823,0.5128138661384583,0.0051324148662388325,0.4309200048446655
166,0,2.231053590774536,3.059948444366455,0.8071568012237549,0.8080800175666809
166,1,2.244168758392334,3.210914373397827,0.31406474113464355,7.330120086669922
166,2,0.013487177900969982,0.4494377374649048,0.0179952010512352,0.3600800037384033
166,3,2.041414260864258,2.9839272499084473,1.319727897644043,-2.936079978942871
173,0,-0.2695535719394684,5.386578559875488,1.7872885465621948,4.098639965057373
176,0,3.2589504718780518,5.826226234436035,2.5127720832824707,4.380040168762207
176,1,0.5728546977043152,5.186748027801514,1.614205241203308,4.420360088348389
183,0,0.8777622580528259,1.3694311380386353,1.2624075412750244,8.064000129699707
183,1,-1.3803930282592773,0.8102730512619019,1.294370412826538,8.528520584106445
183,2,-2.5822436809539795,1.5157440900802612,2.4213247299194336,8.313480377197266
186,0,2.1542739868164062,2.954643487930298,1.5459909439086914,9.166359901428223
189,0,2.189459800720215,3.066861391067505,0.4543676972389221,-6.083840370178223
189,1,2.015730619430542,2.946385622024536,1.6806507110595703,-7.417479991912842
189,2,2.288578748703003,3.2744555473327637,0.9353917837142944,2.901360034942627
193,0,1.8125931024551392,1.5604873895645142,0.2158433496952057,-0.3158400058746338
193,1,1.7318109273910522,1.4610432386398315,0.20447370409965515,-0.3158400058746338
193,2,1.7743399143218994,1.4969228506088257,0.2799170911312103,-0.3158400058746338
193,3,0.1846497505903244,1.0147289037704468,2.077573299407959,4.122440338134766
193,4,-2.7589385509490967,5.4313459396362305,2.720475912094116,-0.21503999829292297
193,5,2.746788740158081,5.407427787780762,2.7815701961517334,-0.0714000016450882
196,0,-0.25469133257865906,0.7685560584068298,0.13898330926895142,-0.3158400058746338
196,1,-0.11918506026268005,0.5879584550857544,0.19880607724189758,-0.3158400058746338
196,2,0.46237918734550476,0.38223767280578613,0.19880607724189758,0.3158400058746338
196,3,1.8334987163543701,1.396139144897461,0.3955906331539154,0.3158400058746338
198,0,-0.3788245916366577,2.5065276622772217,0.050706617534160614,-1.8113200664520264
200,0,0.007694486994296312,0.3846730589866638,0.0,0.28700000047683716
200,1,0.0,1.152000069618225,0.0,0.0
200,2,0.06539089232683182,0.6517277956008911,0.0,2.569000005722046
205,0,0.6269588470458984,2.8036868572235107,1.6832996606826782,4.59928035736084
209,0,1.660319209098816,2.2299818992614746,0.05561129003763199,-0.3158400058746338
209,1,1.6648123264312744,2.1450870037078857,0.10867102444171906,-0.3158400058746338
209,2,0.0,0.9492500424385071,0.0,0.0
212,0,-3.4593114852905273,1.893409252166748,1.6210283041000366,-4.768959999084473
214,0,1.0212947130203247,1.9147307872772217,1.048266887664795,-4.674320220947266
214,1,0.0,5.840750217437744,0.0,0.0
218,0,0.8643972873687744,1.935625672340393,1.2137540578842163,8.906240463256836
220,0,-0.14726290106773376,0.31280583143234253,0.8636152148246765,-7.4740400314331055
229,0,3.431424617767334,5.353499889373779,0.6380104422569275,-4.865560054779053
229,1,2.1775472164154053,0.8465860486030579,0.6718206405639648,-4.970839977264404
231,0,0.022839637473225594,0.3802037239074707,0.18399041891098022,-4.086600303649902
240,0,-2.651421546936035,2.147596597671509,0.06825045496225357,-2.6846401691436768
240,1,-2.0582334995269775,2.6520044803619385,2.2476985454559326,-2.4007201194763184
240,2,-0.4077507555484772,2.526658296585083,0.07680348306894302,6.647760391235352
243,0,-2.7259480953216553,1.750311017036438,1.0735371112823486,-9.159080505371094
243,1,0.3323853015899658,0.9703977108001709,2.6383697986602783,-6.326320171356201
243,2,0.02554074302315712,0.31857794523239136,0.015993334352970123,0.2886800169944763
243,3,0.0,0.6659666895866394,0.006659889128059149,4.802560329437256
245,0,-0.8989828824996948,1.645577073097229,0.03750750049948692,4.418680191040039
248,0,0.82210373878479,3.359410047531128,1.7135287523269653,-2.0257999897003174
251,0,0.31082504987716675,0.6960236430168152,0.26109766960144043,0.984760046005249
251,1,0.020523499697446823,0.5128138661384583,0.0051324148662388325,0.4309200048446655
254,0,-1.6431385278701782,2.6208465099334717,0.7242845892906189,-4.697279930114746
257,0,0.013487177900969982,0.4494377374649048,0.0179952010512352,0.3600800037384033
15,0,-2.6893954277038574,1.8430602550506592,1.0085365772247314,-8.369760513305664
15,1,0.02554074302315712,0.31857794523239136,0.015993334352970123,0.2886800169944763
15,2,0.0,0.6657003164291382,0.01997700333595276,4.802560329437256
15,3,0.0,2.293635368347168,0.022937117144465446,0.7168000340461731
15,4,1.4478542804718018,0.7187741994857788,1.9553645849227905,4.408880233764648
15,5,-1.1069270372390747,3.032440185546875,1.178368330001831,-4.84876012802124
18,0,0.007694486994296312,0.3846730589866638,0.0,0.28700000047683716
18,1,0.7551189064979553,0.9531272053718567,0.0,0.7459200024604797
18,2,-0.1330845057964325,3.325338125228882,0.0,0.0008399999933317304
18,3,0.06539089232683182,0.6517277956008911,0.0,2.569000005722046
23,0,-3.3573944568634033,2.664264440536499,0.1286206990480423,0.0005600000149570405
23,1,-0.27260127663612366,0.5790411233901978,0.0,0.0002800000074785203
26,0,-0.7329831123352051,0.4916188418865204,0.061881937086582184,-0.6316800117492676
26,1,0.02554074302315712,0.31857794523239136,0.015993334352970123,0.2886800169944763
26,2,0.0,0.6659666895866394,0.006659889128059149,4.802560329437256
26,3,0.0,2.293635368347168,0.022937117144465446,0.7168000340461731
26,4,-2.1415655612945557,0.711585283279419,0.4106490910053253,0.7327600121498108
29,0,-0.3393436372280121,0.5294232368469238,0.06309472024440765,0.3158400058746338
29,1,-0.3751041293144226,0.5852146148681641,0.013904073275625706,1.1054400205612183
29,2,-0.3692333698272705,0.5889363288879395,0.013904073275625706,1.1054400205612183
29,3,-0.40178561210632324,0.6408579349517822,0.05303416773676872,-0.3158400058746338
29,4,0.0032143036369234324,0.3214196562767029,0.006429571192711592,0.21615999937057495
32,0,0.0,5.760000228881836,0.0,0.0
35,0,2.0516035556793213,2.813828229904175,1.8129451274871826,-5.3804802894592285
35,1,-2.39477801322937,3.022739887237549,0.15433883666992188,-2.9148001670837402
35,2,0.013487177900969982,0.4494377374649048,0.0179952010512352,0.3600800037384033
35,3,2.041414260864258,2.9839272499084473,1.319727897644043,-2.936079978942871
35,4,-3.12926983833313,5.866778373718262,0.8692942261695862,-0.7882000207901001
35,5,-1.2587318420410156,0.9387399554252625,0.2212805151939392,-0.7882000207901001
38,0,0.13807326555252075,0.7179356217384338,1.0900278091430664,4.529839992523193
38,1,0.020523499697446823,0.5128138661384583,0.0051324148662388325,0.4309200048446655
41,0,-0.443695992231369,0.9935585856437683,0.04354839026927948,2.512160062789917
41,1,-0.3290042281150818,0.9013110995292664,0.03839975968003273,-1.2874400615692139
41,2,-0.2921310365200043,0.710686206817627,0.030751800164580345,0.7198800444602966
41,3,-0.31341883540153503,0.7018318772315979,0.030761796981096268,-3.2222399711608887
41,4,-0.47282516956329346,0.9788224697113037,0.06530080735683441,4.304440021514893
41,5,-0.29222601652145386,0.7109172940254211,0.030761796981096268,-3.4375600814819336
41,6,2.1766817569732666,3.2509348392486572,0.1957808881998062,-2.963520050048828
41,7,0.013487177900969982,0.4494377374649048,0.0179952010512352,0.3600800037384033
41,8,2.041414260864258,2.9839272499084473,1.319727897644043,-2.936079978942871
41,9,0.013487177900969982,0.4494377374649048,0.0179952010512352,0.3600800037384033
46,0,-0.4537678062915802,0.7569993734359741,0.061881937086582184,0.3158400058746338
46,1,-0.383014053106308,0.6537002325057983,0.030321914702653885,0.3158400058746338
46,2,0.0,4.012646198272705,0.8973056674003601,-5.757359981536865
48,0,-3.959155559539795,1.1848970651626587,2.827306032180786,3.1740801334381104
48,1,1.9932801723480225,2.9770195484161377,2.2964041233062744,8.499680519104004
48,2,1.848621129989624,2.821596622467041,1.7134953737258911,-0.37380000948905945
48,3,0.0032143036369234324,0.3214196562767029,0.006429571192711592,0.21615999937057495
52,0,-1.9187874794006348,2.3248558044433594,2.487905740737915,-3.0867199897766113
52,1,1.9464489221572876,2.614284038543701,2.426703929901123,-2.6630799770355225
57,0,-0.1929248571395874,0.7555549740791321,0.25841644406318665,-1.8950400352478027
57,1,-0.18535977602005005,0.7574464082717896,0.25841644406318665,-1.8950400352478027
57,2,-0.16408860683441162,0.7008039951324463,0.23852010071277618,-1.8950400352478027
57,3,1.0231646299362183,0.828742265701294,0.407300740480423,0.6258000135421753
57,4,0.013487177900969982,0.4494377374649048,0.0179952010512352,0.3600800037384033
60,0,1.7337417602539062,1.4332423210144043,0.33997175097465515,0.3158400058746338
60,1,1.781943678855896,1.473089575767517,0.34942373633384705,0.3158400058746338
60,2,1.8540422916412354,1.4712775945663452,0.4062914550304413,0.3158400058746338
65,0,-0.17153611779212952,0.8462142944335938,0.1930786669254303,9.001160621643066
65,1,-0.1473933756351471,0.9133341312408447,0.20688170194625854,0.3158400058746338
65,2,-0.13952843844890594,0.9901118278503418,0.15111930668354034,0.3158400058746338
70,0,-1.1775599718093872,4.25483512878418,2.469444751739502,4.36407995223999
78,0,-0.2219698578119278,0.8344055414199829,0.1930786669254303,-0.3158400058746338
78,1,-0.2009601891040802,0.7870238423347473,0.12276343256235123,-9.033080101013184
78,2,-0.2145274430513382,0.8401575088500977,0.17577269673347473,-9.033080101013184
78,3,-0.2328273355960846,0.8752198219299316,0.28015315532684326,-0.3158400058746338
78,4,-0.1782141476869583,0.7282467484474182,0.11331146955490112,-9.033080101013184
78,5,-0.19386844336986542,0.7922158241271973,0.09834358096122742,-9.033080101013184
78,6,-2.8756134510040283,2.100161552429199,1.899328589439392,-4.838400363922119
90,0,0.0916871577501297,1.3076765537261963,0.07874773442745209,-4.679640293121338
96,0,-2.7520196437835693,1.5062822103500366,0.3782905638217926,0.0
96,1,-1.3165701627731323,5.622923374176025,0.0,-5.08620023727417
96,2,-0.9107710719108582,1.590694785118103,1.4225842952728271,-4.910360336303711
96,3,0.013487177900969982,0.4494377374649048,0.0179952010512352,0.3600800037384033
96,4,2.041414260864258,2.9839272499084473,1.319727897644043,-2.936079978942871
101,0,-0.4217764139175415,0.6299348473548889,0.01516398973762989,-0.3158400058746338
104,0,-0.49304258823394775,0.5736197233200073,0.05303416773676872,0.3158400058746338
104,1,-0.5291190147399902,0.6281922459602356,0.016428904607892036,-2.5267200469970703
104,2,-0.481472373008728,0.5833652019500732,0.05303416773676872,0.3158400058746338
104,3,-0.5228107571601868,0.6334519386291504,0.016428904607892036,0.3158400058746338
104,4,-2.537660837173462,1.1356744766235352,0.05561129003763199,-2.9579200744628906
104,5,-2.240274667739868,3.6539804935455322,0.1286206990480423,0.0
107,0,1.5997204780578613,2.194058656692505,0.10867102444171906,-0.3158400058746338
107,1,1.6369539499282837,2.2451252937316895,0.11120034009218216,-0.3158400058746338
107,2,-0.5264193415641785,1.0897709131240845,0.33494797348976135,9.155720710754395
109,0,0.020180031657218933,2.0179359912872314,1.2934980392456055,5.08843994140625
109,1,0.012340002693235874,1.2339590787887573,2.054945707321167,5.160680294036865
109,2,2.08716082572937,2.9862704277038574,1.329929232597351,-7.999320030212402
112,0,-2.616086959838867,1.9106203317642212,1.0735371112823486,-1.2633600234985352
112,1,0.0,2.81600022315979,0.0,0.0
117,0,-2.7544381618499756,1.54360032081604,0.12636630237102509,0.0
117,1,-2.723017454147339,1.5983765125274658,0.12636630237102509,0.0
117,2,-2.690507411956787,1.6525136232376099,0.12636630237102509,0.0
117,3,-2.744147300720215,1.6854592561721802,0.12888562679290771,0.0
117,4,-2.7098917961120605,1.7400013208389282,0.12888562679290771,0.0
117,5,0.0032143036369234324,0.3214196562767029,0.006429571192711592,0.21615999937057495
120,0,-0.22209374606609344,0.907554566860199,0.1603848785161972,0.3158400058746338
120,1,-0.19091060757637024,0.8537299633026123,0.13221539556980133,-8.243480682373047
120,2,-0.1550234854221344,0.8060712218284607,0.032851241528987885,1.7371200323104858
120,3,1.6225543022155762,2.1792595386505127,0.05434637889266014,0.3158400058746338
128,0,0.3849654495716095,5.49052095413208,0.0,0.041999999433755875
128,1,0.47743484377861023,5.290501117706299,0.0,0.041999999433755875
128,2,0.3849654495716095,5.49052095413208,0.0,0.04255999997258186
128,3,0.47743484377861023,5.290501117706299,0.0,0.04255999997258186
128,4,0.47743484377861023,5.290501117706299,0.0,0.04312000051140785
128,5,-3.3284244537353516,1.9092499017715454,1.9976568222045898,-4.681879997253418
128,6,0.0,2.848750114440918,0.0,0.0
128,7,-0.968452513217926,0.8170354962348938,0.44820669293403625,-4.921000003814697
132,0,-0.13949336111545563,1.2630025148391724,1.4176143407821655,4.998000144958496
137,0,1.3203126192092896,3.6170127391815186,0.5426134467124939,0.14363999664783478
137,1,1.115960955619812,1.7410542964935303,1.5397192239761353,-4.896359920501709
137,2,-1.9032707214355469,2.9050097465515137,0.13899293541908264,0.0
149,0,0.0,4.921000003814697,0.0,0.9200800061225891
149,1,0.0,5.423500061035156,0.0,0.9909200072288513
149,2,0.0,5.336750030517578,0.0,0.9200800061225891
149,3,0.0,5.854750156402588,0.0,0.9909200072288513
149,4,0.0,0.7140000462532043,0.0,1.0617600679397583
149,5,0.0,0.6345000267028809,0.0,1.0617600679397583
149,6,1.8902783393859863,2.59256649017334,2.290585994720459,4.5838799476623535
149,7,-1.929724931716919,2.3381080627441406,2.768120765686035,-6.492640018463135
149,8,0.3760807514190674,1.6061985492706299,1.1285791397094727,-1.5632400512695312
149,9,0.4013957977294922,1.9801478385925293,1.3822448253631592,0.2735600173473358
155,0,-0.5097318887710571,0.6433944702148438,0.032851241528987885,0.3158400058746338
160,0,-0.463930606842041,2.1766223907470703,2.201616048812866,5.214159965515137
160,1,0.0,3.8821301460266113,0.46810466051101685,-3.289440155029297
160,2,2.3289027214050293,3.2621843814849854,0.12028195708990097,2.955120086669922
164,0,0.0,3.69700026512146,0.0,0.0
169,0,1.5281050205230713,2.7318873405456543,1.323438286781311,4.284840106964111
182,0,-3.2819766998291016,4.797252178192139,0.9977529644966125,-4.879280090332031
185,0,0.013487177900969982,0.4494377374649048,0.0179952010512352,0.3600800037384033
188,0,-0.21818475425243378,0.7587600946426392,0.22702619433403015,0.3158400058746338
188,1,-0.23861247301101685,0.8297995924949646,0.1930786669254303,0.3158400058746338
188,2,-0.21230795979499817,0.7671246528625488,0.20324237644672394,0.3158400058746338
188,3,-0.2219698578119278,0.8344055414199829,0.1930786669254303,0.3158400058746338
188,4,-0.24195976555347443,0.9095494747161865,0.11348717659711838,-0.3158400058746338
188,5,-0.20462624728679657,0.7692093253135681,0.20324237644672394,0.3158400058746338
188,6,-0.2145274430513382,0.8401575088500977,0.17577269673347473,0.3158400058746338
188,7,-1.4740395545959473,0.8067964315414429,1.2511245012283325,5.096280097961426
191,0,0.0,1.1940104961395264,0.26700395345687866,-7.168000221252441
191,1,0.0,1.381626844406128,0.30895859003067017,-7.383040428161621
191,2,0.0,4.680901527404785,1.0960019826889038,-7.168000221252441
193,0,-1.5359089374542236,3.1000359058380127,1.7140836715698242,-6.900599956512451
195,0,0.7267826795578003,2.7320444583892822,2.9108517169952393,5.070240020751953
197,0,0.9622676372528076,1.142444372177124,0.7776361703872681,4.424839973449707
202,0,0.33617454767227173,0.4331561326980591,0.5316733121871948,8.189160346984863
204,0,-0.1737024039030075,0.776776909828186,0.20324237644672394,3.158400058746338
204,1,-0.19146375358104706,0.8177201747894287,0.2783127725124359,3.158400058746338
206,0,-0.1929248571395874,0.7555549740791321,0.25841644406318665,-3.158400058746338
206,1,-0.20777878165245056,0.8137276768684387,0.2783127725124359,6.316800117492676
208,0,1.8752796649932861,2.683114767074585,2.4885265827178955,0.0
212,0,1.9397382736206055,2.6604018211364746,2.110366106033325,0.7694399952888489
212,1,0.013487177900969982,0.4494377374649048,0.0179952010512352,0.3600800037384033
212,2,2.041414260864258,2.9839272499084473,1.319727897644043,-2.936079978942871
219,0,-0.06341564655303955,1.5845454931259155,1.1083554029464722,3.718400001525879
222,0,3.4585399627685547,5.395803451538086,0.6430519819259644,0.28700000047683716
222,1,3.34254789352417,5.451833724975586,0.7710962891578674,0.5034400224685669
222,2,2.2674143314361572,2.1156904697418213,0.3111558258533478,0.28700000047683716
222,3,-3.5125365257263184,4.620515823364258,2.8036792278289795,0.5017600059509277
222,4,2.8409998416900635,5.734195232391357,0.7716349363327026,0.50764000415802
222,5,0.4493310749530792,2.784313917160034,1.327759861946106,-1.576680064201355
222,6,-3.3724915981292725,4.723979949951172,2.8037877082824707,0.5017600059509277
222,7,2.901660919189453,5.712314605712891,0.7076309323310852,0.2900800108909607
222,8,0.0,0.4480000138282776,0.0,0.0
222,9,0.0,3.848750114440918,0.0,-2.936079978942871
222,10,1.9542945623397827,2.8565847873687744,1.2634069919586182,-3.6582000255584717
222,11,-2.670137643814087,1.7908871173858643,0.22542579472064972,0.0
222,12,-0.5694290399551392,0.3986600637435913,0.013904073275625706,0.0
222,13,-2.6381423473358154,1.846976399421692,0.12888562679290771,0.0
222,14,-0.5694290399551392,0.3986600637435913,0.013904073275625706,0.0
222,15,-0.47887685894966125,0.5038414597511292,0.013904073275625706,0.0
222,16,-0.47381460666656494,0.5086049437522888,0.013904073275625706,0.0
222,17,0.0,3.848750114440918,0.0,-2.936079978942871
222,18,1.9542945623397827,2.8565847873687744,1.2634069919586182,-3.6582000255584717
222,19,-0.0034347488544881344,0.3434634506702423,0.6427267789840698,-0.05375999957323074
226,0,-0.3559523820877075,0.9456687569618225,0.040439214557409286,0.3158400058746338
226,1,-0.23288048803806305,1.2797774076461792,0.26368385553359985,0.6316800117492676
226,2,0.0,4.0960001945495605,0.0,0.0
229,0,0.02554074302315712,0.31857794523239136,0.015993334352970123,0.2886800169944763
229,1,0.0,0.6658668518066406,0.013319111429154873,4.802560329437256
229,2,0.0,2.293635368347168,0.022937117144465446,0.7168000340461731
229,3,-3.0502429008483887,1.0135146379470825,0.5848896503448486,-2.9946000576019287
232,0,-0.41340911388397217,1.0057272911071777,0.043518394231796265,-1.287160038948059
232,1,-0.39144250750541687,0.8765485286712646,0.038419753313064575,0.2900800108909607
232,2,-0.33400362730026245,0.6914401054382324,0.03073180466890335,-7.092679977416992
232,3,-0.4824139475822449,1.321578860282898,0.05630498751997948,-6.233360290527344
232,4,-0.48644188046455383,1.1833988428115845,0.05120634287595749,1.3650000095367432
232,5,-0.4435940384864807,0.9933302998542786,0.04353838786482811,1.436959981918335
232,6,-0.615635871887207,1.2744630575180054,0.05664489418268204,8.748600006103516
240,0,-0.24217531085014343,0.7828870415687561,0.0574580542743206,-8.717240333557129
240,1,-0.2347218543291092,0.786567747592926,0.032851241528987885,-0.3158400058746338
240,2,-0.25237664580345154,0.8457300662994385,0.061881937086582184,-0.3158400058746338
240,3,-0.2617756128311157,0.9103518724441528,0.037909891456365585,8.875160217285156
240,4,0.5521426200866699,3.4213931560516357,1.5894241333007812,-4.70736026763916
240,5,-0.67264723777771,0.4609695374965668,0.11491376161575317,-4.773159980773926
240,6,2.5545108318328857,2.069101095199585,2.551332473754883,-4.841200351715088
240,7,-2.3670005798339844,3.0498464107513428,0.7025120854377747,-5.602800369262695
244,0,-2.794884443283081,1.915352463722229,0.40854784846305847,0.3158400058746338
244,1,0.11957471072673798,5.977939128875732,2.962354898452759,0.0
246,0,-1.831605076789856,5.71791410446167,1.5331006050109863,4.421760082244873
246,1,1.7650693655014038,2.815329074859619,2.474031686782837,-1.970080018043518
246,2,2.2902162075042725,3.141091823577881,2.894307851791382,-7.740040302276611
249,0,1.9465687274932861,2.6144447326660156,2.4268531799316406,1.0592399835586548
251,0,-0.31396546959877014,0.5483521223068237,0.012639157474040985,0.4737600088119507
251,1,0.013487177900969982,0.4494377374649048,0.0179952010512352,0.3600800037384033
251,2,2.041414260864258,2.9839272499084473,1.319727897644043,-2.936079978942871
251,3,0.008699074387550354,0.43489575386047363,0.35900697112083435,-3.224480152130127
251,4,0.007694486994296312,0.3846730589866638,0.0,0.28700000047683716
251,5,0.0,3.6480002403259277,0.0,0.0
251,6,0.06539089232683182,0.6517277956008911,0.0,2.569000005722046
258,0,0.0,0.35725000500679016,0.0,0.0
261,0,-0.2180047631263733,0.8537758588790894,0.07952004671096802,0.4737600088119507
261,1,-0.23396460711956024,0.9162796139717102,0.06630582362413406,-0.3158400058746338
261,2,-0.20945625007152557,0.8559131622314453,0.07952004671096802,0.4737600088119507
264,0,-0.37132829427719116,0.64853835105896,0.12828251719474792,0.4737600088119507
264,1,-0.3816043436527252,0.6985220313072205,0.20324237644672394,0.4737600088119507
264,2,-0.357719361782074,0.759843111038208,0.2783127725124359,0.4737600088119507
264,3,-0.3063175678253174,0.8659475445747375,0.2345389723777771,0.4737600088119507
264,4,1.7077957391738892,1.5002607107162476,0.09097573906183243,-0.3158400058746338
267,0,0.27944883704185486,1.983005166053772,0.060095980763435364,-4.792759895324707
275,0,-2.9870314598083496,2.091235399246216,1.6722772121429443,-4.723880290985107
277,0,-2.6533071994781494,1.9378033876419067,0.06572061777114868,0.0
277,1,0.0,0.7475190162658691,0.5224551558494568,4.587520122528076
277,2,-0.15418899059295654,1.1793800592422485,0.8672211766242981,0.0008399999933317304
280,0,3.9426329135894775,2.760256767272949,2.5056138038635254,7.61460018157959
283,0,-0.17507214844226837,0.8213856816291809,0.2783127725124359,-0.3158400058746338
283,1,-0.1522430181503296,0.8869034051895142,0.2982091009616852,-0.3158400058746338
283,2,1.7045836448669434,2.196331739425659,0.05561129003763199,-0.3158400058746338
283,3,1.743355631828308,2.246288776397705,0.05687620863318443,-0.3158400058746338
283,4,1.6927080154418945,1.5172632932662964,0.09097573906183243,-0.3158400058746338
283,5,1.7397691011428833,1.5594466924667358,0.09350506216287613,-0.3158400058746338
286,0,0.2998708486557007,0.33508214354515076,0.5439489483833313,-4.780159950256348
286,1,0.02554074302315712,0.31857794523239136,0.015993334352970123,0.2886800169944763
286,2,0.0,0.6659666895866394,0.006659889128059149,4.802560329437256
295,0,-0.8109128475189209,2.367457151412964,2.2849931716918945,-5.466160297393799
301,0,0.06783842295408249,3.3914692401885986,2.9751436710357666,4.588079929351807
304,0,-2.7259480953216553,1.750311017036438,1.0735371112823486,2.5267200469970703
304,1,-2.690398931503296,1.8044764995574951,1.0735371112823486,2.5267200469970703
304,2,-2.596850633621216,1.9366852045059204,1.0735371112823486,2.5267200469970703
304,3,-0.39421334862709045,0.6728143692016602,0.25841644406318665,8.211840629577637
304,4,-0.19212135672569275,0.7222022414207458,0.12828251719474792,-0.3158400058746338
304,5,-0.10055803507566452,0.7691609263420105,0.5655789971351624,0.0008399999933317304
318,0,0.4790775775909424,1.8762197494506836,0.6849825382232666,4.237520217895508
320,0,-3.012474775314331,1.45815110206604,0.13394427299499512,0.0
320,1,-2.9845023155212402,1.5190165042877197,0.06698553264141083,0.0
320,2,-2.9375956058502197,1.6078548431396484,0.06698553264141083,0.0
320,3,0.14217296242713928,1.773369312286377,2.5411322116851807,6.898640155792236
323,0,-2.64866304397583,1.934411644935608,0.9431328177452087,-6.000960350036621
323,1,2.236048460006714,3.199295997619629,1.2934976816177368,0.0
326,0,-1.2415108680725098,0.3987804651260376,1.0762252807617188,-9.15824031829834
326,1,-3.5669052600860596,2.8891196250915527,0.6001088619232178,0.6619200110435486
330,0,0.0,5.312000274658203,0.0,0.0
330,1,-2.203623056411743,3.6762001514434814,0.1286206990480423,0.0
336,0,-0.6432440280914307,0.4314299523830414,0.44346553087234497,4.375279903411865
339,0,2.048058032989502,2.8089654445648193,1.8991246223449707,5.608400344848633
339,1,1.5763498544692993,2.2554118633270264,2.7771260738372803,-0.6885200142860413
339,2,2.1899325847625732,3.067523717880249,1.083797812461853,-1.1485600471496582
345,0,-1.4210060834884644,1.49508535861969,1.568037986755371,-4.6782402992248535
347,0,-2.5173263549804688,2.038982391357422,1.0735371112823486,3.632160186767578
350,0,-0.14607632160186768,0.8509788513183594,0.1930786669254303,-0.3158400058746338
350,1,-0.15999209880828857,0.9320462942123413,0.06630582362413406,0.3158400058746338
352,0,-0.3221776783466339,0.684347927570343,0.05303416773676872,0.0
352,1,-0.180310919880867,0.9908852577209473,0.09088967740535736,0.0
352,2,-0.1703932136297226,0.9926388263702393,0.09088967740535736,0.0
352,3,-0.16045847535133362,0.9942930340766907,0.09088967740535736,0.0
358,0,-3.0360171794891357,1.250797152519226,2.4447689056396484,-4.810120105743408
361,0,0.02554074302315712,0.31857794523239136,0.015993334352970123,0.2886800169944763
361,1,0.0,0.6659666895866394,0.006659889128059149,4.802560329437256
369,0,-0.1549217253923416,0.7642529606819153,0.25841644406318665,-0.3158400058746338
369,1,-0.16684967279434204,0.8230953216552734,0.2783127725124359,-0.3158400058746338
371,0,-0.3752345144748688,0.655360758304596,0.06815040856599808,-0.3158400058746338
371,1,-0.40786051750183105,0.7123432159423828,0.032851241528987885,0.3158400058746338
373,0,-3.302833080291748,1.3222445249557495,2.3820598125457764,-4.6681599617004395
375,0,-1.7262300252914429,2.091547966003418,2.629650831222534,-0.5432000160217285
377,0,-0.44773876667022705,0.6013598442077637,0.11331146955490112,0.3158400058746338
377,1,-0.4805019497871399,0.6590210795402527,0.09834358096122742,0.3158400058746338
377,2,-0.5199693441390991,0.7131515741348267,0.061881937086582184,0.3158400058746338
380,0,-0.40044522285461426,0.5980761051177979,0.23852010071277618,-0.3158400058746338
380,1,-0.43384861946105957,0.6479650735855103,0.25841644406318665,3.7900800704956055
380,2,1.737457513809204,1.4658069610595703,0.09097573906183243,0.3158400058746338
380,3,1.7828154563903809,1.5040732622146606,0.16354387998580933,0.3158400058746338
384,0,-2.0558724403381348,2.8797402381896973,0.07077528536319733,0.0
384,1,-1.9978702068328857,2.920279026031494,0.07077528536319733,0.0
392,0,1.6815260648727417,2.2119393348693848,0.11120034009218216,-3.7900800704956055
392,1,0.02554074302315712,0.31857794523239136,0.015993334352970123,0.2886800169944763
395,0,2.203623056411743,3.6762001514434814,0.1286206990480423,0.0002800000074785203
400,0,0.7807016968727112,1.0935591459274292,0.34308746457099915,-4.90447998046875
403,0,2.0175914764404297,2.080702781677246,2.0256595611572266,6.228320121765137
408,0,-0.39248916506767273,0.5736998319625854,0.013904073275625706,0.3158400058746338
408,1,-0.42709165811538696,0.62427818775177,0.05303416773676872,0.3158400058746338
408,2,-0.45668500661849976,0.6820718050003052,0.032851241528987885,-8.401400566101074
408,3,1.831040859222412,1.544758677482605,0.1679677665233612,-0.3158400058746338
408,4,0.020523499697446823,0.5128138661384583,0.0051324148662388325,0.4309200048446655
417,0,0.9790045022964478,1.880491852760315,0.34213584661483765,-8.69204044342041
430,0,1.010251522064209,0.41620969772338867,1.9497145414352417,4.413360118865967
430,1,-3.250702381134033,0.9728710651397705,2.3213863372802734,7.628320217132568
435,0,-0.4092752933502197,0.5613318085670471,0.027802584692835808,-0.3158400058746338
435,1,-0.4991678297519684,0.7296316623687744,0.035380564630031586,5.053440093994141
435,2,-0.19746193289756775,0.9264317750930786,0.037909891456365585,0.3158400058746338
438,0,-0.2053939402103424,0.9184977412223816,0.11348717659711838,0.3158400058746338
441,0,-1.1832172870635986,3.6937737464904785,0.46768566966056824,8.107120513916016
443,0,2.2755370140075684,1.6970552206039429,2.5919628143310547,-4.831399917602539
447,0,-0.2760096490383148,1.6079154014587402,0.19671709835529327,0.0
447,1,-0.2599169611930847,1.6105949878692627,0.19671709835529327,0.0
447,2,-0.24379827082157135,1.6131136417388916,0.19671709835529327,0.0
447,3,-0.21516405045986176,1.5268319845199585,0.3448027968406677,0.0
447,4,-0.22765523195266724,1.6154710054397583,0.19671709835529327,0.0
449,0,-2.5575997829437256,1.9882314205169678,1.0735371112823486,7.106400012969971
449,1,-0.454790860414505,0.7587060928344727,0.01769382134079933,7.264320373535156
452,0,0.5045467615127563,2.7726993560791016,0.08457231521606445,-4.772600173950195
452,1,1.0465664863586426,0.545913577079773,2.8651227951049805,-4.778759956359863
457,0,1.6484171152114868,2.309001922607422,0.1989174634218216,-0.3158400058746338
459,0,0.0,2.188500165939331,0.0,0.0
461,0,-0.4959748685359955,0.7249644994735718,0.1059153825044632,-0.3158400058746338
468,0,0.0032143036369234324,0.3214196562767029,0.006429571192711592,0.21615999937057495
471,0,-0.3473929762840271,0.7379085421562195,0.09834358096122742,-0.4737600088119507
471,1,-0.2834387719631195,0.6346981525421143,0.013904073275625706,-0.4737600088119507
473,0,0.0,3.848750114440918,0.0,-2.936079978942871
473,1,1.9542945623397827,2.8565847873687744,1.2634069919586182,-3.6582000255584717
477,0,-0.8872540593147278,0.4741588532924652,1.348926067352295,4.533760070800781
477,1,0.3684937655925751,1.3852026462554932,1.3353304862976074,4.210080146789551
481,0,-0.4316442906856537,0.34253185987472534,0.4102732837200165,4.857439994812012
484,0,-0.4222782552242279,0.7044668197631836,0.016428904607892036,-1.579200029373169
484,1,1.7799590826034546,1.5016634464263916,0.21015852689743042,0.3158400058746338
484,2,0.0,5.368000030517578,0.0,0.0
484,3,0.020523499697446823,0.5128138661384583,0.0051324148662388325,0.4309200048446655
488,0,3.133742570877075,2.92404842376709,0.1286206990480423,0.0002800000074785203
492,0,-0.4222782552242279,0.7044668197631836,0.016428904607892036,0.3158400058746338
492,1,-0.4461752772331238,0.7614991664886475,0.061881937086582184,0.3158400058746338
503,0,-0.42779767513275146,0.6253101825714111,0.030321914702653885,-0.3158400058746338
507,0,-1.838348388671875,0.757374107837677,2.8399322032928467,4.31003999710083
509,0,-0.5055527687072754,0.5649155378341675,0.01516398973762989,0.3158400058746338
509,1,-0.5477238297462463,0.6120384335517883,0.016428904607892036,0.3158400058746338
509,2,-0.499878466129303,0.5699427127838135,0.01516398973762989,0.3158400058746338
509,3,-0.5415762066841125,0.6174849271774292,0.016428904607892036,0.3158400058746338
509,4,-1.9698103666305542,1.1562535762786865,1.6653649806976318,8.313480377197266
509,5,-3.194931745529175,1.8753840923309326,2.758296489715576,8.313480377197266
509,6,-2.623487949371338,1.5399539470672607,2.360959529876709,8.313480377197266
509,7,-2.0568225383758545,1.2073285579681396,1.8509997129440308,8.098440170288086
509,8,-0.6994611620903015,0.4105747938156128,0.6425652503967285,8.313480377197266
509,9,0.013487177900969982,0.4494377374649048,0.0179952010512352,0.3600800037384033
509,10,2.041414260864258,2.9839272499084473,1.319727897644043,-2.936079978942871
512,0,0.0,3.96025013923645,0.0,0.9909200072288513
512,1,0.0,0.9507500529289246,0.0,0.8492400050163269
512,2,0.0,2.2890000343322754,0.0,0.9200800061225891
512,3,0.0,4.746000289916992,0.0,0.9909200072288513
512,4,0.0,0.9782500267028809,0.0,1.0617600679397583
512,5,0.0,1.099250078201294,0.0,0.8492400050163269
512,6,0.0,2.4875001907348633,0.0,0.9200800061225891
512,7,-0.4169712960720062,0.6650794744491577,0.0629328191280365,-4.888240337371826
512,8,-0.32551562786102295,0.7097704410552979,0.10208688676357269,-4.900279998779297
512,9,0.017901265993714333,0.4472929537296295,0.0313868522644043,0.35840001702308655
512,10,-0.1330845057964325,3.325338125228882,0.0,0.0008399999933317304
522,0,-0.15491396188735962,0.726809561252594,0.15064102411270142,0.0
522,1,-0.1671222597360611,0.7840871810913086,0.17927564680576324,0.0
522,2,-0.1592731475830078,0.7857192158699036,0.17927564680576324,0.0
524,0,0.00422992929816246,0.42297884821891785,0.0,-4.517519950866699
524,1,-2.4375834465026855,3.0143439769744873,1.371298909187317,3.256120204925537
524,2,0.020523499697446823,0.5128138661384583,0.0051324148662388325,0.4309200048446655
543,0,-2.6381423473358154,1.846976399421692,0.12888562679290771,0.0
543,1,-2.600677728652954,1.8993663787841797,0.12888562679290771,0.0
545,0,-0.4090941846370697,0.6382437944412231,0.01516398973762989,-0.3158400058746338
545,1,0.0032143036369234324,0.3214196562767029,0.006429571192711592,0.21615999937057495
545,2,0.0032143036369234324,0.3214196562767029,0.006429571192711592,0.21615999937057495
548,0,2.0720314979553223,2.8418455123901367,1.612977385520935,-1.4235200881958008
548,1,2.1452155113220215,3.135653018951416,0.19012075662612915,3.552640199661255
548,2,0.013487177900969982,0.4494377374649048,0.0179952010512352,0.3600800037384033
551,0,1.957030177116394,2.6841182708740234,1.5234543085098267,2.240000009536743
551,1,-1.5429500341415405,1.9475444555282593,2.945150852203369,7.506240367889404
553,0,0.2647259533405304,3.775620460510254,2.8180160522460938,-8.537199974060059
553,1,1.9465687274932861,2.6144447326660156,2.4268531799316406,-0.001120000029914081
560,0,0.0,3.8692235946655273,0.4665484130382538,7.206920146942139
560,1,1.7986562252044678,2.3175430297851562,2.960752487182617,-5.2555999755859375
565,0,3.329962968826294,3.4341256618499756,0.0,-0.6056399941444397
565,1,0.5505585670471191,0.3613356053829193,0.48015302419662476,3.332280158996582
568,0,-0.19193296134471893,0.8583018183708191,0.0,-1.1384800672531128
568,1,3.508340835571289,1.2048163414001465,2.7046165466308594,4.969160079956055
568,2,0.02554074302315712,0.31857794523239136,0.015993334352970123,0.2886800169944763
568,3,0.0,0.6660000085830688,0.0,4.802560329437256
568,4,0.0,2.293750047683716,0.0,0.7168000340461731
568,5,-3.8601865768432617,1.282637357711792,0.7401977777481079,7.112280368804932
573,0,0.23348674178123474,0.5228416919708252,0.7069410085678101,-8.54896068572998
577,0,3.095895528793335,1.4985297918319702,0.0,-1.5694000720977783
579,0,-2.5575997829437256,1.9882314205169678,1.0735371112823486,-3.4742400646209717
579,1,-0.4697909653186798,0.7170537114143372,0.21889066696166992,-6.948480129241943
582,0,-0.40269142389297485,0.6423027515411377,0.01516398973762989,-0.3158400058746338
582,1,-1.8694106340408325,1.3941733837127686,0.2339845597743988,-6.756960391998291
582,2,-1.6542539596557617,1.2337133884429932,0.2070545107126236,-4.033120155334473
582,3,0.0032143036369234324,0.3214196562767029,0.006429571192711592,0.21615999937057495
587,0,-0.45834553241729736,0.5225884318351746,0.013904073275625706,-0.4737600088119507
587,1,-0.4478027820587158,0.531650185585022,0.013904073275625706,-0.4737600088119507
587,2,-0.48838040232658386,0.5798256397247314,0.01516398973762989,-0.4737600088119507
587,3,-0.4421985149383545,0.5357798933982849,0.027802584692835808,-0.4737600088119507
587,4,0.7251275181770325,4.224286079406738,0.1286206990480423,0.0002800000074785203
587,5,0.3180032968521118,0.5554043054580688,0.0,0.0
587,6,-2.9866623878479004,4.183534145355225,0.567718505859375,0.28672000765800476
587,7,-3.7801334857940674,2.0201470851898193,0.1286206990480423,0.0002800000074785203
593,0,1.8948408365249634,2.7111027240753174,2.4626848697662354,-6.789160251617432
595,0,-0.20671160519123077,0.39705586433410645,0.01791522279381752,-9.171120643615723
595,1,-1.2723430395126343,2.6339504718780518,0.11706878244876862,2.082360029220581
595,2,-1.334057092666626,0.6293463706970215,1.0982425212860107,-2.5298001766204834
598,0,-0.4206717014312744,0.5533666014671326,0.013904073275625706,0.3158400058746338
598,1,-0.4151171147823334,0.5575456023216248,0.013904073275625706,0.3158400058746338
598,2,0.020523499697446823,0.5128138661384583,0.0051324148662388325,0.4309200048446655
598,3,-3.8734498023986816,5.425691604614258,0.7362830638885498,-0.42980000376701355
598,4,-0.3150818347930908,2.4100375175476074,1.772147536277771,0.0008399999933317304
598,5,0.0032143036369234324,0.3214196562767029,0.006429571192711592,0.21615999937057495
598,6,1.1827003955841064,1.9730430841445923,1.0549957752227783,-0.19712001085281372
609,0,-0.5100379586219788,0.6437807679176331,0.016428904607892036,-0.9475200176239014
609,1,-0.4921420216560364,0.7350278496742249,0.01769382134079933,0.3158400058746338
609,2,0.020523499697446823,0.5128138661384583,0.0051324148662388325,0.4309200048446655
612,0,-0.5100379586219788,0.6437807679176331,0.016428904607892036,0.3158400058746338
612,1,-0.49706125259399414,0.653852105140686,0.016428904607892036,0.3158400058746338
612,2,-0.49049800634384155,0.6587899923324585,0.016428904607892036,0.3158400058746338
612,3,-0.5282630920410156,0.7095124125480652,0.01769382134079933,0.3158400058746338
612,4,0.007694486994296312,0.3846730589866638,0.0,0.28700000047683716
617,0,-0.48447638750076294,0.7394684553146362,0.035380564630031586,-0.3158400058746338
619,0,0.020523499697446823,0.5128138661384583,0.0051324148662388325,0.4309200048446655
619,1,2.426513910293579,3.3280274868011475,0.4548938572406769,0.14363999664783478
624,0,0.0,5.53000020980835,0.0,0.0
624,1,0.0032143036369234324,0.3214196562767029,0.006429571192711592,0.21615999937057495
629,0,-2.573164463043213,1.919020652770996,0.28967854380607605,0.0
629,1,0.02554074302315712,0.31857794523239136,0.015993334352970123,0.2886800169944763
629,2,0.0,0.6659666895866394,0.006659889128059149,4.802560329437256
632,0,-0.2484559863805771,0.6044350862503052,0.4865649938583374,0.2805600166320801
637,0,-0.4587908685207367,0.6035099029541016,0.01516398973762989,0.4737600088119507
637,1,-0.4527329206466675,0.608067512512207,0.01516398973762989,0.4737600088119507
637,2,-0.44662973284721375,0.6125643849372864,0.01516398973762989,0.4737600088119507
637,3,-2.274575710296631,2.8710179328918457,1.9069173336029053,-4.701479911804199
637,4,1.9465687274932861,2.6144447326660156,2.4268531799316406,-0.001120000029914081
637,5,0.020523499697446823,0.5128138661384583,0.0051324148662388325,0.4309200048446655
640,0,0.0,4.370250225067139,0.0,0.0
640,1,0.7201809287071228,2.1732165813446045,1.3723573684692383,-4.766160011291504
643,0,0.0,5.760000228881836,0.0,0.0
643,1,2.0799615383148193,3.040271759033203,2.5201404094696045,4.863880157470703
643,2,-0.5164502263069153,0.638648271560669,0.016428904607892036,-5.527200222015381
643,3,-0.47076845169067383,0.5942139625549316,0.01516398973762989,-0.3158400058746338
643,4,-0.5100379586219788,0.6437807679176331,0.016428904607892036,-5.527200222015381
643,5,-0.5493074655532837,0.6933475732803345,0.01769382134079933,-3.7900800704956055
643,6,-0.4587908685207367,0.6035099029541016,0.01516398973762989,-0.3158400058746338
643,7,-0.49706125259399414,0.653852105140686,0.016428904607892036,-5.527200222015381
646,0,0.0036294125020503998,0.36292916536331177,0.6043958067893982,-4.586960315704346
646,1,0.013244272209703922,0.6621253490447998,0.24174296855926514,-4.586960315704346
646,2,0.25700998306274414,4.278357982635498,0.1286206990480423,0.0005600000149570405
646,3,0.22545550763607025,0.5989740490913391,0.0,0.0002800000074785203
649,0,-2.7259480953216553,1.750311017036438,1.0735371112823486,0.9475200176239014
649,1,-0.08719523996114731,2.178718328475952,1.5898072719573975,-6.613039970397949
649,2,0.0032143036369234324,0.3214196562767029,0.006429571192711592,0.21615999937057495
649,3,2.145029306411743,3.135380983352661,1.6061559915542603,-6.569080352783203
649,4,0.0032143036369234324,0.3214196562767029,0.006429571192711592,0.21615999937057495
666,0,-0.45967555046081543,0.5922853946685791,0.11331146955490112,-0.3158400058746338
666,1,-0.4555826187133789,0.5992896556854248,0.09077178686857224,-0.3158400058746338
666,2,-0.48861053586006165,0.6562548875808716,0.07383523136377335,-1.421280026435852
666,3,-0.44491103291511536,0.610207200050354,0.06815040856599808,-0.3158400058746338
666,4,-0.48279720544815063,0.6621690392494202,0.0574580542743206,-1.421280026435852
666,5,0.007694486994296312,0.3846730589866638,0.0,0.28700000047683716
680,0,1.3584250211715698,4.552167892456055,1.2637437582015991,4.619999885559082
680,1,3.01883602142334,3.8897273540496826,2.023932933807373,-4.826920032501221
680,2,0.4195110499858856,1.6429383754730225,1.1600579023361206,-4.887400150299072
680,3,0.9158298969268799,1.180033802986145,0.6140043139457703,-4.826920032501221
687,0,-0.4766869843006134,0.5894766449928284,0.01516398973762989,-1.579200029373169
687,1,-0.47076845169067383,0.5942139625549316,0.01516398973762989,-1.579200029373169
687,2,-0.388905793428421,0.5115805864334106,0.012854143045842648,-1.579200029373169
687,3,0.475750595331192,0.5210338830947876,1.5765715837478638,8.367520332336426
689,0,0.3067297339439392,1.4390833377838135,0.07363180816173553,-4.663120269775391
691,0,-0.45171454548835754,0.6066997051239014,0.05303416773676872,-0.3158400058746338
691,1,-0.44562506675720215,0.6111864447593689,0.05303416773676872,-0.3158400058746338
691,2,-0.4038839042186737,0.5657358765602112,0.013904073275625706,0.3158400058746338
691,3,-0.4394909739494324,0.6156120896339417,0.05303416773676872,-0.3158400058746338
691,4,-0.39248916506767273,0.5736998319625854,0.013904073275625706,0.3158400058746338
691,5,-0.42709165811538696,0.62427818775177,0.05303416773676872,-0.3158400058746338
694,0,0.38813847303390503,0.30800777673721313,0.0,-0.6949599981307983
700,0,-0.573602020740509,0.7545365691184998,0.018958736211061478,0.3158400058746338
705,0,-0.09279746562242508,0.6585028171539307,0.9299373626708984,-4.661159992218018
705,1,0.05979034677147865,5.978835582733154,2.962354898452759,0.0
709,0,-0.3219199776649475,2.6697773933410645,0.026892052963376045,4.425680160522461
711,0,-2.7257163524627686,1.7889074087142944,1.0085365772247314,0.3158400058746338
711,1,0.020523499697446823,0.5128138661384583,0.0051324148662388325,0.4309200048446655
714,0,-3.5355186462402344,2.4229140281677246,0.1286206990480423,0.0002800000074785203
714,1,-0.3180032968521118,0.5554043054580688,0.0,0.0
714,2,-0.4316541254520416,0.5448430180549622,0.013904073275625706,0.3158400058746338
719,0,-0.4587908685207367,0.6035099029541016,0.01516398973762989,-0.3158400058746338
721,0,-0.4217764139175415,0.6299348473548889,0.01516398973762989,0.3158400058746338
721,1,-0.415456086397171,0.6341210603713989,0.01516398973762989,0.3158400058746338
721,2,-0.4501116871833801,0.6870167255401611,0.016428904607892036,1.7371200323104858
721,3,-0.48476725816726685,0.7399124503135681,0.01769382134079933,6.316800117492676
721,4,-0.4090941846370697,0.6382437944412231,0.01516398973762989,0.3158400058746338
721,5,-0.40269142389297485,0.6423027515411377,0.01516398973762989,0.3158400058746338
723,0,-0.5810792446136475,1.0148760080337524,0.8707110285758972,-4.840080261230469
725,0,-0.046927083283662796,0.3589417636394501,0.2639368772506714,0.0008399999933317304
728,0,0.007694486994296312,0.3846730589866638,0.0,0.28700000047683716
731,0,-0.4577588438987732,0.6021523475646973,0.05303416773676872,-2.842560052871704
731,1,-0.4959431290626526,0.6523813009262085,0.0574580542743206,0.3158400058746338
731,2,-0.5350104570388794,0.7037718296051025,0.035380564630031586,0.3158400058746338
731,3,-0.5732578635215759,0.7540838718414307,0.037909891456365585,0.3158400058746338
731,4,-0.4135197103023529,0.5554001331329346,0.06248806044459343,0.3158400058746338
731,5,-0.45171454548835754,0.6066997051239014,0.05303416773676872,3.3163201808929443
731,6,-0.4893946349620819,0.657308042049408,0.0574580542743206,0.3158400058746338
731,7,-2.906834125518799,2.553589344024658,2.6470437049865723,8.428279876708984
735,0,-3.0166356563568115,1.242812156677246,0.3934042453765869,0.0
735,1,-3.0746965408325195,1.2667324542999268,0.4009760618209839,0.0
735,2,-3.1426782608032227,1.294740080833435,0.30673301219940186,0.0
735,3,-3.1905453205108643,1.2772916555404663,0.5194095969200134,0.0
735,4,-2.991178035736084,1.3028922080993652,0.3934042453765869,0.0
735,5,-3.048748731613159,1.3279688358306885,0.4009760618209839,0.0
735,6,-2.17519474029541,2.635525941848755,1.9114580154418945,-0.34272000193595886
735,7,1.9465687274932861,2.6144447326660156,2.4268531799316406,-0.001120000029914081
735,8,-3.0166356563568115,1.242812156677246,0.3934042453765869,0.0
735,9,-3.0746965408325195,1.2667324542999268,0.4009760618209839,0.0
735,10,-3.1426782608032227,1.294740080833435,0.30673301219940186,0.0
735,11,-3.1905453205108643,1.2772916555404663,0.5194095969200134,0.0
735,12,-2.991178035736084,1.3028922080993652,0.3934042453765869,0.0
735,13,-3.048748731613159,1.3279688358306885,0.4009760618209839,0.0
738,0,-2.653773784637451,1.8579200506210327,1.0735371112823486,-0.3158400058746338
738,1,-2.616086959838867,1.9106203317642212,1.0735371112823486,-0.3158400058746338
738,2,-2.495837688446045,1.8613516092300415,1.031778335571289,8.024519920349121
740,0,-2.26428484916687,1.8340239524841309,1.4801456928253174,4.622800350189209
743,0,-3.161565065383911,2.721836805343628,2.066911458969116,-4.897759914398193
746,0,2.7970070838928223,0.8676567077636719,2.1352081298828125,4.62391996383667
752,0,0.010239829309284687,1.0239487886428833,0.0,0.0
752,1,1.7897109985351562,1.0266135931015015,0.0,1.931439995765686
752,2,-0.3947802782058716,1.686062216758728,1.3439521789550781,-2.9904000759124756
755,0,0.013487177900969982,0.4494377374649048,0.0179952010512352,0.3600800037384033
760,0,0.0032143036369234324,0.3214196562767029,0.006429571192711592,0.21615999937057495
760,1,0.022971801459789276,1.1484370231628418,2.566692352294922,-4.892440319061279
760,2,0.4848847985267639,3.440805435180664,1.8090200424194336,-0.2340800017118454
760,3,0.0032143036369234324,0.3214196562767029,0.006429571192711592,0.21615999937057495
764,0,-1.499001145362854,0.49807825684547424,0.9255052208900452,-2.437119960784912
764,1,-1.460891842842102,0.6018672585487366,0.9257579445838928,-2.437119960784912
764,2,-1.4435594081878662,0.6460333466529846,0.926642656326294,-1.935360074043274
769,0,1.3431384563446045,3.090294599533081,0.7181965112686157,-5.897079944610596
771,0,-2.616086959838867,1.9106203317642212,1.0735371112823486,-7.106400012969971
771,1,-0.18327711522579193,0.8195939064025879,0.2783127725124359,7.264320373535156
773,0,-0.1867741197347641,0.45437756180763245,0.3011985421180725,3.1570000648498535
773,1,-0.1867741197347641,0.45437756180763245,0.3011985421180725,6.741000175476074
773,2,-1.5763587951660156,2.2554244995117188,2.5634732246398926,3.135159969329834
773,3,-0.5377891063690186,0.6131669878959656,0.09834358096122742,-0.3158400058746338
778,0,-0.25976479053497314,0.9764801859855652,0.040439214557409286,0.0
778,1,-0.1827695369720459,0.7805881500244141,0.17927564680576324,0.0
778,2,-0.1603284776210785,0.7169702649116516,0.18759407103061676,0.0
778,3,-0.1737024039030075,0.776776909828186,0.20324237644672394,0.0
778,4,0.6771513223648071,2.1890463829040527,2.1778531074523926,-6.434120178222656
778,5,0.02554074302315712,0.31857794523239136,0.015993334352970123,0.2886800169944763
778,6,0.0,0.6659666895866394,0.006659889128059149,4.802560329437256
778,7,0.0,2.293750047683716,0.0,0.7168000340461731
778,8,-2.1415655612945557,0.711585283279419,0.4106490910053253,0.7327600121498108
781,0,-3.3125128746032715,1.944402813911438,0.11526520550251007,-2.7252399921417236
781,1,0.020523499697446823,0.5128138661384583,0.0051324148662388325,0.4309200048446655
784,0,0.7901771664619446,3.2289466857910156,1.6057840585708618,4.197200298309326
787,0,2.071578025817871,2.8412234783172607,1.698540449142456,5.829880237579346
787,1,0.02554074302315712,0.31857794523239136,0.015993334352970123,0.2886800169944763
787,2,0.0,0.6659666895866394,0.006659889128059149,4.802560329437256
790,0,1.7528126239776611,0.8055667877197266,0.19355204701423645,-4.862760066986084
796,0,-0.4822682738304138,0.5843295454978943,0.030321914702653885,0.3158400058746338
796,1,-0.5216347575187683,0.6320270299911499,0.0574580542743206,0.3158400058746338
796,2,-0.4764009416103363,0.5891228914260864,0.030321914702653885,0.3158400058746338
796,3,-0.5152884721755981,0.6372116804122925,0.0574580542743206,0.3158400058746338
796,4,-0.20581366121768951,0.4371753931045532,0.6479093432426453,5.500319957733154
796,5,0.0,3.848750114440918,0.0,-2.936079978942871
796,6,1.9542945623397827,2.8565847873687744,1.2634069919586182,-3.6582000255584717
803,0,1.1203529834747314,2.8050007820129395,1.978914499282837,5.321959972381592
806,0,-0.4587908685207367,0.6035099029541016,0.01516398973762989,0.3158400058746338
806,1,-0.44718122482299805,0.7632160186767578,0.01769382134079933,-8.875160217285156
808,0,0.08000364899635315,3.9996492862701416,0.12004949152469635,-7.402080059051514
808,1,-0.4463617205619812,0.6121968030929565,0.030321914702653885,0.3158400058746338
808,2,-0.4769385755062103,0.6680663824081421,0.032851241528987885,0.3158400058746338
814,0,-0.43708091974258423,0.5404993295669556,0.013904073275625706,-0.3158400058746338
814,1,0.0,5.587250232696533,0.0,0.0
814,2,0.0032143036369234324,0.3214196562767029,0.006429571192711592,0.21615999937057495
817,0,-2.008507251739502,2.3845839500427246,2.321298837661743,-4.612720012664795
817,1,-0.1969020664691925,1.6329669952392578,1.8349868059158325,8.153039932250977
821,0,-0.1737024039030075,0.776776909828186,0.20324237644672394,0.0
821,1,-0.15315088629722595,0.7185376882553101,0.18759407103061676,0.0
821,2,-0.1645805686712265,0.7721623182296753,0.22702619433403015,0.0
821,3,-0.134795680642128,0.6649680733680725,0.15172414481639862,0.0
821,4,-0.14595796167850494,0.7200332880020142,0.18759407103061676,0.0
821,5,-0.15685082972049713,0.7737695574760437,0.22702619433403015,0.0
821,6,0.013487177900969982,0.4494377374649048,0.0179952010512352,0.3600800037384033
824,0,-0.1787012666463852,0.8384124636650085,0.21889066696166992,-0.3158400058746338
824,1,-0.1522430181503296,0.8869034051895142,0.2982091009616852,-0.3158400058746338
826,0,-0.41331416368484497,1.0054962635040283,0.04350839555263519,7.457800388336182
826,1,0.013487177900969982,0.4494377374649048,0.0179952010512352,0.3600800037384033
826,2,2.041414260864258,2.9839272499084473,1.319727897644043,-2.936079978942871
830,0,-0.46557533740997314,0.5876590609550476,0.11331146955490112,8.559320449829102
830,1,-0.5044116973876953,0.6366791129112244,0.12276343256235123,8.559320449829102
830,2,-0.42454424500465393,0.5470192432403564,0.06248806044459343,5.053440093994141
830,3,-0.45967555046081543,0.5922853946685791,0.11331146955490112,8.401400566101074
830,4,-0.500053346157074,0.6443116664886475,0.09834358096122742,8.559320449829102
830,5,-0.4135197103023529,0.5554001331329346,0.06248806044459343,5.053440093994141
830,6,-0.45372986793518066,0.5968524813652039,0.11331146955490112,8.401400566101074
830,7,-0.5473600625991821,0.7200170159339905,0.10905782878398895,8.559320449829102
830,8,0.12779003381729126,0.7022606730461121,1.4378204345703125,4.122440338134766
830,9,-0.7368231415748596,1.649951696395874,0.0,6.02448034286499
830,10,-0.5643677711486816,1.1683300733566284,0.0,-7.881160259246826
830,11,-0.6585352420806885,1.8040653467178345,0.0,-8.885519981384277
836,0,0.0032143036369234324,0.3214196562767029,0.006429571192711592,0.21615999937057495
836,1,2.1957995891571045,0.9046391248703003,0.09504465758800507,-4.884880065917969
839,0,0.013487177900969982,0.4494377374649048,0.0179952010512352,0.3600800037384033
839,1,2.041414260864258,2.9839272499084473,1.319727897644043,-2.936079978942871
846,0,-0.44662973284721375,0.6125643849372864,0.01516398973762989,-0.3158400058746338
846,1,-0.4772249460220337,0.6684675216674805,0.016428904607892036,-0.3158400058746338
848,0,-0.39248916506767273,0.5736998319625854,0.013904073275625706,0.3158400058746338
855,0,-2.2764670848846436,1.6977488994598389,0.3712722063064575,0.28727999329566956
855,1,2.073695182800293,1.9349339008331299,0.39968639612197876,0.28700000047683716
855,2,0.0032143036369234324,0.3214196562767029,0.006429571192711592,0.21615999937057495
857,0,0.0337400957942009,1.6867799758911133,1.7027168273925781,-4.7311601638793945
857,1,0.012010719627141953,1.2010319232940674,1.870590090751648,-4.655839920043945
860,0,2.1032660007476807,2.8846845626831055,1.509385585784912,-3.254160165786743
864,0,-2.8071000576019287,1.8024181127548218,0.3010481894016266,0.0
864,1,-2.7704925537109375,1.8581960201263428,0.3010481894016266,0.0
864,2,2.1523873805999756,2.9520559310913086,1.2923458814620972,-3.0321199893951416
868,0,-0.5088906288146973,0.6423326134681702,0.0574580542743206,0.3158400058746338
868,1,-1.9181262254714966,2.324054718017578,2.2907819747924805,-5.137720108032227
868,2,2.2542355060577393,3.3667638301849365,0.7792319059371948,5.331480026245117
868,3,0.020523499697446823,0.5128138661384583,0.0051324148662388325,0.4309200048446655
871,0,-2.441833972930908,3.0196001529693604,1.4175395965576172,-3.0604000091552734
874,0,2.0383143424987793,2.979395866394043,1.4838753938674927,8.657600402832031
877,0,0.032304879277944565,0.3579734265804291,0.007189520634710789,-4.663959980010986
879,0,-0.40559861063957214,0.839652955532074,0.22819451987743378,-3.7954001426696777
879,1,1.1674033403396606,0.5224457383155823,0.051186349242925644,-6.654200077056885
881,0,-2.690398931503296,1.8044764995574951,1.0735371112823486,-3.632160186767578
881,1,-2.653773784637451,1.8579200506210327,1.0735371112823486,-3.632160186767578
881,2,-2.616086959838867,1.9106203317642212,1.0735371112823486,-3.948000192642212
881,3,0.0,3.848750114440918,0.0,-2.936079978942871
881,4,1.9542945623397827,2.8565847873687744,1.2634069919586182,-3.6582000255584717
886,0,2.117501974105835,2.904209613800049,1.562150001525879,-8.364720344543457
894,0,-0.15197069942951202,1.514638066291809,2.0843074321746826,1.4868000745773315
894,1,0.02554074302315712,0.31857794523239136,0.015993334352970123,0.2886800169944763
894,2,0.0,0.6659666895866394,0.006659889128059149,4.802560329437256
894,3,0.0,2.293750047683716,0.0,0.7168000340461731
897,0,-0.34575843811035156,0.6482304334640503,0.18759407103061676,0.4737600088119507
897,1,-0.3746001422405243,0.7023031115531921,0.20324237644672394,0.4737600088119507
897,2,-0.403441846370697,0.7563757300376892,0.21889066696166992,0.4737600088119507
897,3,-0.22997766733169556,0.982208788394928,0.07072970271110535,-0.4737600088119507
897,4,-0.16849952936172485,0.9259766340255737,0.11348717659711838,-0.4737600088119507
899,0,-0.6416069865226746,2.621835947036743,2.5145654678344727,4.386480331420898
899,1,-0.3528450131416321,0.6615164279937744,0.11331146955490112,0.3158400058746338
899,2,-0.38227787613868713,0.7166973948478699,0.12276343256235123,0.3158400058746338
899,3,-0.31744691729545593,0.6097585558891296,0.103896863758564,-0.3158400058746338
899,4,-0.34621232748031616,0.6650117635726929,0.11331146955490112,0.3158400058746338
899,5,-0.37509194016456604,0.7204842567443848,0.12276343256235123,0.3158400058746338
899,6,0.0,3.6480002403259277,0.0,0.0
899,7,0.06539089232683182,0.6517277956008911,0.0,2.569000005722046
899,8,0.04866516590118408,1.2159801721572876,2.0732197761535645,0.7786800265312195
899,9,0.057440679520368576,1.4352511167526245,2.4470720291137695,0.9200800061225891
899,10,0.05444972217082977,1.3605170249938965,2.3196518421173096,0.7786800265312195
899,11,-0.053616512566804886,0.444657564163208,0.763012170791626,-0.4737600088119507
899,12,-0.06585785001516342,0.5962909460067749,0.19880607724189758,-0.4737600088119507
899,13,-0.07244884222745895,0.6559672355651855,0.21870240569114685,-0.4737600088119507
899,14,-0.07901379466056824,0.7154077291488647,0.23852010071277618,-0.4737600088119507
899,15,-0.08560478687286377,0.7750839591026306,0.25841644406318665,-0.4737600088119507
899,16,-0.05989174544811249,0.5969197154045105,0.19880607724189758,-0.4737600088119507
899,17,-0.06588565558195114,0.656658947467804,0.21870240569114685,-0.4737600088119507
899,18,-0.07185588032007217,0.7161620855331421,0.23852010071277618,-0.4737600088119507
903,0,1.4492436647415161,2.717052698135376,2.7008397579193115,0.017079999670386314
905,0,0.3444032669067383,5.7331647872924805,0.0,3.580360174179077
905,1,-0.7584042549133301,1.5700161457061768,1.218632459640503,-6.943160057067871
905,2,-3.3573944568634033,2.664264440536499,0.1286206990480423,0.0002800000074785203
905,3,-0.4024275541305542,0.4976465702056885,0.0,0.0
905,4,0.7346718311309814,0.3647211790084839,0.5257365107536316,-8.954959869384766
905,5,-0.8278341889381409,0.48592808842658997,0.31810542941093445,0.0
905,6,-0.8179506659507751,0.5023865103721619,0.31810542941093445,0.0
905,7,-1.7867376804351807,3.8958914279937744,0.1286206990480423,0.0002800000074785203
905,8,0.025593174621462822,0.6394881010055542,0.0,0.0002800000074785203
909,0,0.9792769551277161,2.955064296722412,0.28093788027763367,2.2943201065063477
909,1,-2.2528107166290283,2.144604444503784,0.3120792806148529,2.2940399646759033
909,2,-2.422471046447754,2.9351327419281006,0.9313189387321472,-8.218840599060059
909,3,1.9465687274932861,2.6144447326660156,2.4268531799316406,-0.001120000029914081
912,0,-0.021143661811947823,0.30155882239341736,0.47080305218696594,0.7786800265312195
912,1,-0.09006571024656296,0.9980267882347107,0.5216950178146362,0.7078400254249573
912,2,0.020056162029504776,0.5011366009712219,0.8544270396232605,0.7786800265312195
912,3,2.105529546737671,2.887788772583008,1.7263782024383545,0.5026000142097473
915,0,-0.4849582016468048,0.3616732656955719,0.7027094960212708,-4.751880168914795
915,1,-0.8085821866989136,1.7630727291107178,2.163933038711548,-4.722760200500488
918,0,-0.1494750827550888,0.3439124524593353,0.05667441338300705,-0.3158400058746338
918,1,0.6541209816932678,1.7378216981887817,1.3825074434280396,4.5726799964904785
918,2,0.020523499697446823,0.5128138661384583,0.0051324148662388325,0.4309200048446655
918,3,2.3209221363067627,3.1832056045532227,0.1182197630405426,8.71835994720459
924,0,-0.1386437863111496,0.3471190929412842,0.06416241079568863,-0.3158400058746338
924,1,-0.16176632046699524,0.4050104022026062,0.07486319541931152,-0.3158400058746338
924,2,-0.851510763168335,4.200634956359863,0.1286206990480423,0.0002800000074785203
924,3,0.12714837491512299,0.6272426843643188,0.0,0.0002800000074785203
930,0,-0.1751161813735962,0.4029075503349304,0.05297265201807022,0.3158400058746338
930,1,-0.20068150758743286,0.4617282748222351,0.04543360695242882,4.263840198516846
930,2,-0.17107842862606049,0.40463852882385254,0.05297265201807022,0.3158400058746338
930,3,-0.19605427980422974,0.4637119770050049,0.04543360695242882,4.421760082244873
930,4,-0.16702355444431305,0.40632909536361694,0.05297265201807022,0.3158400058746338
930,5,0.0,1.3840000629425049,0.0,-0.35840001702308655
930,6,0.00643615098670125,0.32176467776298523,0.2108522206544876,0.28700000047683716
930,7,0.21193304657936096,5.2955002784729,0.37158888578414917,0.35840001702308655
930,8,0.0,2.880000114440918,0.0,0.0
930,9,0.06539089232683182,0.6517277956008911,0.0,2.569000005722046
930,10,-0.19086657464504242,0.4391460716724396,0.3069157302379608,0.3158400058746338
930,11,-0.17107842862606049,0.40463852882385254,0.05297265201807022,0.3158400058746338
930,12,-0.19605427980422974,0.4637119770050049,0.04543360695242882,0.3158400058746338
930,13,-0.2209392935037613,0.5225705504417419,0.03977999463677406,0.3158400058746338
930,14,-0.14256739616394043,0.3468330204486847,0.05667441338300705,0.3158400058746338
930,15,-0.16702355444431305,0.40632909536361694,0.05297265201807022,0.3158400058746338
935,0,-1.0018792152404785,1.6713876724243164,2.3098020553588867,4.606840133666992
937,0,1.9465687274932861,2.6144447326660156,2.4268531799316406,-0.001120000029914081
937,1,0.0032143036369234324,0.3214196562767029,0.006429571192711592,0.21615999937057495
937,2,0.11858244240283966,2.3696722984313965,0.19021695852279663,-4.901400089263916
937,3,0.013487177900969982,0.4494377374649048,0.0179952010512352,0.3600800037384033
945,0,0.15010790526866913,0.6133946180343628,0.025273259729146957,0.3158400058746338
945,1,0.15597638487815857,0.6108530163764954,0.04420388117432594,0.3158400058746338
945,2,0.16207702457904816,0.6092627644538879,0.04420388117432594,0.3158400058746338
945,3,0.0,0.30000001192092896,0.0,0.0
945,4,0.020523499697446823,0.5128138661384583,0.0051324148662388325,0.4309200048446655
956,0,-0.16580826044082642,0.40337255597114563,0.07486319541931152,0.3158400058746338
956,1,-0.1386437863111496,0.3471190929412842,0.06416241079568863,0.3158400058746338
956,2,-0.16176632046699524,0.4050104022026062,0.07486319541931152,0.3158400058746338
959,0,-2.263547658920288,2.91654896736145,1.6046018600463867,-2.9974000453948975
959,1,-2.3938376903533936,3.084425687789917,0.15625832974910736,-9.016560554504395
962,0,-0.12565423548221588,0.5619111061096191,0.023043854162096977,1.7936800718307495
962,1,-0.09768867492675781,0.436852365732193,0.01791522279381752,-2.220400094985962
962,2,-0.5855841040611267,3.874570846557617,1.5198698043823242,7.14840030670166
971,0,-0.14383335411548615,0.3499127924442291,0.026525825262069702,-0.3158400058746338
971,1,-0.09763628989458084,0.4366181194782257,0.03136936575174332,8.7466402053833
971,2,0.0032143036369234324,0.3214196562767029,0.006429571192711592,0.21615999937057495
971,3,0.0,3.0117502212524414,0.0,0.0
971,4,0.007694486994296312,0.3846730589866638,0.0,0.28700000047683716
971,5,0.0,2.240000009536743,0.0,0.0
971,6,-0.11260997503995895,2.8137476444244385,0.0,0.0008399999933317304
971,7,0.06539089232683182,0.6517277956008911,0.0,2.569000005722046
975,0,2.212815523147583,3.1660547256469727,1.4099957942962646,0.0
978,0,2.160398244857788,3.091057062149048,1.6390814781188965,0.0
981,0,-0.25171959400177,0.579156756401062,0.025273259729146957,0.0
981,1,-0.24591554701328278,0.5816449522972107,0.025273259729146957,0.0
981,2,0.0,3.6480002403259277,0.0,0.0
981,3,-1.4574888944625854,2.732511043548584,2.0735576152801514,6.614720344543457
981,4,0.020523499697446823,0.5128138661384583,0.0051324148662388325,0.4309200048446655
981,5,0.0,1.4407501220703125,0.0,-1.075200080871582
981,6,0.007694486994296312,0.3846730589866638,0.0,0.28700000047683716
985,0,0.0,1.4407501220703125,0.0,-1.075200080871582
992,0,-2.921557664871216,1.4869797229766846,0.2298496812582016,0.0
992,1,-2.9777886867523193,1.5155994892120361,0.23427358269691467,0.0
992,2,-2.948202610015869,1.5755536556243896,0.23437848687171936,0.0
992,3,-1.1578364372253418,1.523059368133545,0.3679443597793579,4.508840084075928
992,4,3.7223823070526123,1.9892841577529907,1.8344001770019531,4.170599937438965
992,5,-2.424609422683716,3.189417839050293,0.4019792675971985,-0.1624000072479248
992,6,1.8528069257736206,2.5952987670898438,2.4748458862304688,5.500600337982178
992,7,0.0,4.286070823669434,0.1286206990480423,0.0005600000149570405
995,0,-0.16702355444431305,0.40632909536361694,0.05297265201807022,0.7896000146865845
995,1,-0.1629519909620285,0.40797895193099976,0.05297265201807022,0.7896000146865845
995,2,-0.1588641256093979,0.4095880687236786,0.05297265201807022,0.7896000146865845
995,3,-0.1541309654712677,0.4094841182231903,0.06612637639045715,0.3158400058746338
995,4,-0.15002849698066711,0.411004900932312,0.06612637639045715,0.3158400058746338
995,5,-0.1673654317855835,0.473135381937027,0.06051452085375786,-3.0004801750183105
997,0,-0.16228929162025452,0.4063197672367096,0.06612637639045715,-6.474720001220703
997,1,-0.1351657211780548,0.3484881818294525,0.06416241079568863,0.3158400058746338
997,2,-0.15821805596351624,0.4079223573207855,0.06612637639045715,0.3158400058746338
997,3,-0.180744007229805,0.46599942445755005,0.07554097473621368,0.3158400058746338
997,4,-0.131674125790596,0.34982240200042725,0.06416241079568863,0.3158400058746338
997,5,-0.1541309654712677,0.4094841182231903,0.06612637639045715,0.3158400058746338
997,6,-0.1760750412940979,0.46778354048728943,0.07554097473621368,0.3158400058746338
1000,0,-0.3914536237716675,0.3878673017024994,0.1407110095024109,-0.1579200029373169
1000,1,-0.14314955472946167,0.34824925661087036,0.04540085420012474,8.717240333557129
1000,2,-0.13909201323986053,0.34824129939079285,0.05667441338300705,8.717240333557129
1000,3,-0.1629519909620285,0.40797895193099976,0.05297265201807022,0.3158400058746338
1000,4,0.0032143036369234324,0.3214196562767029,0.006429571192711592,0.21615999937057495
1006,0,-0.1894148588180542,0.4608018696308136,0.08552167564630508,-0.3158400058746338
1009,0,-0.18576127290725708,0.39458146691322327,0.07486319541931152,0.3158400058746338
1009,1,-2.090397357940674,4.558006286621094,0.10030330717563629,0.3158400058746338
1013,0,0.0,0.6517500281333923,0.0,3.680600166320801
1013,1,-1.7843478918075562,2.846078872680664,1.3029005527496338,8.008560180664062
1016,0,-0.11514418572187424,0.4328378140926361,0.017925219610333443,2.725800037384033
1016,1,-0.164483442902565,0.551194429397583,0.03455425798892975,3.1561601161956787
1016,2,-0.11514418572187424,0.4328378140926361,0.017925219610333443,1.3638800382614136
1016,3,-0.164483442902565,0.551194429397583,0.03455425798892975,2.7260801792144775
1016,4,-0.11507996916770935,0.4325964152812958,0.01791522279381752,-1.2882800102233887
1021,0,-0.4229395091533661,0.31542080640792847,0.04761316254734993,4.410840034484863
1024,0,-0.3425162732601166,1.1477936506271362,0.0839838832616806,0.0
1024,1,-0.31358474493026733,1.0905234813690186,0.07955998927354813,0.0
1024,2,-0.3304910361766815,1.1493169069290161,0.10792167484760284,0.0
1024,3,-0.3021790385246277,1.0918525457382202,0.10223685204982758,0.0
1024,4,-0.31898149847984314,1.152564287185669,0.10792167484760284,0.0
1024,5,-0.29032617807388306,1.0913634300231934,0.13617263734340668,0.0
1024,6,0.0,0.9147500395774841,0.0,0.0
1028,0,-0.8148823380470276,1.299757480621338,0.07676799595355988,4.377799987792969
1028,1,-2.8021903038024902,5.9522223472595215,0.7932729125022888,-4.906440258026123
1031,0,-0.23006445169448853,0.4419125020503998,0.08552167564630508,0.4737600088119507
1031,1,-0.2607482075691223,0.5008504986763,0.06808631867170334,0.4737600088119507
1031,2,-0.3602706789970398,0.8521203398704529,0.20688170194625854,0.4737600088119507
1031,3,-0.013362585566937923,0.6680402159690857,0.1921362727880478,-0.3158400058746338
1031,4,0.0,5.828549385070801,0.46728119254112244,-8.36948013305664
1031,5,-0.6549137234687805,0.9996112585067749,0.9863144755363464,4.602640151977539
1033,0,0.02025841362774372,0.4048306345939636,0.12095778435468674,-3.5806400775909424
1036,0,0.007694486994296312,0.3846730589866638,0.0,0.28700000047683716
1040,0,2.6633546352386475,2.4357733726501465,1.74345064163208,-5.68120002746582
1040,1,-3.092834949493408,2.609272003173828,2.1066367626190186,4.484760284423828
1040,2,0.0032143036369234324,0.3214196562767029,0.006429571192711592,0.21615999937057495
1043,0,2.072345018386841,2.411024808883667,1.535754680633545,-4.779320240020752
1043,1,0.020523499697446823,0.5128138661384583,0.0051324148662388325,0.4309200048446655
1043,2,0.020523499697446823,0.5128138661384583,0.0051324148662388325,0.4309200048446655
1046,0,-1.8041185140609741,2.3245809078216553,2.8532843589782715,-4.02947998046875
1049,0,-0.06504534184932709,0.5394402742385864,0.16807711124420166,-0.4737600088119507
1049,1,-0.09451363235712051,0.7838294506072998,0.22702619433403015,0.6316800117492676
1049,2,0.0032143036369234324,0.3214196562767029,0.006429571192711592,0.21615999937057495
1054,0,-0.05391965061426163,0.5974887609481812,0.19880607724189758,-0.3158400058746338
1054,1,0.0,0.6500000357627869,0.0,0.0
1054,2,1.1956852674484253,3.0827503204345703,1.3206623792648315,4.530680179595947
1056,0,0.0,4.250250339508057,0.0,0.0
1059,0,0.0,1.152000069618225,0.0,0.0
1064,0,-2.5144195556640625,3.2397940158843994,0.04101181775331497,-5.615960121154785
1064,1,-2.0776162147521973,2.5172970294952393,2.1853861808776855,1.0550400018692017
1070,0,1.7217693328857422,2.3614518642425537,2.668494462966919,-7.4404401779174805
1072,0,0.17430031299591064,0.334799587726593,0.2472958117723465,4.445280075073242
1075,0,-0.21265172958374023,0.6416974663734436,1.2350983619689941,-4.011559963226318
1075,1,-0.23184522986412048,0.6351428031921387,1.2353177070617676,2.5116000175476074
1075,2,-0.2634548842906952,0.7217378616333008,1.4037401676177979,2.296560049057007
1075,3,-0.5256720781326294,1.278836727142334,0.26591333746910095,-1.0721200704574585
1075,4,-0.7788347601890564,1.612310528755188,0.07166089117527008,-8.024519920349121
1078,0,-0.09832391887903214,0.8154292702674866,0.016428904607892036,-0.3158400058746338
1078,1,-0.09016484767198563,0.816371738910675,0.016428904607892036,-0.3158400058746338
1080,0,-2.73384952545166,5.381955146789551,2.8418684005737305,0.14336000382900238
1080,1,1.3235788345336914,5.918889999389648,2.7815701961517334,0.14363999664783478
1080,2,1.7856649160385132,0.7566438913345337,2.7700963020324707,-4.3195600509643555
1080,3,1.9465687274932861,2.6144447326660156,2.4268531799316406,-0.001120000029914081
1084,0,-0.13621290028095245,0.7935187220573425,0.16320686042308807,-1.2633600234985352
1084,1,-0.12827102839946747,0.7948411107063293,0.16320686042308807,-7.106400012969971
1084,2,-0.11105278879404068,0.7347909808158875,0.15064102411270142,0.7896000146865845
1084,3,-0.12099377065896988,0.8005664348602295,0.13898330926895142,0.3158400058746338
1084,4,-0.1036994531750679,0.7358647584915161,0.15064102411270142,0.7896000146865845
1084,5,-0.11298219859600067,0.8017362952232361,0.13898330926895142,0.3158400058746338
1084,6,-0.12257292866706848,0.8697933554649353,0.1059153825044632,0.3158400058746338
1084,7,0.39938563108444214,1.6320325136184692,1.250975251197815,-8.232840538024902
1084,8,0.020523499697446823,0.5128138661384583,0.0051324148662388325,0.4309200048446655
1087,0,-0.10726191103458405,0.8204383850097656,0.6032842397689819,0.0008399999933317304
1089,0,-0.15061089396476746,0.7429869174957275,0.01516398973762989,8.559320449829102
1089,1,-0.14671263098716736,0.8062483072280884,0.0574580542743206,-0.3158400058746338
1092,0,-2.5460009574890137,3.148414373397827,0.6950433850288391,-8.519559860229492
1092,1,0.19117756187915802,1.0506020784378052,2.1510205268859863,4.122440338134766
1092,2,1.699581503868103,1.376625895500183,0.3305571675300598,0.3158400058746338
1097,0,0.09449276328086853,2.3610589504241943,0.16567713022232056,0.35840001702308655
1097,1,2.9409894943237305,3.71217942237854,0.0,0.7459200024604797
1097,2,0.0,2.624000072479248,0.0,0.0
1099,0,-0.27099937200546265,0.575638473033905,0.6956848502159119,-4.964960098266602
1104,0,0.1431153416633606,2.859921455383301,0.0,3.268160104751587
1104,1,1.9518343210220337,1.7146432399749756,1.8942478895187378,8.439200401306152
1114,0,-3.6066043376922607,2.3157737255096436,0.1286206990480423,0.0002800000074785203
1114,1,-0.3180032968521118,0.5554043054580688,0.0,0.0
1119,0,0.3182382583618164,0.31532272696495056,0.0,-7.58296012878418
1119,1,0.3305932581424713,0.30234435200691223,0.0,-2.4222800731658936
1119,2,0.3182382583618164,0.31532272696495056,0.0,-7.58296012878418
1119,3,0.3305932581424713,0.30234435200691223,0.0,-1.7771600484848022
1119,4,-0.16840800642967224,0.40969711542129517,1.2104991674423218,4.316200256347656
1119,5,-0.9195371270179749,2.519083023071289,1.7188628911972046,5.787320137023926
1128,0,0.007694486994296312,0.3846730589866638,0.0,0.28700000047683716
1128,1,0.10725800693035126,2.6800198554992676,0.18805883824825287,0.35840001702308655
1130,0,0.0032143036369234324,0.3214196562767029,0.006429571192711592,0.21615999937057495
1136,0,0.6035152673721313,0.5519454479217529,1.877612829208374,8.97484016418457
1136,1,1.4297382831573486,1.3075684309005737,0.6636400818824768,-8.443400382995605
1136,2,1.4297382831573486,1.3075684309005737,0.6636400818824768,-7.583240032196045
1139,0,1.0783382654190063,3.8963205814361572,1.0322930812835693,4.459000110626221
1145,0,0.7141489386558533,1.218856930732727,1.2642180919647217,4.33243989944458
1145,1,1.5583492517471313,3.489577054977417,0.49964240193367004,4.273360252380371
1155,0,-1.386818766593933,3.7992067337036133,2.369687557220459,-4.764480113983154
1158,0,-0.11167805641889572,0.7389280796051025,0.12828251719474792,-0.3158400058746338
1160,0,1.2637643814086914,2.6844022274017334,2.2555298805236816,-4.904200077056885
1160,1,0.6634326577186584,0.7121459245681763,2.659764289855957,-4.882920265197754
1166,0,2.0547256469726562,2.818110227584839,1.8602665662765503,0.8478400111198425
1166,1,2.0077712535858154,2.9986624717712402,1.1959034204483032,1.0096800327301025
1168,0,-0.006852164398878813,0.6851935982704163,0.11762402951717377,9.159080505371094
1168,1,1.8618041276931763,2.1227593421936035,0.34046152234077454,-0.3158400058746338
1173,0,-0.6056553721427917,0.38888680934906006,0.23852010071277618,0.0
1173,1,-0.0071974582970142365,0.7197218537330627,0.23852010071277618,0.0
1173,2,0.0077978395856916904,0.7797579765319824,0.25841644406318665,0.0
1173,3,0.020523499697446823,0.5128138661384583,0.0051324148662388325,0.4309200048446655
1183,0,0.0,2.2062501907348633,0.0,0.7078400254249573
1183,1,0.0,0.7407500147819519,0.0,0.6370000243186951
1183,2,0.0,2.6282501220703125,0.0,0.7078400254249573
1183,3,0.0,4.449250221252441,0.0,0.7786800265312195
1183,4,0.0,0.7110000252723694,0.0,0.6370000243186951
1183,5,0.0,2.8852500915527344,0.0,0.7078400254249573
1183,6,0.0,4.557750225067139,0.0,0.7786800265312195
1187,0,-0.18057724833488464,0.6051257848739624,0.025273259729146957,0.3158400058746338
1187,1,-0.17158636450767517,0.6719866394996643,0.04862776771187782,-0.3158400058746338
1187,2,-0.1645938903093338,0.6725895404815674,0.06248806044459343,-0.3158400058746338
1187,3,-0.15785987675189972,0.6742017865180969,0.06248806044459343,-0.3158400058746338
1187,4,-0.1411379724740982,0.7338711023330688,0.12828251719474792,-0.3158400058746338
1187,5,-0.125034362077713,0.7747848033905029,0.24276985228061676,-0.3158400058746338
1191,0,-0.006294316612184048,0.6294106841087341,0.05680324137210846,-0.3158400058746338
1191,1,0.0,0.6294421553611755,0.05680324137210846,-0.3158400058746338
1191,2,0.006304417736828327,0.6304207444190979,0.04420388117432594,-0.3158400058746338
1191,3,0.012608204036951065,0.6303262114524841,0.04420388117432594,0.3158400058746338
1191,4,0.018910730257630348,0.630168616771698,0.04420388117432594,0.3158400058746338
1191,5,1.7325992584228516,1.403369665145874,0.45197272300720215,0.3158400058746338
1197,0,-0.25121206045150757,0.6476821899414062,0.027802584692835808,0.3158400058746338
1197,1,-0.2225928008556366,0.5913686156272888,0.012639157474040985,0.3158400058746338
1197,2,1.8301454782485962,1.5129369497299194,0.35887569189071655,0.3158400058746338
1197,3,1.8039214611053467,1.46113920211792,0.2799170911312103,0.3158400058746338
1203,0,-0.1581331491470337,0.7800953984260559,0.20324237644672394,-0.3158400058746338
1203,1,-0.13875046372413635,0.7214568257331848,0.18759407103061676,-0.3158400058746338
1205,0,-0.2626197040081024,0.5726290345191956,0.05050608515739441,0.0
1205,1,-0.2576530873775482,0.5769568681716919,0.012639157474040985,0.0
1205,2,-0.28326869010925293,0.6343173384666443,0.027802584692835808,0.0
1205,3,-0.251870721578598,0.5795044898986816,0.012639157474040985,0.0
1205,4,3.3478288650512695,2.149616003036499,1.8246434926986694,-4.857719898223877
1205,5,0.2501070499420166,1.3744447231292725,2.814061403274536,4.122440338134766
1208,0,0.582078218460083,0.46190887689590454,0.7499554753303528,4.407760143280029
1215,0,-2.800222396850586,1.5692578554153442,0.28967854380607605,0.0
1215,1,-2.7682793140411377,1.6249446868896484,0.28967854380607605,0.0
1215,2,-2.735229015350342,1.6799815893173218,0.28967854380607605,0.0
1215,3,-2.6567447185516357,1.6685935258865356,0.3782905638217926,0.0
1215,4,-2.701084613800049,1.7343463897705078,0.28967854380607605,0.0
1215,5,-2.6228437423706055,1.7213913202285767,0.3782905638217926,0.0
1215,6,-2.6658596992492676,1.788017749786377,0.28967854380607605,0.0
1221,0,-1.8522149324417114,1.062467098236084,2.3348147869110107,-4.925480365753174
1224,0,0.013487177900969982,0.4494377374649048,0.0179952010512352,0.3600800037384033
1233,0,-1.937792181968689,0.9141606688499451,1.595258355140686,2.8725199699401855
1233,1,-0.9882384538650513,3.085087776184082,1.0735371112823486,-0.3158400058746338
1233,2,-0.9263431429862976,3.104234457015991,1.0735371112823486,-0.3158400058746338
1233,3,-0.8952550888061523,3.113342523574829,1.0735371112823486,-0.3158400058746338
1233,4,-0.8640773296356201,3.1221392154693604,1.0735371112823486,-0.3158400058746338
1233,5,-0.8328133225440979,3.1306235790252686,1.0735371112823486,-0.3158400058746338
1233,6,-0.8014659881591797,3.1387951374053955,1.0735371112823486,-0.3158400058746338
1233,7,0.0032143036369234324,0.3214196562767029,0.006429571192711592,0.21615999937057495
1233,8,1.6470530033111572,2.258976459503174,2.76564621925354,-3.4834799766540527
1233,9,-1.9685289859771729,2.4847190380096436,2.4098522663116455,6.7919602394104
1233,10,2.2446842193603516,3.144216299057007,0.0,3.541720151901245
1238,0,-0.5352569818496704,1.3021546602249146,0.05634497106075287,1.4366800785064697
1238,1,-0.18273426592350006,0.4091928005218506,0.017935216426849365,-1.716960072517395
1238,2,-0.4714769124984741,0.33008331060409546,0.023033857345581055,-8.235079765319824
1238,3,-0.5352569818496704,1.3021546602249146,0.05634497106075287,-8.383480072021484
1238,4,-0.65220046043396,1.4604580402374268,0.06401292979717255,0.2900800108909607
1238,5,-0.69538813829422,1.4395629167556763,0.06398293375968933,-6.949320316314697
1238,6,-2.2346694469451904,5.436426162719727,0.235237255692482,-5.301239967346191
1241,0,-2.4968111515045166,2.0640532970428467,1.0735371112823486,8.685600280761719
1241,1,-0.20568391680717468,0.581460177898407,0.13792112469673157,0.3158400058746338
1241,2,-0.21190346777439117,0.6394395232200623,0.17200762033462524,0.3158400058746338
1241,3,-3.2350668907165527,1.52615487575531,0.913353681564331,0.3754799962043762
1241,4,0.21193304657936096,5.2955002784729,0.37158888578414917,0.35840001702308655
1241,5,0.0,0.8960000276565552,0.0,0.0
1241,6,0.06539089232683182,0.6517277956008911,0.0,2.569000005722046
1244,0,0.020523499697446823,0.5128138661384583,0.0051324148662388325,0.4309200048446655
1247,0,0.23544542491436005,5.882996082305908,0.05887902155518532,0.041440002620220184
1247,1,0.22777925431728363,5.691443920135498,0.0,0.041440002620220184
1247,2,0.11006715893745422,5.50262451171875,0.05503908172249794,0.04172000288963318
1247,3,0.10622760653495789,5.310672283172607,0.05311911553144455,0.04172000288963318
1247,4,0.23544542491436005,5.882996082305908,0.05887902155518532,0.041999999433755875
1247,5,0.11391240358352661,5.694860935211182,0.0,0.04227999970316887
1247,6,-0.055036332458257675,5.5034499168396,0.05503908172249794,0.04227999970316887
1247,7,-0.03286030888557434,3.285921573638916,0.03286195173859596,0.04227999970316887
1247,8,2.795518159866333,5.642396450042725,2.3701891899108887,-4.895520210266113
1247,9,-3.0746965408325195,1.2667324542999268,0.4009760618209839,0.0
1247,10,-3.1327147483825684,1.254140019416809,0.5099949836730957,0.0
1247,11,-2.99222469329834,1.339104413986206,0.2298496812582016,0.0
1247,12,0.11391240358352661,5.694860935211182,0.0,0.04284000024199486
1247,13,-0.055036332458257675,5.5034499168396,0.05503908172249794,0.04284000024199486
1247,14,0.1177462637424469,5.886528491973877,0.05887902155518532,0.04340000078082085
1247,15,-0.05695905163884163,5.695715427398682,0.0,0.04340000078082085
1247,16,-0.16508698463439941,5.501248836517334,0.05503908172249794,0.04312000051140785
1247,17,0.11772861331701279,5.885645866394043,0.11775215715169907,0.04368000105023384
1247,18,-0.05695905163884163,5.695715427398682,0.0,0.04368000105023384
1247,19,0.0,2.8942501544952393,0.0,0.0
1251,0,-2.4914608001708984,3.210211992263794,0.5726500749588013,4.983720302581787
1253,0,-1.8331294059753418,2.266869068145752,2.556929111480713,-3.9922401905059814
1258,0,-3.0768625736236572,1.1962215900421143,0.5666763186454773,0.0
1258,1,-3.0523242950439453,1.2575154304504395,0.5666763186454773,0.0
1258,2,-2.952467441558838,1.3569103479385376,0.4910910725593567,0.0
1258,3,-3.0092930793762207,1.3830267190933228,0.5005430579185486,0.0
1258,4,-2.9223222732543945,1.4507604837417603,0.3934042453765869,0.0
1258,5,2.355513334274292,3.3702239990234375,0.04111931473016739,0.0
1258,6,0.08661302924156189,0.4759754538536072,0.974520206451416,4.122440338134766
1258,7,-0.41340911388397217,1.0057272911071777,0.043518394231796265,0.9349200129508972
1258,8,-0.41331416368484497,1.0054962635040283,0.04350839555263519,-0.6420400142669678
1261,0,0.6477919816970825,1.2442920207977295,0.8991619348526001,-2.224600076675415
1261,1,0.47056251764297485,0.9038661122322083,0.6676301956176758,-2.224600076675415
1261,2,0.9927933216094971,0.6374651789665222,0.7729877829551697,-2.439079999923706
1261,3,1.9465687274932861,2.6144447326660156,2.4268531799316406,-0.001120000029914081
1261,4,0.007691024802625179,0.3844999670982361,0.011540768668055534,0.28700000047683716
1261,5,0.076621413230896,1.9145135879516602,0.1343427300453186,0.35840001702308655
1261,6,0.0,2.368000030517578,0.0,0.0
1261,7,-0.15355904400348663,3.836928606033325,0.0,0.0008399999933317304
1261,8,0.06539089232683182,0.6517277956008911,0.0,2.569000005722046
1261,9,0.13576152920722961,1.3530869483947754,0.871640682220459,2.569000005722046
1261,10,-0.5029038786888123,1.517561912536621,0.06398293375968933,-8.025640487670898
1264,0,1.4846440553665161,1.061686635017395,1.87929368019104,4.423160076141357
1267,0,1.6852871179580688,2.311415433883667,2.7188286781311035,6.577200412750244
1272,0,-0.26194843649864197,0.6753630042076111,0.2240781933069229,5.527200222015381
1272,1,0.0,3.392000198364258,0.0,0.0
1272,2,1.41725754737854,1.5836739540100098,1.4539543390274048,-7.1447601318359375
1272,3,0.0,3.848750114440918,0.0,-2.936079978942871
1272,4,1.9542945623397827,2.8565847873687744,1.2634069919586182,-3.6582000255584717
1275,0,-2.7359676361083984,1.9565229415893555,0.5773770809173584,0.7896000146865845
1275,1,-2.6847009658813477,2.044296979904175,0.5099949836730957,0.7896000146865845
1275,2,-2.6221730709075928,2.123906135559082,0.5099949836730957,0.7896000146865845
1275,3,-0.30369770526885986,0.7830021977424622,0.2783127725124359,-0.4737600088119507
1275,4,-0.23806723952293396,0.6950364112854004,0.18759407103061676,0.3158400058746338
1275,5,-0.26005223393440247,0.7351572513580322,0.25841644406318665,0.9475200176239014
1275,6,2.4069173336029053,3.371462345123291,0.9699304103851318,-4.746000289916992
1275,7,-0.8747988939285278,0.5134958028793335,0.39343762397766113,4.513319969177246
1275,8,-0.2001875936985016,0.6961731314659119,0.2240781933069229,0.3158400058746338
1278,0,-0.09385416656732559,0.7178835272789001,0.5278737545013428,0.0008399999933317304
1278,1,0.16313579678535461,0.8965006470680237,1.8355106115341187,4.122440338134766
1278,2,-0.94607013463974,1.8172309398651123,0.0,9.035600662231445
1281,0,0.07981305569410324,3.9901208877563477,2.392274856567383,-2.1425600051879883
1281,1,1.7105962038040161,2.346127510070801,2.704913377761841,2.269400119781494
1284,0,-0.26322054862976074,0.721095860004425,0.03072180785238743,-5.588240146636963
1284,1,-1.0095746517181396,1.4756911993026733,1.699397087097168,-3.6750001907348633
1284,2,3.8671388626098633,1.9682502746582031,0.4353735148906708,-5.4670000076293945
1284,3,-1.3626750707626343,1.991816759109497,2.293764114379883,-4.750200271606445
1284,4,1.5434340238571167,2.6956636905670166,2.6699111461639404,0.017079999670386314
1287,0,-2.616086959838867,1.9106203317642212,1.0735371112823486,-8.875160217285156
1287,1,-2.596850633621216,1.9366852045059204,1.0735371112823486,-8.875160217285156
1294,0,-2.3755156993865967,2.9375901222229004,0.34093180298805237,-0.46004000306129456
1296,0,-0.31529566645622253,0.7457444071769714,0.13898330926895142,5.3692803382873535
1296,1,-0.3395713269710541,0.8031616806983948,0.1496840864419937,0.3158400058746338
1296,2,-0.307822585105896,0.7488600611686707,0.13898330926895142,-0.3158400058746338
1296,3,-0.3315228521823883,0.8065172433853149,0.1496840864419937,0.3158400058746338
1296,4,-0.2756442129611969,0.6901237368583679,0.15064102411270142,5.3692803382873535
1296,5,-0.2337656021118164,0.7054105997085571,0.15064102411270142,-0.3158400058746338
1296,6,-0.25469133257865906,0.7685560584068298,0.13898330926895142,-4.263840198516846
1296,7,-0.2054985910654068,0.6415265202522278,0.17200762033462524,-0.3158400058746338
1296,8,-0.22573553025722504,0.7047023177146912,0.1654726266860962,-0.3158400058746338
1296,9,-0.23927028477191925,0.7734958529472351,0.13898330926895142,-4.263840198516846
1296,10,-0.19907315075397491,0.6435494422912598,0.17200762033462524,-0.3158400058746338
1296,11,-0.2186773270368576,0.7069244384765625,0.1654726266860962,-1.579200029373169
1296,12,-0.19262781739234924,0.6455079317092896,0.17200762033462524,-0.3158400058746338
1296,13,1.6588270664215088,2.3235833644866943,2.7683558464050293,7.181440353393555
1296,14,0.0,3.848750114440918,0.0,-2.936079978942871
1296,15,1.9542945623397827,2.8565847873687744,1.2634069919586182,-3.6582000255584717
1296,16,-0.3135618269443512,0.8084341287612915,0.17577269673347473,0.3158400058746338
1296,17,-0.273288756608963,0.7725763916969299,0.0574580542743206,0.3158400058746338
1296,18,-0.22964727878570557,0.7169140577316284,0.09077178686857224,0.3158400058746338
1296,19,-0.22246676683425903,0.7191746234893799,0.09077178686857224,0.3158400058746338
1296,20,-0.1980036497116089,0.6635227203369141,0.06248806044459343,-8.243480682373047
1300,0,1.2033520936965942,1.1455529928207397,2.5875234603881836,-4.6981201171875
1305,0,2.2356231212615967,1.0546635389328003,0.44981178641319275,-4.93388032913208
1310,0,1.9465687274932861,2.6144447326660156,2.4268531799316406,-0.001120000029914081
1313,0,-0.22437909245491028,0.6550739407539368,0.06248806044459343,0.3158400058746338
1313,1,-0.24922147393226624,0.7045391201972961,0.12828251719474792,0.3158400058746338
1315,0,3.7664132118225098,5.505351543426514,0.7367222309112549,1.0754799842834473
1317,0,-0.3389350473880768,0.7798222303390503,0.24450568854808807,0.3158400058746338
1317,1,-0.30744853615760803,0.7271841764450073,0.22702619433403015,0.3158400058746338
1317,2,-0.33112001419067383,0.7831724882125854,0.24450568854808807,0.3158400058746338
1317,3,-0.2558342516422272,0.7469071745872498,0.22702619433403015,-0.3158400058746338
1317,4,-0.18418607115745544,0.5749930143356323,0.1867687702178955,0.3158400058746338
1317,5,-0.20760007202625275,0.6264535784721375,0.21870240569114685,0.3158400058746338
1317,6,-0.22641174495220184,0.6832196712493896,0.23852010071277618,-0.3158400058746338
1317,7,-0.23941275477409363,0.7473999261856079,0.24276985228061676,-0.3158400058746338
1317,8,-0.1830098032951355,0.5713209509849548,0.19880607724189758,0.3158400058746338
1317,9,-0.20132526755332947,0.6284982562065125,0.21870240569114685,0.3158400058746338
1317,10,-0.21956834197044373,0.6854495406150818,0.23852010071277618,-0.3158400058746338
1317,11,2.4200973510742188,3.537446975708008,0.1286206990480423,0.0002800000074785203
1317,12,0.5091850757598877,0.38772493600845337,0.0,0.0
1317,13,1.6830884218215942,5.078884124755859,0.0,-6.263040065765381
1317,14,1.7422269582748413,5.257340908050537,0.0,-3.7522799968719482
1317,15,-1.784322738647461,5.044209003448486,0.0,-6.261360168457031
1320,0,0.0032143036369234324,0.3214196562767029,0.006429571192711592,0.21615999937057495
1320,1,-0.2845073640346527,0.3179146349430084,1.2839761972427368,4.467400074005127
1323,0,0.0032143036369234324,0.3214196562767029,0.006429571192711592,0.21615999937057495
1328,0,-2.5575997829437256,1.9882314205169678,1.0735371112823486,-8.369760513305664
1328,1,-0.3521732985973358,0.7290541529655457,0.13898330926895142,6.790560245513916
1328,2,-0.3165307641029358,0.6723531484603882,0.15064102411270142,1.421280026435852
1328,3,-0.3448652923107147,0.7325394153594971,0.13898330926895142,6.790560245513916
1328,4,-0.3097915053367615,0.6754847764968872,0.15064102411270142,1.421280026435852
1328,5,-0.3301464915275574,0.7392897605895996,0.13898330926895142,6.790560245513916
1328,6,-0.3227041959762573,0.884052038192749,0.19077222049236298,-6.878479957580566
1328,7,-0.36487889289855957,0.8876646757125854,0.0384097583591938,-8.025080680847168
1328,8,-0.4433903694152832,0.992874264717102,0.043518394231796265,-0.21168000996112823
1328,9,-0.3290042281150818,0.9013110995292664,0.03839975968003273,8.747759819030762
1328,10,-0.36487889289855957,0.8876646757125854,0.0384097583591938,7.887880325317383
1328,11,-0.3912387490272522,0.8760923147201538,0.03839975968003273,-2.218719959259033
1328,12,-0.3290042281150818,0.9013110995292664,0.03839975968003273,6.095600128173828
1328,13,-0.36487889289855957,0.8876646757125854,0.0384097583591938,3.873800039291382
1328,14,-1.8664934635162354,2.2614948749542236,2.624131917953491,9.06052017211914
1328,15,1.9465687274932861,2.6144447326660156,2.4268531799316406,-0.001120000029914081
1328,16,0.0032143036369234324,0.3214196562767029,0.006429571192711592,0.21615999937057495
1334,0,0.0,4.104750156402588,0.0,3.6456000804901123
1339,0,-2.5575997829437256,1.9882314205169678,1.0735371112823486,4.737600326538086
1339,1,-0.29156389832496643,0.7987428903579712,0.24450568854808807,-0.3158400058746338
1339,2,-1.225594401359558,3.6983516216278076,1.2911385297775269,6.994120121002197
1341,0,2.2555603981018066,1.2345517873764038,1.4047168493270874,-4.894120216369629
1343,0,-0.41520678997039795,0.6337405443191528,0.030321914702653885,0.0
1343,1,-0.44943371415138245,0.656935453414917,0.20324237644672394,0.0
1343,2,-0.1315290629863739,0.7228082418441772,0.18759407103061676,0.0
1343,3,0.0032143036369234324,0.3214196562767029,0.006429571192711592,0.21615999937057495
1343,4,-0.34517958760261536,0.6028687357902527,0.027802584692835808,0.0
1343,5,-0.37404996156692505,0.6532918214797974,0.09077178686857224,0.0
1343,6,-0.41020965576171875,0.6690689325332642,0.24276985228061676,0.0
1343,7,-0.3660039007663727,0.6543277502059937,0.11331146955490112,0.0
1348,0,-0.14208544790744781,0.8277297019958496,0.2783127725124359,0.3158400058746338
1357,0,1.496605396270752,3.6408894062042236,1.1319527626037598,0.017079999670386314
1357,1,0.640502393245697,4.237942695617676,0.1286206990480423,0.0002800000074785203
1357,2,0.3180032968521118,0.5554043054580688,0.0,0.0
1361,0,1.9919501543045044,2.7320120334625244,2.026724100112915,-8.761759757995605
1364,0,1.9938451051712036,2.7346110343933105,2.0286521911621094,-7.000560283660889
1367,0,0.6843889951705933,2.796658515930176,0.2018725425004959,-0.2699200212955475
1369,0,-2.36651611328125,3.774651527404785,2.67055082321167,-4.693640232086182
1369,1,3.8342278003692627,3.9541640281677246,2.526028633117676,4.427080154418945
1369,2,-0.7117956876754761,1.063086748123169,1.4563570022583008,4.2940802574157715
1375,0,-0.5757161974906921,0.32263410091400146,0.21870240569114685,0.0
1375,1,-0.6278846859931946,0.3518695533275604,0.23852010071277618,0.0
1375,2,-0.56914883852005,0.33408311009407043,0.21870240569114685,0.0
1375,3,-0.562353789806366,0.34539851546287537,0.21870240569114685,0.0
1375,4,-0.20698006451129913,0.6461514234542847,0.15172414481639862,0.0
1375,5,-0.20050829648971558,0.6481888890266418,0.15172414481639862,0.0
1375,6,-0.09996357560157776,0.37577247619628906,0.0788220539689064,0.0
1377,0,1.9683822393417358,2.699687957763672,2.1415297985076904,-8.91100025177002
1380,0,0.007694486994296312,0.3846730589866638,0.0,0.28700000047683716
1380,1,-0.1330845057964325,3.325338125228882,0.0,0.0008399999933317304
1380,2,0.06539089232683182,0.6517277956008911,0.0,2.569000005722046
1383,0,-3.1848387718200684,2.044961452484131,0.6887267827987671,-4.247600078582764
1388,0,-1.1399626731872559,1.9909863471984863,0.7096918225288391,-4.105920314788818
1390,0,-1.090369462966919,0.6697064638137817,2.784280300140381,4.450320243835449
1392,0,2.2244904041290283,3.8851535320281982,1.3359688520431519,-4.877039909362793
1392,1,2.828781843185425,4.94057035446167,1.453683853149414,-4.877039909362793
1392,2,0.00626237690448761,0.3130771219730377,0.22355327010154724,0.28700000047683716
1396,0,1.9954805374145508,2.736854076385498,2.076636552810669,-8.972040176391602
1399,0,-0.11396577954292297,0.871715784072876,0.6409895420074463,0.0008399999933317304
1402,0,-0.31532731652259827,0.8129859566688538,0.1496840864419937,0.3158400058746338
1402,1,-0.27762994170188904,0.7605706453323364,0.13898330926895142,0.3158400058746338
1402,2,-0.24500560760498047,0.6926210522651672,0.18759407103061676,0.3158400058746338
1404,0,-2.653773784637451,1.8579200506210327,1.0735371112823486,-9.001160621643066
1404,1,-2.616086959838867,1.9106203317642212,1.0735371112823486,-9.001160621643066
1404,2,-2.5101988315582275,1.9513827562332153,1.0536407232284546,-9.001160621643066
1404,3,-2.5575997829437256,1.9882314205169678,1.0735371112823486,-9.001160621643066
1404,4,-0.2332324981689453,0.6809214353561401,0.23852010071277618,-1.421280026435852
1408,0,-0.44670161604881287,1.000288963317871,0.0,8.174880027770996
1408,1,-0.3743586838245392,1.0255601406097412,0.0,-7.523600101470947
1408,2,-0.49044308066368103,1.1931328773498535,0.0,-3.9393200874328613
1408,3,-0.374530166387558,1.0260299444198608,0.0,1.436400055885315
1408,4,-0.4905381202697754,1.1933640241622925,0.0,2.296839952468872
1408,5,-0.40272384881973267,1.2152587175369263,0.0,1.7945200204849243
1408,6,-0.4403665065765381,1.2063894271850586,0.0,8.174320220947266
1408,7,1.917197346687317,2.7430899143218994,2.389216423034668,0.0
1415,0,0.5857582688331604,3.2189910411834717,0.1965470314025879,5.751760005950928
1415,1,0.02554074302315712,0.31857794523239136,0.015993334352970123,0.2886800169944763
1415,2,0.0,0.6660000085830688,0.0,4.802560329437256
1420,0,-2.647155284881592,5.6229071617126465,0.8125144243240356,-0.01988000050187111
1423,0,0.020523499697446823,0.5128138661384583,0.0051324148662388325,0.4309200048446655
1426,0,-0.38746902346611023,0.9426211714744568,1.7766997814178467,2.941960096359253
1429,0,0.0,0.6735000610351562,0.0,0.9200800061225891
1429,1,0.0,0.733500063419342,0.0,0.9200800061225891
1429,2,0.0,0.7970000505447388,0.0,0.9200800061225891
1429,3,0.0,0.8647500276565552,0.0,0.9200800061225891
1429,4,0.0,0.9390000700950623,0.0,0.9200800061225891
1429,5,0.0,1.3227500915527344,0.0,0.9200800061225891
1429,6,0.0,1.4327501058578491,0.0,0.9200800061225891
1432,0,-2.760406732559204,1.6954458951950073,1.0735371112823486,5.8430399894714355
1432,1,-2.675427198410034,1.7178717851638794,1.0536407232284546,5.8430399894714355
1432,2,-2.7259480953216553,1.750311017036438,1.0735371112823486,5.8430399894714355
1432,3,-2.6405365467071533,1.7710334062576294,1.0536407232284546,5.8430399894714355
1432,4,-2.690398931503296,1.8044764995574951,1.0735371112823486,5.8430399894714355
1432,5,-2.653773784637451,1.8579200506210327,1.0735371112823486,5.8430399894714355
1432,6,-2.616086959838867,1.9106203317642212,1.0735371112823486,5.8430399894714355
1432,7,0.8873776793479919,1.6636621952056885,1.4038573503494263,-3.215240001678467
1438,0,1.7592822313308716,1.5145912170410156,0.2799170911312103,0.3158400058746338
1443,0,-0.30696091055870056,0.687370777130127,0.09077178686857224,-0.3158400058746338
1443,1,-0.30007195472717285,0.6904059648513794,0.09077178686857224,-0.3158400058746338
1443,2,-0.2931530177593231,0.6933721303939819,0.09077178686857224,-0.3158400058746338
1443,3,-0.2871111333370209,0.6984739899635315,0.06815040856599808,-0.3158400058746338
1443,4,-0.2801121771335602,0.7013100385665894,0.06815040856599808,0.3158400058746338
1443,5,-0.27308517694473267,0.7040761113166809,0.06815040856599808,0.3158400058746338
1443,6,0.013487177900969982,0.4494377374649048,0.0179952010512352,0.3600800037384033
1443,7,2.041414260864258,2.9839272499084473,1.319727897644043,-2.936079978942871
1443,8,-0.2805617153644562,0.7024355530738831,0.05303416773676872,-0.3158400058746338
1443,9,-0.2873121500015259,0.7633103132247925,0.09834358096122742,-0.3158400058746338
1443,10,-0.27631133794784546,0.8337965607643127,0.1059153825044632,-0.3158400058746338
1443,11,1.7231276035308838,2.0047354698181152,0.23856014013290405,-0.9475200176239014
1443,12,1.7628748416900635,1.9698742628097534,0.23856014013290405,-1.421280026435852
1443,13,1.8749151229858398,2.1377079486846924,0.05687620863318443,0.3158400058746338
1443,14,1.746294379234314,1.8745179176330566,0.3871941864490509,-1.421280026435852
1443,15,0.99580979347229,1.6612623929977417,1.4420777559280396,-6.3826003074646
1446,0,2.4503157138824463,5.637689113616943,2.598978042602539,0.8604400157928467
1446,1,-0.7316374778747559,1.638339638710022,2.4567935466766357,-4.87116003036499
1446,2,0.1630362719297409,0.8959537148475647,1.8343909978866577,4.122440338134766
1446,3,0.5479079484939575,0.47170180082321167,1.9161416292190552,-7.79856014251709
1446,4,-1.1418737173080444,1.1542688608169556,1.110792875289917,-5.3530402183532715
1449,0,-0.2526877522468567,0.7377209663391113,0.25841644406318665,0.3158400058746338
1449,1,1.371778964996338,1.5640510320663452,0.1458658128976822,-0.6316800117492676
1449,2,1.5753926038742065,1.725342869758606,0.09350506216287613,-0.3158400058746338
1449,3,1.6180073022842407,1.772013783454895,0.09603439271450043,-0.3158400058746338
1449,4,1.5925670862197876,1.7095030546188354,0.09350506216287613,-0.3158400058746338
1449,5,1.6356463432312012,1.7557454109191895,0.09603439271450043,-0.3158400058746338
1449,6,0.8371061086654663,0.8632911443710327,2.0963451862335205,-4.690840244293213
1452,0,-3.612499237060547,1.9305614233016968,0.0,-8.731520652770996
1452,1,-3.81252121925354,3.216435670852661,1.2206624746322632,-1.0035200119018555
1452,2,-3.1367647647857666,3.8789596557617188,1.2207813262939453,-1.0035200119018555
1452,3,-2.649977445602417,4.226779460906982,1.2208406925201416,-1.0035200119018555
1452,4,-1.768862247467041,3.0189640522003174,0.8562642931938171,-0.21503999829292297
1452,5,-0.08799516409635544,2.9322924613952637,0.97216796875,0.8601599931716919
1452,6,-2.4831156730651855,1.6296868324279785,0.854077160358429,0.8604400157928467
1452,7,-3.230039358139038,1.218733787536621,1.0302143096923828,1.0754799842834473
1452,8,-1.406676173210144,2.5749034881591797,0.9723252654075623,1.075200080871582
1452,9,-1.9363521337509155,2.2528069019317627,0.8542153239250183,1.0754799842834473
1455,0,0.6851423382759094,1.3160353899002075,1.1279162168502808,-7.31387996673584
1455,1,1.272958755493164,2.445125102996826,2.095609426498413,-6.382040023803711
1455,2,0.30394965410232544,0.5838326811790466,0.5214729905128479,-7.31387996673584
1455,3,-2.813079595565796,1.8062573671340942,2.594557046890259,-7.596400260925293
1455,4,1.417409896850586,0.8320015072822571,1.5311311483383179,-5.948320388793945
1455,5,-3.013178825378418,2.3423900604248047,2.446287155151367,-4.984839916229248
1455,6,-0.8010067343711853,2.0054612159729004,0.7156389355659485,1.1054400205612183
1455,7,-0.22626855969429016,0.6396521925926208,0.15172414481639862,0.3158400058746338
1455,8,0.9623098969459534,1.2399226427078247,0.8171183466911316,-0.6316800117492676
1455,9,1.202851414680481,1.518264651298523,0.2927493155002594,-0.7896000146865845
1455,10,1.2320466041564941,1.523563027381897,0.5003126859664917,0.3158400058746338
1455,11,1.276397466659546,1.6110960245132446,0.35282978415489197,0.4737600088119507
1455,12,1.0961436033248901,1.3835757970809937,0.12376387417316437,-0.6316800117492676
1455,13,1.2179737091064453,1.5061603784561157,0.2927493155002594,-0.7896000146865845
1455,14,1.262269377708435,1.4986189603805542,0.5003126859664917,0.3158400058746338
1455,15,1.2924444675445557,1.5982517004013062,0.35282978415489197,0.4737600088119507
1455,16,0.007688331883400679,0.38436535000801086,0.015385896898806095,0.28700000047683716
1455,17,0.03577261418104172,0.8938383460044861,0.06272125244140625,0.35840001702308655
1455,18,0.0,5.952000141143799,0.0,0.0
1455,19,0.06539089232683182,0.6517277956008911,0.0,2.569000005722046
1455,20,0.030930349603295326,0.3082717955112457,0.19858460128307343,2.2106001377105713
1459,0,-2.5575997829437256,1.9882314205169678,1.0735371112823486,-1.7371200323104858
1459,1,0.8665551543235779,1.51347017288208,0.2993681728839874,-1.1054400205612183
1459,2,0.9004313945770264,1.5726361274719238,0.27388274669647217,-0.4737600088119507
1459,3,0.9285044074058533,1.6216667890548706,0.3207697570323944,-0.4737600088119507
1459,4,0.9664701223373413,1.6495001316070557,0.4275118410587311,-0.6316800117492676
1459,5,0.9825012683868408,1.6768609285354614,0.5588602423667908,-0.4737600088119507
1459,6,0.7831479907035828,1.3677964210510254,0.11050970107316971,-0.6316800117492676
1459,7,0.8158451914787292,1.4249032735824585,0.06571247428655624,-0.6316800117492676
1459,8,0.8471235632896423,1.4795321226119995,0.06823180615901947,-0.6316800117492676
1459,9,1.049138069152832,1.4091018438339233,0.2118307650089264,-0.7896000146865845
1459,10,1.0866389274597168,1.4594694375991821,0.21940255165100098,0.3158400058746338
1459,11,1.0665433406829834,1.4029691219329834,0.15904009342193604,-0.7896000146865845
1459,12,1.1011790037155151,1.4485303163528442,0.21940255165100098,0.3158400058746338
1459,13,1.0805193185806274,1.3922338485717773,0.15904009342193604,-0.7896000146865845
1459,14,2.0100176334381104,2.7567920684814453,1.9990051984786987,-8.568280220031738
1459,15,-1.3482545614242554,4.068490505218506,0.1286206990480423,0.0008399999933317304
1459,16,-0.4024275541305542,0.4976465702056885,0.0,0.0005600000149570405
1459,17,1.5551214218139648,0.7720259428024292,1.1128562688827515,-8.954959869384766
1459,18,0.7780372500419617,0.7115546464920044,1.7557483911514282,-8.730120658874512
1459,19,0.7780372500419617,0.7115546464920044,1.7557483911514282,-8.228360176086426
1459,20,-1.9500452280044556,5.884452819824219,1.6491074562072754,1.5789200067520142
1459,21,0.9881248474121094,0.6206010580062866,0.8687701225280762,-3.615920066833496
1459,22,2.1667516231536865,3.698052406311035,0.1286206990480423,0.0002800000074785203
1459,23,0.22545550763607025,0.5989740490913391,0.0,0.0
1459,24,2.1825239658355713,1.0834943056106567,1.5618300437927246,-8.954959869384766
1459,25,1.7584054470062256,2.1305325031280518,0.3892904222011566,4.892159938812256
1459,26,-2.761162519454956,3.278167724609375,0.1286206990480423,0.0002800000074785203
1459,27,-0.025593174621462822,0.6394881010055542,0.0,0.0
1464,0,0.758109450340271,0.45525428652763367,0.8404842019081116,-4.800879955291748
1464,1,3.4612510204315186,2.5278732776641846,0.1286206990480423,0.0005600000149570405
1473,0,-3.436997175216675,4.814335346221924,0.5935096740722656,-0.6451200246810913
1473,1,0.16461028158664703,0.3322448134422302,0.39737775921821594,-6.720280170440674
1476,0,-2.430224657058716,3.1968045234680176,0.484205961227417,0.3158400058746338
1476,1,-2.3599467277526855,3.305669069290161,0.6138545274734497,0.3158400058746338
1476,2,0.7252348065376282,1.5813379287719727,0.5765218734741211,-0.3158400058746338
1476,3,0.8150823712348938,1.6046005487442017,0.5964182019233704,0.6316800117492676
1476,4,0.0,2.240000009536743,0.0,0.0
1476,5,-0.11260997503995895,2.8137476444244385,0.0,0.0008399999933317304
1476,6,0.06539089232683182,0.6517277956008911,0.0,2.569000005722046
1476,7,0.0418195016682148,0.37864264845848083,0.015245934017002583,1.9110000133514404
1479,0,0.747173547744751,1.6731292009353638,0.03665255755186081,0.6316800117492676
1479,1,0.7729592323303223,1.7308704853057861,0.037917472422122955,0.6316800117492676
1479,2,0.763867199420929,1.6655738353729248,0.03665255755186081,0.6316800117492676
1479,3,0.7902289628982544,1.7230544090270996,0.037917472422122955,0.6316800117492676
1479,4,-3.1527698040008545,2.024369955062866,2.9078598022460938,-6.449520111083984
1479,5,-1.3974494934082031,0.8972919583320618,1.3157140016555786,-6.449520111083984
1479,6,-0.1878533810377121,0.3608326315879822,0.3222917318344116,-6.664000034332275
1479,7,2.0008678436279297,2.7442429065704346,1.9899057149887085,6.042960166931152
1479,8,1.9529703855514526,2.7942733764648438,1.8183808326721191,8.33672046661377
1479,9,2.1305017471313477,3.1141459941864014,0.963452935218811,-2.0596799850463867
1479,10,0.15492255985736847,0.5387592315673828,0.06191496178507805,1.7922800779342651
1479,11,0.02112991362810135,0.7041191458702087,0.02819248102605343,3.5845601558685303
1479,12,0.020589955151081085,0.6861259341239929,0.16072416305541992,3.6562399864196777
1479,13,0.02587837539613247,0.8623537421226501,0.7266775369644165,3.7279200553894043
1479,14,0.0038476635236293077,0.3847535252571106,0.41236624121665955,3.7279200553894043
1479,15,0.010383020155131817,0.3459968566894531,0.4452801048755646,3.8712801933288574
1479,16,0.02059379406273365,0.5145702362060547,0.22997689247131348,5.447400093078613
1479,17,2.0470681190490723,2.9289066791534424,1.6388232707977295,-4.023040294647217
1479,18,-0.27250707149505615,0.6822693943977356,0.18759407103061676,-8.875160217285156
1479,19,-0.25880807638168335,0.6875827312469482,0.18759407103061676,-8.875160217285156
1483,0,-0.2105863392353058,0.7609039545059204,0.22702619433403015,-0.3158400058746338
1483,1,-0.22291815280914307,0.8379702568054199,0.17577269673347473,0.9475200176239014
1483,2,-0.15422694385051727,0.579753577709198,0.19880607724189758,-0.3158400058746338
1483,3,-0.17075233161449432,0.6418740153312683,0.20546041429042816,-0.3158400058746338
1483,4,-0.186225026845932,0.7000373601913452,0.2240781933069229,-0.3158400058746338
1483,5,-0.20296692848205566,0.7629716992378235,0.22702619433403015,-0.3158400058746338
1483,6,-0.2145274430513382,0.8401575088500977,0.17577269673347473,0.9475200176239014
1483,7,0.0032143036369234324,0.3214196562767029,0.006429571192711592,0.21615999937057495
1483,8,0.6141100525856018,1.048117756843567,1.328276515007019,0.03752000257372856
1483,9,-0.7860309481620789,0.550304114818573,0.057640403509140015,3.663800001144409
1483,10,-1.0759847164154053,0.6908817291259766,0.07681389153003693,0.5101600289344788
1483,11,-0.7860309481620789,0.550304114818573,0.057640403509140015,-0.7803600430488586
1483,12,-1.0759847164154053,0.6908817291259766,0.07681389153003693,3.449040174484253
1483,13,-0.7862353324890137,0.5504472255706787,0.057655394077301025,-7.231560230255127
1483,14,-0.48465508222579956,0.31119343638420105,0.03459923341870308,1.4420000314712524
1483,15,0.03770095109939575,0.47025611996650696,0.30908551812171936,4.231640338897705
1483,16,0.007694942411035299,0.384695827960968,0.41236624121665955,4.300519943237305
1483,17,-0.4112163782119751,1.3293508291244507,0.0,6.572999954223633
1483,18,-0.26151159405708313,2.168792724609375,1.5927529335021973,4.178719997406006
1488,0,1.0456734895706177,1.4961299896240234,0.1647249162197113,0.4737600088119507
1488,1,1.0273194313049316,1.4390060901641846,0.07076112926006317,0.3158400058746338
1488,2,1.0572341680526733,1.4809088706970215,0.21940255165100098,0.4737600088119507
1488,3,1.0399386882781982,1.4263031482696533,0.12376387417316437,0.4737600088119507
1488,4,0.0,2.2392501831054688,0.0,0.0
1488,5,2.8856546878814697,1.6938425302505493,2.3887808322906494,-0.21140000224113464
1488,6,-1.4293493032455444,4.040713310241699,0.1286206990480423,0.0005600000149570405
1488,7,-0.22545550763607025,0.5989740490913391,0.0,0.0002800000074785203
1488,8,1.6819088459014893,5.075325012207031,0.0,4.3470001220703125
1488,9,-0.3372388184070587,0.9533606767654419,0.0,6.067600250244141
1488,10,0.006036423612385988,0.30178096890449524,0.9397132396697998,4.013800144195557
1488,11,1.0859395265579224,1.5537418127059937,0.037917472422122955,0.3158400058746338
1488,12,1.1014224290847778,1.5428050756454468,0.037917472422122955,0.3158400058746338
1492,0,-2.48600697517395,0.7440127730369568,0.31289780139923096,2.2940399646759033
1492,1,1.597640037536621,1.0485427379608154,1.4228183031082153,1.5861999988555908
1492,2,0.0,3.848750114440918,0.0,-2.936079978942871
1492,3,1.9542945623397827,2.8565847873687744,1.2634069919586182,-3.6582000255584717
1496,0,2.057124137878418,3.9513659477233887,1.4269880056381226,-5.450200080871582
1496,1,1.3931690454483032,1.4954639673233032,1.4591244459152222,-4.917920112609863
1496,2,0.06539761275053024,0.35938772559165955,0.7358165383338928,4.122440338134766
1496,3,-0.18503575026988983,0.6955667734146118,0.23852010071277618,5.3692803382873535
1496,4,-0.20047064125537872,0.7535879611968994,0.25841644406318665,5.3692803382873535
1496,5,-0.17807094752788544,0.6973823308944702,0.23852010071277618,5.3692803382873535
1496,6,-0.1929248571395874,0.7555549740791321,0.25841644406318665,5.3692803382873535
1496,7,0.3251420855522156,1.6039763689041138,0.14769293367862701,-0.9475200176239014
1496,8,0.3400883376598358,1.5955917835235596,0.19671709835529327,-0.9475200176239014
1496,9,0.3423232138156891,1.5308295488357544,0.1891452819108963,-0.9475200176239014
1499,0,-0.19594243168830872,0.6566154360771179,0.11762402951717377,-0.3158400058746338
1499,1,-0.17213907837867737,0.5986315011978149,0.10692324489355087,0.7896000146865845
1499,2,-0.18830636143684387,0.6548548936843872,0.13812485337257385,-0.3158400058746338
1499,3,-0.2053697109222412,0.7141944766044617,0.15064102411270142,-0.3158400058746338
1499,4,-0.1661442369222641,0.6003229022026062,0.10692324489355087,0.7896000146865845
1499,5,-0.18174847960472107,0.6567052006721497,0.13812485337257385,0.3158400058746338
1499,6,-0.19821760058403015,0.7162124514579773,0.15064102411270142,-0.3158400058746338
1499,7,-0.38430607318878174,1.4446426630020142,0.256607323884964,-5.053440093994141
1499,8,0.5209929943084717,1.472826361656189,0.23611225187778473,0.3158400058746338
1499,9,-0.6623172163963318,0.835990846157074,0.21620188653469086,8.320480346679688
1499,10,1.7227740287780762,2.3628299236297607,2.7241694927215576,6.092240333557129
1499,11,0.0,3.848750114440918,0.0,-2.936079978942871
1499,12,1.9542945623397827,2.8565847873687744,1.2634069919586182,-3.6582000255584717
1499,13,0.616205096244812,1.8594592809677124,0.019589673727750778,0.7896000146865845
1499,14,0.9541257619857788,1.5218541622161865,0.3641112148761749,0.6316800117492676
1499,15,0.9828547239303589,1.5676774978637695,0.4137634038925171,0.7896000146865845
1499,16,1.0198513269424438,1.626688003540039,0.38919320702552795,0.7896000146865845
1499,17,1.002747654914856,1.5644258260726929,0.3766770362854004,0.7896000146865845
1499,18,1.0419002771377563,1.6255093812942505,0.3314282298088074,0.7896000146865845
1499,19,1.0695182085037231,1.6685971021652222,0.4017590582370758,0.7896000146865845
1499,20,1.0240752696990967,1.563071846961975,0.3207697570323944,0.7896000146865845
1499,21,0.0,3.848750114440918,0.0,-2.936079978942871
1499,22,1.9542945623397827,2.8565847873687744,1.2634069919586182,-3.6582000255584717
1502,0,-0.5555773973464966,1.6765092611312866,0.303174763917923,-7.595560073852539
1502,1,-0.6056151390075684,1.6590900421142578,0.303174763917923,-1.2874400615692139
1502,2,-0.5291447639465332,0.5456966161727905,0.11488056182861328,5.23907995223999
1502,3,-0.681638240814209,0.6620170474052429,0.14361004531383514,-2.5737600326538086
1502,4,0.3674468994140625,0.5860868692398071,0.7563797235488892,6.970880031585693
1502,5,2.380216360092163,4.356956481933594,1.1624574661254883,9.084040641784668
1502,6,0.0,0.64000004529953,0.0,0.0
1502,7,0.06539089232683182,0.6517277956008911,0.0,2.569000005722046
1502,8,-0.4181106388568878,0.8655548095703125,0.0,-4.5838799476623535
1502,9,-2.0356028079986572,2.4663925170898438,2.2830324172973633,7.596120357513428
1502,10,1.9463289976119995,2.6141228675842285,2.4265544414520264,8.072959899902344
1502,11,0.02554074302315712,0.31857794523239136,0.015993334352970123,0.2886800169944763
1502,12,0.0,0.6658668518066406,0.013319111429154873,4.802560329437256
1502,13,0.0,2.293635368347168,0.022937117144465446,0.7168000340461731
1502,14,-2.1415655612945557,0.711585283279419,0.4106490910053253,0.7327600121498108
1502,15,1.8457213640213013,1.083414912223816,1.1691991090774536,-6.450080394744873
1502,16,0.12624900043010712,1.2582788467407227,0.6908522844314575,-4.647439956665039
1502,17,0.0032143036369234324,0.3214196562767029,0.006429571192711592,0.21615999937057495
1508,0,-0.24178729951381683,0.7816327214241028,0.07383523136377335,-8.369760513305664
1508,1,-2.037867307662964,1.1962021589279175,1.5481677055358887,-8.459640502929688
1508,2,-1.3265668153762817,0.7786778211593628,1.0523524284362793,-7.312760353088379
1508,3,2.62536883354187,2.7622334957122803,2.1316261291503906,-4.684679985046387
1508,4,0.42132115364074707,3.8147315979003906,0.15359903872013092,2.5480000972747803
1508,5,1.9462093114852905,2.613962173461914,2.426405191421509,-6.28432035446167
1512,0,-2.6572890281677246,1.9817591905593872,1.4015166759490967,0.5017600059509277
1512,1,-2.1859450340270996,2.492332696914673,1.4016139507293701,0.5017600059509277
1512,2,-1.3761639595031738,3.0006563663482666,1.434794306755066,0.5017600059509277
1512,3,3.0820651054382324,5.509997367858887,2.162501096725464,0.861560046672821
1512,4,-3.0880322456359863,1.4947236776351929,1.2913492918014526,0.14363999664783478
1512,5,0.03197993338108063,0.39889606833457947,0.1370701938867569,0.861560046672821
1512,6,0.023273034021258354,0.7755351066589355,0.33722347021102905,5.523560047149658
1512,7,3.6963255405426025,2.169696092605591,0.1286206990480423,0.0002800000074785203
1512,8,0.5644530057907104,0.3016502261161804,0.0,0.0
1512,9,0.596985399723053,0.48354583978652954,0.0,4.315080165863037
1516,0,1.6617845296859741,1.4306540489196777,0.9792367815971375,0.3158400058746338
1516,1,1.8937078714370728,1.5976276397705078,0.5022360682487488,0.3158400058746338
1516,2,1.7743399143218994,1.4969228506088257,0.2799170911312103,0.7896000146865845
1516,3,1.8701460361480713,1.453817367553711,0.6811476349830627,0.9475200176239014
1516,4,1.7077417373657227,1.3551805019378662,0.37423136830329895,0.6316800117492676
1516,5,1.7739144563674927,1.350767970085144,0.45197272300720215,0.7896000146865845
1519,0,-1.1720187664031982,1.9552234411239624,0.7554316520690918,-3.7900800704956055
1519,1,0.0,3.7760002613067627,0.0,0.0
1519,2,0.22640389204025269,1.2441858053207397,2.5473670959472656,4.122440338134766
1522,0,0.46982476115226746,0.5356765985488892,1.729475498199463,4.378920078277588
1522,1,0.38653889298439026,5.512962341308594,1.005653977394104,4.327120304107666
1522,2,-3.7084240913391113,5.53863525390625,0.20002499222755432,-4.758039951324463
1522,3,0.020523499697446823,0.5128138661384583,0.0051324148662388325,0.4309200048446655
1524,0,-2.517871856689453,2.3027219772338867,0.06825045496225357,-1.579200029373169
1524,1,-0.31151241064071655,0.7799261212348938,0.2783127725124359,-0.3158400058746338
1524,2,-0.30369770526885986,0.7830021977424622,0.2783127725124359,-0.3158400058746338
1524,3,-0.21269355714321136,0.5650689601898193,0.1867687702178955,0.3158400058746338
1524,4,-0.2641843557357788,0.7972022294998169,0.2783127725124359,0.7896000146865845
1524,5,-0.1830098032951355,0.5713209509849548,0.19880607724189758,-0.3158400058746338
1524,6,-0.20132526755332947,0.6284982562065125,0.21870240569114685,0.3158400058746338
1524,7,-0.21956834197044373,0.6854495406150818,0.23852010071277618,7.422240257263184
1524,8,-0.2378837913274765,0.7426268458366394,0.25841644406318665,7.422240257263184
1524,9,-0.1715475469827652,0.5748666524887085,0.19880607724189758,-0.3158400058746338
1524,10,-0.1887158751487732,0.632398784160614,0.21870240569114685,-4.105920314788818
1524,11,-0.2058163434267044,0.6897035837173462,0.23852010071277618,7.422240257263184
1524,12,0.0,5.440000057220459,0.0,0.0
1524,13,2.769289255142212,1.3404401540756226,2.1048457622528076,-8.216320037841797
1528,0,-2.1625096797943115,2.6201565265655518,1.9905376434326172,9.077600479125977
1528,1,1.9462093114852905,2.613962173461914,2.426405191421509,-6.160840034484863
1528,2,0.0,3.848750114440918,0.0,-2.936079978942871
1528,3,1.9542945623397827,2.8565847873687744,1.2634069919586182,-3.6582000255584717
1531,0,1.5786473751068115,2.211272716522217,0.05434637889266014,-0.9475200176239014
1531,1,1.615390419960022,2.262740135192871,0.05561129003763199,-0.9475200176239014
1531,2,1.5634249448776245,2.1442782878875732,0.0530814602971077,-0.3158400058746338
1531,3,1.600680947303772,2.195375919342041,0.05434637889266014,-0.3158400058746338
1531,4,1.8317887783050537,2.174776315689087,0.05687620863318443,-0.7896000146865845
1531,5,1.8723663091659546,2.222951650619507,0.05813612416386604,-0.7896000146865845
1531,6,1.8534446954727173,2.1563501358032227,0.05687620863318443,-0.7896000146865845
1531,7,0.0,4.087250232696533,0.0,0.0
1531,8,0.013487177900969982,0.4494377374649048,0.0179952010512352,0.3600800037384033
1531,9,2.041414260864258,2.9839272499084473,1.319727897644043,-2.936079978942871
1531,10,-1.9369945526123047,2.4957897663116455,2.4016823768615723,0.18228000402450562
1531,11,-0.5980876088142395,0.7549189329147339,1.0321950912475586,3.5207200050354004
1531,12,-0.6026887893676758,0.45892444252967834,0.5523232817649841,-0.2688000202178955
1535,0,-0.9978516101837158,2.5726897716522217,0.9144449830055237,0.0
1535,1,-0.1991608887910843,0.8906242847442627,0.5849611759185791,-3.2079601287841797
1535,2,-0.1093849316239357,0.3300797641277313,0.5298314690589905,-5.036080360412598
1535,3,-1.4292267560958862,0.49081769585609436,2.969057321548462,-1.5246000289916992
1537,0,0.0,4.069499969482422,0.0,1.7354400157928467
1537,1,0.0,3.848750114440918,0.0,-2.936079978942871
1537,2,1.9542945623397827,2.8565847873687744,1.2634069919586182,-3.6582000255584717
1540,0,-0.3836241066455841,4.250975131988525,0.0,-4.885720252990723
1540,1,0.25408032536506653,5.077371597290039,0.5100739002227783,-4.922679901123047
1540,2,-0.13407738506793976,1.025547981262207,0.7541053295135498,0.0008399999933317304
1540,3,0.007694486994296312,0.3846730589866638,0.0,0.28700000047683716
1540,4,0.05364396050572395,1.340383768081665,0.0940556451678276,0.35840001702308655
1540,5,0.0,0.320000022649765,0.0,0.0
1540,6,-0.15355904400348663,3.836928606033325,0.0,0.0008399999933317304
1540,7,0.06539089232683182,0.6517277956008911,0.0,2.569000005722046
1540,8,0.13576152920722961,1.3530869483947754,0.871640682220459,2.569000005722046
1540,9,-0.69538813829422,1.4395629167556763,0.06398293375968933,-4.87060022354126
1540,10,-0.6119415760040283,1.266815423965454,0.05630498751997948,-4.225480079650879
1540,11,-0.6119415760040283,1.266815423965454,0.05630498751997948,-4.440520286560059
1544,0,-2.7259480953216553,1.750311017036438,1.0735371112823486,-0.9475200176239014
1544,1,-2.690398931503296,1.8044764995574951,1.0735371112823486,-0.9475200176239014
1544,2,-2.653773784637451,1.8579200506210327,1.0735371112823486,-0.9475200176239014
1544,3,-2.596850633621216,1.9366852045059204,1.0735371112823486,-0.9475200176239014
1544,4,-2.6447887420654297,1.972436785697937,1.0933547019958496,5.685120105743408
1544,5,-0.5437077879905701,0.4226684868335724,0.22821804881095886,-6.000960350036621
1544,6,-0.2749010920524597,0.7530949115753174,0.17927564680576324,-1.1054400205612183
1544,7,-2.1667516231536865,3.698052406311035,0.1286206990480423,0.0002800000074785203
1544,8,-0.0766158178448677,0.6353975534439087,0.0,0.0
1547,0,1.9502921104431152,1.2248992919921875,1.0842289924621582,8.080520629882812
1547,1,0.020523499697446823,0.5128138661384583,0.0051324148662388325,0.4309200048446655
1550,0,0.39083969593048096,2.773448944091797,1.1186962127685547,-4.907560348510742
1550,1,-0.294960618019104,0.6786457896232605,0.1654726266860962,-7.106400012969971
1550,2,-0.3135303556919098,0.7415689826011658,0.16320686042308807,-1.579200029373169
1550,3,-0.25905710458755493,0.6302250623703003,0.13812485337257385,-0.3158400058746338
1550,4,-0.24782612919807434,0.7005945444107056,0.15064102411270142,-0.3158400058746338
1550,5,-0.2684987187385559,0.7590351104736328,0.16320686042308807,-0.3158400058746338
1550,6,-0.22080010175704956,0.6446250677108765,0.13812485337257385,0.3158400058746338
1550,7,-0.2408078908920288,0.7030377388000488,0.15064102411270142,-0.3158400058746338
1550,8,-0.2608950436115265,0.7616821527481079,0.16320686042308807,-0.3158400058746338
1553,0,1.4226067066192627,3.0218045711517334,2.2849667072296143,1.2448800802230835
1553,1,-0.9969996213912964,0.6980043649673462,0.7973748445510864,-6.993000030517578
1553,2,0.020523499697446823,0.5128138661384583,0.0051324148662388325,0.4309200048446655
1553,3,-0.3650546073913574,0.8174586892127991,0.34724125266075134,-4.870880126953125
1553,4,-0.3403702676296234,0.8280409574508667,0.34724125266075134,-7.379960060119629
1553,5,-0.29215773940086365,0.6542223691940308,0.27790147066116333,2.512160062789917
1553,6,-0.41734153032302856,0.8639626502990723,0.03839975968003273,-7.59443998336792
1553,7,-0.41734153032302856,0.8639626502990723,0.03839975968003273,-0.8565199971199036
1556,0,-0.6872541904449463,1.0489733219146729,0.9143527150154114,0.4230799973011017
1556,1,0.5393626093864441,0.5907006859779358,0.9105517864227295,-4.709880352020264
1556,2,0.0032143036369234324,0.3214196562767029,0.006429571192711592,0.21615999937057495
1556,3,-0.7063837051391602,1.126699447631836,0.13342736661434174,2.150400161743164
1560,0,0.8713682293891907,2.181623697280884,0.23570670187473297,2.2940399646759033
1560,1,0.0,3.848750114440918,0.0,-2.936079978942871
1560,2,1.9542945623397827,2.8565847873687744,1.2634069919586182,-3.6582000255584717
1560,3,0.0,2.30400013923645,0.0,0.0
1563,0,-0.22871334850788116,0.7139984965324402,0.11331146955490112,8.875160217285156
1563,1,-0.2199684977531433,0.7649632692337036,0.20324237644672394,1.7371200323104858
1563,2,-0.19269435107707977,0.8229759335517883,0.2614614963531494,1.7371200323104858
1563,3,-0.16930441558361053,0.9303997755050659,0.06630582362413406,-0.3158400058746338
1566,0,0.0,4.15625,0.0,0.0
1569,0,0.0,4.15625,0.0,0.0
1569,1,-2.526972532272339,2.2198894023895264,0.5773770809173584,8.211840629577637
1572,0,0.0,2.2163283824920654,1.549033761024475,4.587520122528076
1572,1,-0.06033482402563095,0.46149659156799316,0.33934739232063293,0.0008399999933317304
1575,0,2.4903576374053955,3.4883408546447754,0.1286206990480423,0.0005600000149570405
1575,1,0.5091850757598877,0.38772493600845337,0.0,0.0002800000074785203
1578,0,0.0032143036369234324,0.3214196562767029,0.006429571192711592,0.21615999937057495
1578,1,-0.24733717739582062,0.5120269060134888,0.011374241672456264,0.3158400058746338
1578,2,-0.2748432457447052,0.5689687728881836,0.012639157474040985,0.4737600088119507
1578,3,-0.24205929040908813,0.5141658782958984,0.022743934765458107,0.3158400058746338
1578,4,-0.23690560460090637,0.5165607333183289,0.022743934765458107,0.3158400058746338
1578,5,-0.25431185960769653,0.7424625754356384,0.24276985228061676,-0.7896000146865845
1578,6,-0.2674740254878998,0.8071290850639343,0.24450568854808807,0.4737600088119507
1578,7,-0.18680346012115479,0.5831639766693115,0.15635931491851807,0.4737600088119507
1581,0,-2.2110767364501953,1.297873854637146,2.0732879638671875,-0.019039999693632126
1581,1,-0.18755654990673065,0.7345309853553772,0.01516398973762989,-0.6316800117492676
1581,2,0.03573168069124222,0.3235222399234772,0.0130265261977911,0.7714000344276428
1581,3,1.9464489221572876,2.614284038543701,2.426703929901123,-5.3642401695251465
1592,0,-0.2004123330116272,0.9886651635169983,0.07072970271110535,0.3158400058746338
1592,1,-0.19051584601402283,0.9906197786331177,0.07072970271110535,0.3158400058746338
1592,2,-0.16930441558361053,0.9303997755050659,0.06630582362413406,0.4737600088119507
1592,3,0.12198919802904129,0.670382559299469,0.13812485337257385,-0.4737600088119507
1592,4,0.18100745975971222,0.9947130084037781,0.020223651081323624,-0.4737600088119507
1592,5,0.10527238994836807,0.5473818182945251,0.11299318075180054,-0.4737600088119507
1592,6,0.11697959899902344,0.6082555055618286,0.1255590170621872,-0.4737600088119507
1592,7,0.1286868155002594,0.6691291928291321,0.13812485337257385,-0.4737600088119507
1592,8,0.11074084043502808,0.5463017821311951,0.11299318075180054,-0.4737600088119507
1592,9,0.12305619567632675,0.6070553064346313,0.1255590170621872,-0.4737600088119507
1592,10,0.134795680642128,0.6649680733680725,0.15172414481639862,-0.4737600088119507
1592,11,-2.2281415462493896,2.8124077320098877,2.007018804550171,2.0731201171875
1592,12,0.0032143036369234324,0.3214196562767029,0.006429571192711592,0.21615999937057495
1592,13,-2.393160104751587,3.020697593688965,0.03853935748338699,6.3002800941467285
1592,14,0.0032143036369234324,0.3214196562767029,0.006429571192711592,0.21615999937057495
1592,15,0.26389673352241516,0.4503995180130005,0.5707899332046509,0.041999999433755875
1596,0,0.08100881427526474,0.6196303963661194,0.09444490075111389,-0.3158400058746338
1596,1,0.0697469711303711,0.494933545589447,0.07554097473621368,-0.3158400058746338
1596,2,0.07847396284341812,0.556861400604248,0.08499293774366379,-0.3158400058746338
1596,3,0.08720096200704575,0.6187893152236938,0.09444490075111389,-0.3158400058746338
1596,4,0.0746927335858345,0.4942113161087036,0.07554097473621368,-0.3158400058746338
1596,5,0.08403855562210083,0.5560488104820251,0.08499293774366379,-0.3158400058746338
1596,6,0.09376572072505951,0.6204094886779785,0.07565811276435852,-0.3158400058746338
1596,7,0.02554074302315712,0.31857794523239136,0.015993334352970123,0.2886800169944763
1596,8,0.0,0.6659666895866394,0.006659889128059149,4.802560329437256
1596,9,0.0,2.293750047683716,0.0,0.7168000340461731
1596,10,3.9523229598999023,5.902904510498047,2.0427520275115967,1.5582000017166138
1600,0,1.6292921304702759,4.916548728942871,0.6245386004447937,4.291280269622803
1603,0,0.0,4.08875036239624,0.0,-1.1298000812530518
1605,0,0.02554074302315712,0.31857794523239136,0.015993334352970123,0.2886800169944763
1605,1,0.0,0.6659666895866394,0.006659889128059149,4.802560329437256
1605,2,0.0,2.293750047683716,0.0,0.7168000340461731
1605,3,-2.1415655612945557,0.711585283279419,0.4106490910053253,0.7327600121498108
1608,0,0.09483540058135986,0.5524709224700928,0.09622246026992798,0.3158400058746338
1608,1,0.10538192838430405,0.6139105558395386,0.10692324489355087,0.3158400058746338
1608,2,0.0891948863863945,0.4901638627052307,0.08552167564630508,0.3158400058746338
1608,3,0.10035527497529984,0.5514949560165405,0.09622246026992798,0.3158400058746338
1608,4,0.1226760521531105,0.6741571426391602,0.11762402951717377,-1.8950400352478027
1608,5,0.15767763555049896,0.7397758960723877,0.05303416773676872,-1.2633600234985352
1608,6,0.020523499697446823,0.5128138661384583,0.0051324148662388325,0.4309200048446655
1617,0,-1.254264235496521,0.6542536020278931,0.14193816483020782,1.4341599941253662
1617,1,-2.825019598007202,4.311898231506348,1.940326452255249,-4.838680267333984
1617,2,-3.714890480041504,5.670130729675293,2.5515222549438477,-4.838680267333984
1617,3,3.9067845344543457,5.033836364746094,0.639333188533783,-1.0032399892807007
1617,4,-2.5048069953918457,1.7536277770996094,0.33770549297332764,0.5023199915885925
1617,5,1.1342400312423706,2.8397693634033203,0.3377329707145691,0.28756001591682434
1617,6,-2.67315673828125,1.4980497360229492,0.2765338122844696,0.28672000765800476
1617,7,1.899246096611023,1.273842692375183,1.9262109994888306,4.579960346221924
1617,8,-0.7338101863861084,0.6317476630210876,0.048454802483320236,4.3052802085876465
1617,9,0.007694486994296312,0.3846730589866638,0.0,0.28700000047683716
1617,10,3.298677444458008,4.163661003112793,0.0,0.7459200024604797
1617,11,0.0,5.63200044631958,0.0,0.0
1617,12,0.06539089232683182,0.6517277956008911,0.0,2.569000005722046
1617,13,-0.6227322816848755,0.4087037444114685,0.4774394631385803,-0.6316800117492676
1617,14,-0.7972062826156616,0.5346939563751221,0.31810542941093445,-0.4737600088119507
1620,0,-2.273286819458008,2.8693909645080566,1.1726454496383667,-6.163080215454102
1623,0,-0.18451857566833496,0.6667142510414124,0.06940918415784836,-0.4737600088119507
1623,1,-0.1941424012184143,0.7297995090484619,0.06815040856599808,-0.4737600088119507
1623,2,-0.18624500930309296,0.7293945550918579,0.09077178686857224,-0.4737600088119507
1623,3,-0.17894186079502106,0.7312204837799072,0.09077178686857224,-0.4737600088119507
1623,4,-0.1709228903055191,0.7299924492835999,0.11331146955490112,-0.4737600088119507
1623,5,-0.16308729350566864,0.7293073534965515,0.12828251719474792,-0.4737600088119507
1623,6,-0.017605425789952278,0.8801539540290833,0.08832761645317078,-3.158400058746338
1626,0,-0.17346741259098053,0.5415314435958862,0.011374241672456264,5.685120105743408
1626,1,-0.18673142790794373,0.6036520004272461,0.012639157474040985,9.001160621643066
1626,2,-0.19864925742149353,0.6656861901283264,0.027802584692835808,8.369760513305664
1628,0,-2.5572855472564697,2.201603889465332,0.5099949836730957,-3.158400058746338
1628,1,-2.604867935180664,2.2883188724517822,0.24310386180877686,-3.158400058746338
1628,2,-2.4662530422210693,2.166548728942871,0.6654428839683533,-3.158400058746338
1628,3,-0.16736198961734772,0.6047229766845703,0.07565811276435852,0.4737600088119507
1628,4,-0.18277180194854736,0.6604027152061462,0.11762402951717377,-0.4737600088119507
1630,0,0.04564889520406723,1.1406136751174927,1.9447215795516968,0.7786800265312195
1630,1,0.0,4.048000335693359,0.0,0.0
1637,0,0.020523499697446823,0.5128138661384583,0.0051324148662388325,0.4309200048446655
1641,0,-2.765137195587158,2.6323230266571045,0.3445269465446472,2.2940399646759033
1641,1,-0.1852966845035553,0.6695258021354675,0.027802584692835808,0.0
1641,2,-0.1624424308538437,0.6106363534927368,0.012639157474040985,0.0
1641,3,-0.17859229445457458,0.6713452339172363,0.027802584692835808,0.0
1641,4,-0.17187003791332245,0.673097550868988,0.027802584692835808,0.0
1641,5,0.0,0.8398361206054688,0.2783127725124359,0.0
1641,6,0.007959483191370964,0.795921802520752,0.20324237644672394,0.0
1641,7,0.014692578464746475,0.7345309853553772,0.18759407103061676,0.0
1641,8,0.018367823213338852,0.6120771169662476,0.15635931491851807,0.0
1644,0,-1.2760108709335327,3.1042349338531494,1.1122287511825562,4.079880237579346
1644,1,-1.2380397319793701,4.3054118156433105,2.109039545059204,-4.772039890289307
1646,0,0.0,0.6123526692390442,0.15635931491851807,2.6846401691436768
1646,1,0.005510597489774227,0.5510414242744446,0.1407110095024109,-0.3158400058746338
1646,2,0.006123424507677555,0.6123220324516296,0.15635931491851807,8.053919792175293
1646,3,0.006681627128273249,0.6681404113769531,0.1921362727880478,-7.106400012969971
1646,4,0.011020643636584282,0.5509587526321411,0.1407110095024109,0.3158400058746338
1646,5,0.012246236205101013,0.6122302412986755,0.15635931491851807,8.053919792175293
1646,6,0.013471828773617744,0.6735016703605652,0.17200762033462524,-7.106400012969971
1646,7,0.0,3.848750114440918,0.0,-2.936079978942871
1646,8,1.9542945623397827,2.8565847873687744,1.2634069919586182,-3.6582000255584717
1649,0,-0.02273954078555107,0.757757306098938,0.01516398973762989,-7.896000385284424
1649,1,-0.006902386900037527,0.6902157068252563,0.0832299143075943,9.001160621643066
1649,2,0.0,0.6194021105766296,0.1255590170621872,-6.158880233764648
1651,0,-2.558772563934326,3.2297370433807373,0.0,4.830280303955078
1651,1,2.728243589401245,3.305614948272705,0.1286206990480423,0.0002800000074785203
1654,0,-0.027248386293649673,0.6808463335037231,0.13812485337257385,0.7896000146865845
1654,1,-0.029717495664954185,0.7425411343574524,0.15064102411270142,0.7896000146865845
1661,0,2.523249864578247,1.0395439863204956,0.0,-4.976160049438477
1664,0,-0.04006638005375862,0.6669715046882629,0.1921362727880478,0.0
1664,1,-0.044371820986270905,0.738642692565918,0.1654726266860962,0.0
1664,2,0.020438674837350845,0.6810847520828247,0.13812485337257385,0.0
1664,3,0.09704683721065521,1.0753852128982544,0.35781946778297424,0.0
1664,4,0.11843343079090118,1.3123722076416016,0.15888802707195282,0.0
1664,5,0.10779565572738647,1.0743610858917236,0.35781946778297424,0.0
1664,6,0.13155101239681244,1.3111222982406616,0.15888802707195282,0.0
1664,7,0.11853370070457458,1.0732293128967285,0.35781946778297424,0.0
1664,8,0.0,2.825000047683716,0.0,0.0
1664,9,0.020523499697446823,0.5128138661384583,0.0051324148662388325,0.4309200048446655
1668,0,1.7977666854858398,1.4861701726913452,0.16354387998580933,0.3158400058746338
1674,0,0.37693241238594055,2.3356900215148926,0.18967752158641815,0.14392000436782837
1674,1,-1.0618799924850464,0.34108197689056396,0.830400288105011,-2.720479965209961
1674,2,0.8284317851066589,2.1358869075775146,0.5122940540313721,-4.914840221405029
1674,3,0.18384949862957,4.593786239624023,0.3223491311073303,0.35840001702308655
1674,4,0.0,1.0240000486373901,0.0,0.0
1674,5,0.06539089232683182,0.6517277956008911,0.0,2.569000005722046
1678,0,-2.262428045272827,2.855684995651245,1.99033522605896,-4.662839889526367
1680,0,0.023990273475646973,0.5994369387626648,0.19880607724189758,-6.000960350036621
1680,1,0.026391198858618736,0.659428060054779,0.21870240569114685,-1.421280026435852
1683,0,0.018367823213338852,0.6120771169662476,0.15635931491851807,7.738080024719238
1683,1,0.020351728424429893,0.6781874299049377,0.15172414481639862,4.263840198516846
1683,2,0.023875266313552856,0.7956034541130066,0.20324237644672394,0.3158400058746338
1683,3,0.021858183667063713,0.5461631417274475,0.15717728435993195,0.3158400058746338
1683,4,0.024289004504680634,0.606901228427887,0.17465677857398987,7.738080024719238
1683,5,0.027318628504872322,0.5459172129631042,0.15717728435993195,0.3158400058746338
1683,6,0.030356697738170624,0.6066280007362366,0.17465677857398987,7.738080024719238
1683,7,1.9891653060913086,2.671656370162964,2.3279902935028076,1.0623199939727783
1683,8,0.007694486994296312,0.3846730589866638,0.0,0.28700000047683716
1683,9,0.06130311265587807,1.5317604541778564,0.10748467594385147,0.35840001702308655
1686,0,-0.7017787098884583,1.922531247138977,0.08190815895795822,1.1496800184249878
1686,1,-0.7780980467796326,1.8929299116134644,0.08190815895795822,3.372040033340454
1686,2,-0.7780980467796326,1.8929299116134644,0.08190815895795822,4.088840007781982
1686,3,-0.8344254493713379,1.868510365486145,0.08189816027879715,-3.365600109100342
1686,4,2.8623340129852295,2.951869249343872,0.0,-2.22544002532959
1686,5,0.26449212431907654,3.299095630645752,2.4131369590759277,4.938360214233398
1686,6,0.020523499697446823,0.5128138661384583,0.0051324148662388325,0.4309200048446655
1689,0,0.2728627920150757,3.8916714191436768,2.031020402908325,4.927160263061523
1689,1,0.02554074302315712,0.31857794523239136,0.015993334352970123,0.2886800169944763
1689,2,0.0,0.6660000085830688,0.0,4.802560329437256
1692,0,0.0,4.088000297546387,0.0,-0.8386000394821167
1692,1,1.6642210483551025,2.4325854778289795,2.3834400177001953,7.1923604011535645
1692,2,-0.4808409810066223,1.7374053001403809,0.14452572166919708,4.391520023345947
1697,0,-2.498317241668701,2.194716453552246,0.4009760618209839,0.3158400058746338
1697,1,-2.5575997829437256,1.9882314205169678,1.0735371112823486,0.3158400058746338
1697,2,-0.006037626415491104,0.6037424802780151,0.1867687702178955,-1.579200029373169
1697,3,0.0,0.5550416707992554,0.12411810457706451,0.3158400058746338
1697,4,0.0,0.6073870658874512,0.17465677857398987,-1.579200029373169
1697,5,-2.2595574855804443,1.3263314962387085,0.1837048977613449,-2.4385199546813965
1697,6,2.755300998687744,1.6173266172409058,0.2240094691514969,-2.7943999767303467
1697,7,0.0032143036369234324,0.3214196562767029,0.006429571192711592,0.21615999937057495
1697,8,-0.17063917219638824,1.4151610136032104,1.3821765184402466,-4.954880237579346
1700,0,-0.18713022768497467,1.1595665216445923,1.6777043342590332,-8.027040481567383
1700,1,-0.36951813101768494,1.0122994184494019,0.690729022026062,-5.588240146636963
1704,0,-0.1612183153629303,5.372331619262695,0.0,-7.4099202156066895
1704,1,-0.1612183153629303,5.372331619262695,0.0,-7.409360408782959
1704,2,-0.1612183153629303,5.372331619262695,0.0,-7.4090800285339355
1704,3,0.1654726266860962,0.7399742603302002,0.0,7.499520301818848
1704,4,0.005550323985517025,0.55501389503479,0.12411810457706451,0.3158400058746338
1704,5,0.006193917710334063,0.6193711161613464,0.1255590170621872,0.3158400058746338
1704,6,0.00681379996240139,0.6813572645187378,0.13812485337257385,0.3158400058746338
1704,7,0.0073996190913021564,0.7399372458457947,0.1654726266860962,0.3158400058746338
1704,8,0.01110009290277958,0.5549306869506836,0.12411810457706451,0.3158400058746338
1704,9,0.012387216091156006,0.6192782521247864,0.1255590170621872,0.3158400058746338
1704,10,0.013626918196678162,0.6812551021575928,0.13812485337257385,0.3158400058746338
1704,11,-2.444464683532715,2.1911022663116455,0.6654428839683533,-0.3158400058746338
1704,12,0.0,0.6249033808708191,0.09444490075111389,-3.632160186767578
1704,13,0.0,0.6935473680496216,0.04862776771187782,4.737600326538086
1704,14,0.0,0.9485000371932983,0.0,4.605440139770508
1704,15,-3.083437442779541,1.3065520524978638,0.06698553264141083,0.0
1704,16,-3.0428595542907715,1.3984532356262207,0.06698553264141083,0.0
1708,0,-0.044371820986270905,0.738642692565918,0.1654726266860962,-0.3158400058746338
1708,1,-0.027132472023367882,0.6779500246047974,0.15172414481639862,-0.3158400058746338
1708,2,-0.02959107793867588,0.7393823862075806,0.1654726266860962,-0.3158400058746338
1708,3,-0.020351728424429893,0.6781874299049377,0.15172414481639862,-0.3158400058746338
1708,4,-0.02219589799642563,0.7396413087844849,0.1654726266860962,-0.3158400058746338
1708,5,-0.012334521859884262,0.6166439056396484,0.13792112469673157,-0.3158400058746338
1708,6,-0.044302795082330704,2.2148444652557373,0.49538129568099976,4.374160289764404
1710,0,-0.215326726436615,0.6497695446014404,1.9302172660827637,-2.6496400833129883
1710,1,-0.215326726436615,0.6497695446014404,1.9302172660827637,-3.3664400577545166
1710,2,0.02554074302315712,0.31857794523239136,0.015993334352970123,0.2886800169944763
1710,3,0.0,0.6659666895866394,0.006659889128059149,4.802560329437256
1713,0,-2.690398931503296,1.8044764995574951,1.0735371112823486,1.7371200323104858
1713,1,-2.653773784637451,1.8579200506210327,1.0735371112823486,1.7371200323104858
1713,2,-2.596850633621216,1.9366852045059204,1.0735371112823486,2.6846401691436768
1713,3,0.0,2.104750156402588,0.0,0.0
1713,4,0.024769477546215057,0.6189066767692566,0.1255590170621872,1.421280026435852
1721,0,0.0,0.6599559783935547,0.21870240569114685,-1.579200029373169
1721,1,0.005999067798256874,0.5998868346214294,0.19880607724189758,-0.3158400058746338
1721,2,0.006599449552595615,0.6599229574203491,0.21870240569114685,-1.579200029373169
1721,3,0.0077978395856916904,0.7797579765319824,0.25841644406318665,8.401400566101074
1721,4,0.013198238797485828,0.659824013710022,0.21870240569114685,-1.579200029373169
1721,5,0.07367948442697525,3.683483362197876,1.2209115028381348,-1.579200029373169
1721,6,0.013487177900969982,0.4494377374649048,0.0179952010512352,0.3600800037384033
1726,0,0.0,4.088250160217285,0.0,6.039600372314453
1739,0,1.9465687274932861,2.6144447326660156,2.4268531799316406,4.3470001220703125
1741,0,1.9465687274932861,2.6144447326660156,2.4268531799316406,4.3470001220703125
1741,1,0.24392470717430115,1.0908029079437256,2.3092076778411865,4.578840255737305
1741,2,0.020523499697446823,0.5128138661384583,0.0051324148662388325,0.4309200048446655
1748,0,1.781943678855896,1.473089575767517,0.34942373633384705,0.3158400058746338
1748,1,0.0,2.3207499980926514,0.0,0.0
1753,0,2.1677584648132324,3.036463499069214,0.8342918753623962,-5.461679935455322
1758,0,1.809259057044983,1.4064849615097046,0.4645385444164276,0.3158400058746338
1758,1,1.9006929397583008,1.3881428241729736,0.47710439562797546,0.3158400058746338
1760,0,2.5771775245666504,3.122579336166382,0.5705569386482239,-0.21476000547409058
1760,1,-2.164247989654541,2.731759786605835,1.6835341453552246,5.876359939575195
1760,2,2.0940330028533936,2.754565715789795,1.2239810228347778,-5.6814799308776855
1760,3,-1.6029702425003052,1.2720390558242798,0.08189816027879715,-5.3684401512146
1763,0,-0.20418976247310638,0.5264479517936707,0.06808631867170334,0.4737600088119507
1763,1,-0.19891513884067535,0.5284634828567505,0.06808631867170334,0.3158400058746338
1763,2,-0.2201373428106308,0.5848451256752014,0.09444490075111389,0.4737600088119507
1763,3,-0.1883068084716797,0.5323358178138733,0.06808631867170334,0.3158400058746338
1763,4,-0.21427799761295319,0.5870171785354614,0.09444490075111389,0.4737600088119507
1763,5,-0.23572273552417755,0.6457653045654297,0.103896863758564,0.4737600088119507
1763,6,0.0,3.848750114440918,0.0,-2.936079978942871
1763,7,1.9542945623397827,2.8565847873687744,1.2634069919586182,-3.6582000255584717
1763,8,1.5621297359466553,1.003031849861145,0.09289877861738205,-2.725800037384033
1763,9,1.8850607872009277,1.2103835344314575,0.11210326850414276,-2.940840005874634
1763,10,1.2385163307189941,0.7952421307563782,0.0884169265627861,-2.439079999923706
1763,11,0.7011539936065674,0.4502057731151581,0.05005495622754097,-2.725800037384033
1763,12,1.8823776245117188,1.2086607217788696,0.15684683620929718,-2.439079999923706
1763,13,1.7749329805374146,1.1396712064743042,0.14789415895938873,-2.439079999923706
1763,14,3.41987681388855,2.1958773136138916,0.5313379764556885,-2.725800037384033
1763,15,1.0688362121582031,0.6862917542457581,0.1789989322423935,-2.725800037384033
1763,16,0.013487177900969982,0.4494377374649048,0.0179952010512352,0.3600800037384033
1769,0,-2.3590691089630127,3.5233354568481445,1.2192811965942383,-0.7884800434112549
1769,1,-0.36221620440483093,1.1307684183120728,0.32861313223838806,-0.43007999658584595
1772,0,-0.17265014350414276,0.5785614848136902,0.1867687702178955,-0.3158400058746338
1772,1,-0.1887158751487732,0.632398784160614,0.21870240569114685,0.6316800117492676
1772,2,-0.20837919414043427,0.6982918381690979,0.20954668521881104,-0.3158400058746338
1772,3,-0.2229846566915512,0.7472356557846069,0.25841644406318665,-0.3158400058746338
1772,4,-0.16685600578784943,0.5802590250968933,0.1867687702178955,-0.3158400058746338
1772,5,-0.18355479836463928,0.63833087682724,0.20546041429042816,-0.3158400058746338
1772,6,-0.2013859897851944,0.7003406882286072,0.20954668521881104,-0.3158400058746338
1772,7,0.0,1.7280000448226929,0.0,0.0
1772,8,0.06539089232683182,0.6517277956008911,0.0,2.569000005722046
1772,9,0.173415869474411,1.7283743619918823,1.1133958101272583,2.569000005722046
1775,0,-2.4968111515045166,2.0640532970428467,1.0735371112823486,3.7900800704956055
1775,1,0.013487177900969982,0.4494377374649048,0.0179952010512352,0.3600800037384033
1775,2,2.041414260864258,2.9839272499084473,1.319727897644043,-2.936079978942871
1783,0,-2.5576531887054443,2.2468416690826416,0.23869746923446655,0.7896000146865845
1783,1,-0.28198662400245667,0.7270260453224182,0.25841644406318665,0.7896000146865845
1783,2,-0.30369770526885986,0.7830021977424622,0.2783127725124359,-9.001160621643066
1785,0,0.1892605721950531,2.097214460372925,1.668278694152832,0.16043999791145325
1788,0,0.0,4.089250087738037,0.0,-1.559320092201233
1788,1,2.2100539207458496,3.1621036529541016,0.387079119682312,-8.974559783935547
1793,0,-2.2906479835510254,2.832641839981079,1.2072278261184692,4.579960346221924
1793,1,-0.042244669049978256,0.8441892862319946,0.5537782311439514,4.453400135040283
1793,2,0.013487177900969982,0.4494377374649048,0.0179952010512352,0.3600800037384033
1796,0,1.875293254852295,5.658881187438965,2.5910604000091553,4.579400062561035
1799,0,-2.4562151432037354,4.192087173461914,0.3895241916179657,-2.293760061264038
1799,1,-2.703308343887329,4.037466526031494,0.38954415917396545,-2.293760061264038
1799,2,0.020523499697446823,0.5128138661384583,0.0051324148662388325,0.4309200048446655
1806,0,2.952766180038452,3.106698513031006,0.1286206990480423,0.0002800000074785203
1806,1,0.5644530057907104,0.3016502261161804,0.0,0.0
1806,2,1.7414543628692627,2.491640090942383,2.359273672103882,-7.591920375823975
1806,3,-2.418956756591797,2.991309881210327,0.6603610515594482,7.1173200607299805
1806,4,-2.455350399017334,3.5130691528320312,0.1286206990480423,0.0002800000074785203
1809,0,1.9465687274932861,2.6144447326660156,2.4268531799316406,8.141839981079102
1812,0,-0.9109585285186768,4.273942470550537,2.989640712738037,-1.8284000158309937
1812,1,0.013487177900969982,0.4494377374649048,0.0179952010512352,0.3600800037384033
1812,2,2.041414260864258,2.9839272499084473,1.319727897644043,-2.936079978942871
1812,3,0.0,5.248000144958496,0.0,0.0
1812,4,-1.0176440477371216,0.3839696943759918,0.7601951360702515,7.28056001663208
1812,5,0.0032143036369234324,0.3214196562767029,0.006429571192711592,0.21615999937057495
1821,0,-0.7254161238670349,1.083429217338562,2.6264123916625977,4.578840255737305
1823,0,0.1463705450296402,4.877554416656494,0.0,-2.184000015258789
1825,0,-1.6753190755844116,1.19804048538208,0.31127965450286865,4.442759990692139
1827,0,0.0,4.088250160217285,0.0,-8.600760459899902
1829,0,-0.15422694385051727,0.579753577709198,0.19880607724189758,6.000960350036621
1829,1,-0.16966184973716736,0.6377748250961304,0.21870240569114685,-0.3158400058746338
1829,2,-0.14910544455051422,0.7752993106842041,0.22702619433403015,-0.3158400058746338
1829,3,0.013487177900969982,0.4494377374649048,0.0179952010512352,0.3600800037384033
1829,4,2.041414260864258,2.9839272499084473,1.319727897644043,-2.936079978942871
1835,0,-0.14555783569812775,0.5948014259338379,0.15635931491851807,-7.264320373535156
1835,1,-0.5315807461738586,1.4562718868255615,0.39584633708000183,-0.4272800087928772
1838,0,1.1188791990280151,0.8344403505325317,0.934547483921051,-2.274440050125122
1840,0,-1.3553805351257324,3.1184611320495605,2.58490252494812,0.5426400303840637
1845,0,-0.4322587549686432,1.5032247304916382,1.1404370069503784,-0.7596400380134583
1845,1,1.1188791990280151,0.8344403505325317,0.934547483921051,-2.274440050125122
1845,2,2.146127462387085,2.7088875770568848,0.0,0.7459200024604797
1845,3,0.0,1.0880000591278076,0.0,0.0
1845,4,0.06539089232683182,0.6517277956008911,0.0,2.569000005722046
1845,5,0.007694486994296312,0.3846730589866638,0.0,0.28700000047683716
1845,6,2.18587064743042,2.759052276611328,0.0,0.7459200024604797
1848,0,-0.03764263540506363,0.3121814727783203,0.2757876515388489,6.68388032913208
1851,0,0.4163084328174591,0.3584059178829193,1.2964168787002563,-2.6376001834869385
1856,0,0.010239829309284687,1.0239487886428833,0.0,0.0
1856,1,-1.2229796648025513,4.789576530456543,0.0,0.4684400260448456
1865,0,-0.21438857913017273,0.718429684638977,0.11331146955490112,0.3158400058746338
1865,1,-0.23152349889278412,0.7758498191833496,0.13898330926895142,0.3158400058746338
1865,2,1.6379367113113403,2.2464733123779297,0.05561129003763199,-0.3158400058746338
1868,0,-0.24565649032592773,0.7171932458877563,0.01516398973762989,-0.3158400058746338
1868,1,-0.2555147111415863,0.7710407376289368,0.12276343256235123,-0.3158400058746338
1870,0,-2.5575997829437256,1.9882314205169678,1.0735371112823486,1.7371200323104858
1870,1,2.0993213653564453,3.5021984577178955,0.8277060985565186,8.08080005645752
1873,0,-0.4683624804019928,0.7639185786247253,0.9797884225845337,4.434360027313232
1873,1,-0.050270672887563705,5.026899814605713,1.6659445762634277,-4.885720252990723
1877,0,-0.33579927682876587,0.6777679324150085,0.05303416773676872,0.0
1877,1,-0.3021678924560547,0.6255351305007935,0.027802584692835808,0.0
1877,2,-0.32847777009010315,0.6800007224082947,0.06815040856599808,0.0
1877,3,-1.4682104587554932,2.8201687335968018,1.0536407232284546,0.0
1877,4,-0.8303256034851074,2.505589008331299,0.8747309446334839,0.0
1877,5,-0.8052286505699158,2.5137667655944824,0.8747309446334839,0.0
1877,6,-0.23429353535175323,0.8465643525123596,0.1059153825044632,0.0
1880,0,0.8998809456825256,5.242325782775879,0.0,-6.548360347747803
1880,1,1.3633196353912354,5.3391923904418945,0.0,8.075200080871582
1880,2,1.5712069272994995,5.079285621643066,0.0,-3.1068801879882812
1880,3,-0.7067716121673584,2.5537521839141846,0.0,7.180600166320801
1882,0,0.0,4.088500022888184,0.0,6.561240196228027
1882,1,0.0,3.848750114440918,0.0,-2.936079978942871
1882,2,1.9542945623397827,2.8565847873687744,1.2634069919586182,-3.6582000255584717
1887,0,0.16305619478225708,0.8960631489753723,1.8346149921417236,4.122440338134766
1890,0,0.215702623128891,0.5247538089752197,0.03977999463677406,-0.3158400058746338
1890,1,0.007694486994296312,0.3846730589866638,0.0,0.28700000047683716
1890,2,0.04598481208086014,1.1490070819854736,0.08062661439180374,0.35840001702308655
1890,3,3.9345672130584717,4.966294288635254,0.0,0.7459200024604797
1890,4,-0.09213542938232422,2.302157163619995,0.0,0.0008399999933317304
1890,5,0.06539089232683182,0.6517277956008911,0.0,2.569000005722046
1890,6,2.224830150604248,3.116405963897705,0.7364081144332886,7.4454803466796875
1890,7,0.02554074302315712,0.31857794523239136,0.015993334352970123,0.2886800169944763
1890,8,0.0,0.6659666895866394,0.006659889128059149,4.802560329437256
1890,9,0.0,2.293750047683716,0.0,0.7168000340461731
1894,0,0.007694486994296312,0.3846730589866638,0.0,0.28700000047683716
1894,1,0.15065984427928925,3.7644872665405273,0.26415663957595825,0.35840001702308655
1897,0,-0.38541939854621887,0.6890379786491394,0.22702619433403015,6.948480129241943
1897,1,-0.31874316930770874,0.612248420715332,0.0832299143075943,1.7371200323104858
1897,2,-0.3482510447502136,0.6529036164283752,0.1654726266860962,-0.3158400058746338
1897,3,-0.37156248092651367,0.6966080665588379,0.22702619433403015,-1.1054400205612183
1897,4,-0.3126048445701599,0.6154052019119263,0.0832299143075943,1.7371200323104858
1897,5,-0.34170469641685486,0.6563534140586853,0.1654726266860962,-0.3158400058746338
1897,6,-0.3645779490470886,0.7002887725830078,0.22702619433403015,-1.1054400205612183
1897,7,-1.6789947748184204,3.475783348083496,0.3483467996120453,1.7371200323104858
1897,8,0.0,4.089000225067139,0.0,-0.7086800336837769
1897,9,2.218515157699585,3.1742098331451416,0.15498867630958557,-8.622879981994629
1905,0,-0.24529804289340973,0.7402108907699585,0.25841644406318665,-9.033080101013184
1913,0,-0.4244176149368286,0.8786112666130066,0.0,-2.124920129776001
1916,0,-1.4267206192016602,0.5220814943313599,1.8756569623947144,2.203320026397705
1918,0,-2.5145370960235596,3.046682357788086,0.15809784829616547,5.973240375518799
1918,1,1.9465687274932861,2.6144447326660156,2.4268531799316406,-5.425000190734863
16,0,-0.34136486053466797,0.7066789865493774,0.24276985228061676,-2.052960157394409
16,1,-0.23172824084758759,0.518903911113739,0.022743934765458107,0.3158400058746338
16,2,-0.25527194142341614,0.5566076040267944,0.15635931491851807,0.3158400058746338
16,3,1.1389185190200806,1.1982920169830322,1.1802276372909546,-3.8477602005004883
22,0,-0.25958123803138733,0.8391556739807129,0.1059153825044632,-0.3158400058746338
27,0,-0.25130414962768555,0.5782008767127991,0.04420388117432594,-0.3158400058746338
27,1,-0.22143739461898804,0.5237486958503723,0.011374241672456264,0.3158400058746338
27,2,-0.24550966918468475,0.580685019493103,0.04420388117432594,-0.3158400058746338
27,3,-0.2161889225244522,0.5259369015693665,0.011374241672456264,0.3158400058746338
27,4,-0.2396906465291977,0.583111047744751,0.04420388117432594,0.3158400058746338
27,5,-0.2111494541168213,0.7937306761741638,0.016428904607892036,-8.875160217285156
27,6,-3.248166799545288,2.796393394470215,0.1286206990480423,0.0005600000149570405
27,7,-0.22545550763607025,0.5989740490913391,0.0,0.0002800000074785203
27,8,1.5551214218139648,0.7720259428024292,1.1128562688827515,-8.954959869384766
29,0,3.5404269695281982,3.8774147033691406,1.976346492767334,4.382840156555176
29,1,-0.3531593382358551,0.6952422261238098,0.25841644406318665,-0.3158400058746338
29,2,-0.24766841530799866,0.5545983910560608,0.17465677857398987,-0.3158400058746338
29,3,-0.22124478220939636,0.5090402960777283,0.12411810457706451,0.3158400058746338
32,0,0.0,5.192500114440918,0.0,0.0
32,1,-0.19451764225959778,0.9126180410385132,2.8082828521728516,-4.911760330200195
32,2,-2.0798940658569336,1.7547037601470947,1.9426910877227783,-6.923280239105225
36,0,-1.0152751207351685,0.6957746148109436,2.6090033054351807,-4.691120147705078
36,1,-0.23337289690971375,0.8115784525871277,0.7406538128852844,4.431839942932129
36,2,0.013487177900969982,0.4494377374649048,0.0179952010512352,0.3600800037384033
36,3,2.041414260864258,2.9839272499084473,1.319727897644043,-2.936079978942871
40,0,1.6865487098693848,5.089325904846191,0.0,-5.114200115203857
40,1,1.5087783336639404,4.877470970153809,0.0,-5.113920211791992
40,2,0.0032143036369234324,0.3214196562767029,0.006429571192711592,0.21615999937057495
40,3,0.0032143036369234324,0.3214196562767029,0.006429571192711592,0.21615999937057495
50,0,-0.4432190954685211,0.6914834380149841,0.016428904607892036,-0.3158400058746338
53,0,0.0,3.848750114440918,0.0,-2.936079978942871
53,1,1.9542945623397827,2.8565847873687744,1.2634069919586182,-3.6582000255584717
56,0,0.4705175757408142,4.260166168212891,0.1286206990480423,0.0002800000074785203
56,1,0.22545550763607025,0.5989740490913391,0.0,0.0
60,0,-0.8484141826629639,0.34953489899635315,0.5376347303390503,2.293760061264038
60,1,0.010142331011593342,1.0141993761062622,0.0,-2.6538400650024414
64,0,0.5623937845230103,2.202512502670288,0.09097573906183243,0.0
67,0,-1.7838226556777954,5.042795181274414,0.0,0.9046800136566162
67,1,-1.6984498500823975,4.801449775695801,0.0,0.9046800136566162
67,2,1.7371938228607178,5.242152690887451,0.0,-1.6741200685501099
67,3,1.6767970323562622,5.059899806976318,0.0,-1.6735600233078003
67,4,1.5962679386138916,4.816895484924316,0.0,-1.6735600233078003
70,0,2.2130372524261475,3.234787702560425,0.47259387373924255,-7.844480037689209
70,1,0.0,3.848750114440918,0.0,-2.936079978942871
70,2,1.9542945623397827,2.8565847873687744,1.2634069919586182,-3.6582000255584717
77,0,0.0032143036369234324,0.3214196562767029,0.006429571192711592,0.21615999937057495
77,1,-1.0926519632339478,0.3630591928958893,1.009847640991211,-4.390960216522217
88,0,2.771467924118042,1.899304986000061,0.37107813358306885,1.2188400030136108
90,0,-0.1854662001132965,0.6701382994651794,0.7757319808006287,4.891880035400391
90,1,1.2403526306152344,1.3584128618240356,0.0,-7.291759967803955
96,0,-2.632216453552246,1.9630606174468994,0.13141494989395142,0.0
99,0,-0.2906632721424103,0.5583119988441467,0.05680324137210846,0.3158400058746338
99,1,-0.27943962812423706,0.5640131831169128,0.05680324137210846,0.3158400058746338
99,2,-0.3126048445701599,0.6154052019119263,0.0832299143075943,0.3158400058746338
99,3,-0.27378562092781067,0.5667793154716492,0.05680324137210846,0.3158400058746338
99,4,-0.3002350330352783,0.6215338110923767,0.0832299143075943,0.3158400058746338
99,5,1.6415352821350098,2.399425745010376,2.3994271755218506,-6.552000045776367
103,0,-0.4053182303905487,0.5677449703216553,0.40872374176979065,2.293760061264038
103,1,-0.6243743896484375,0.3022207021713257,0.41580748558044434,2.293760061264038
103,2,-0.33474770188331604,0.6127515435218811,0.4091028869152069,2.293760061264038
103,3,-0.2720702588558197,0.643506646156311,0.40935564041137695,2.293760061264038
103,4,-1.0598312616348267,0.790403425693512,0.13265365362167358,-0.7884800434112549
103,5,-0.6851869821548462,0.614169180393219,0.10162726044654846,-1.0035200119018555
103,6,0.036985836923122406,3.698460340499878,2.1177031993865967,3.3493599891662598
103,7,1.6136409044265747,3.427586317062378,1.5572518110275269,0.017079999670386314
105,0,0.0,0.546750009059906,0.0,0.0
117,0,0.17785412073135376,0.8344378471374512,0.7186248898506165,4.408880233764648
120,0,-0.24535344541072845,0.6325773596763611,0.15172414481639862,-2.5267200469970703
120,1,0.6716164946556091,3.3131885528564453,2.3127756118774414,0.017079999670386314
120,2,0.4789752662181854,0.3800913989543915,1.330466628074646,-4.893840312957764
123,0,-2.9248666763305664,1.5630826950073242,0.03316444903612137,-4.879839897155762
125,0,-0.23913243412971497,0.5501961708068848,0.19880607724189758,0.4737600088119507
125,1,0.013487177900969982,0.4494377374649048,0.0179952010512352,0.3600800037384033
125,2,2.041414260864258,2.9839272499084473,1.319727897644043,-2.936079978942871
129,0,0.0,5.529000282287598,0.0,0.0
129,1,0.06036243587732315,0.33171728253364563,0.6791635751724243,4.122440338134766
129,2,-0.2131151407957077,0.5184590816497803,0.09622246026992798,-0.3158400058746338
129,3,-0.2368154227733612,0.5761163234710693,0.10692324489355087,0.3158400058746338
129,4,-0.2605156898498535,0.6337735056877136,0.11762402951717377,0.3158400058746338
129,5,-0.2841222882270813,0.6912028193473816,0.12828251719474792,0.3158400058746338
129,6,-0.20791999995708466,0.5205642580986023,0.09622246026992798,-0.3158400058746338
129,7,-0.22974893450737,0.5752168297767639,0.1255590170621872,0.3158400058746338
129,8,-0.25416505336761475,0.6363468766212463,0.11762402951717377,0.3158400058746338
132,0,0.004153808578848839,0.4153670370578766,0.07988731563091278,-3.3633601665496826
132,1,0.004127977415919304,0.41278398036956787,0.09231112897396088,-3.291680097579956
132,2,0.037051454186439514,0.3072786331176758,0.2883332073688507,-2.929920196533203
132,3,0.6827211380004883,0.5529900193214417,0.6272274851799011,-6.326879978179932
132,4,1.8303892612457275,2.5104269981384277,0.34313952922821045,0.5026000142097473
132,5,-2.8837010860443115,1.1880450248718262,0.21867631375789642,0.6451200246810913
132,6,3.473555564880371,4.123950481414795,1.3194873332977295,-4.779880046844482
132,7,0.0032143036369234324,0.3214196562767029,0.006429571192711592,0.21615999937057495
132,8,0.0,0.38494187593460083,0.01540589239448309,0.21644000709056854
135,0,-0.08520060777664185,0.9441160559654236,0.009479842148721218,7.2310004234313965
135,1,-0.15091286599636078,0.9351429343223572,0.037909891456365585,0.7896000146865845
135,2,-0.14132042229175568,0.9350595474243164,0.06630582362413406,0.7896000146865845
135,3,0.0,0.3582500219345093,0.0,0.0
135,4,-2.291616678237915,1.7090471982955933,0.2004387229681015,-0.7884800434112549
135,5,-3.7444446086883545,4.925576210021973,0.3096209466457367,-0.7882000207901001
135,6,-1.371920108795166,2.5112829208374023,0.17190182209014893,-1.0035200119018555
135,7,-2.3591558933258057,1.616744875907898,0.2005261480808258,-0.6451200246810913
135,8,2.4500153064727783,1.471265196800232,0.22911542654037476,-0.7882000207901001
135,9,-1.8880414962768555,2.1526741981506348,0.172006756067276,-1.0035200119018555
135,10,-1.8853957653045654,2.149657726287842,0.22923530638217926,-0.07168000191450119
135,11,-0.2748432457447052,0.5689687728881836,0.012639157474040985,-1.421280026435852
135,12,-0.3290049433708191,0.6810919642448425,0.05303416773676872,-0.6316800117492676
135,13,-2.3702661991119385,2.931098461151123,1.0432533025741577,1.6998800039291382
135,14,-2.047089099884033,2.531453847885132,2.474910020828247,1.8244800567626953
140,0,-0.26027557253837585,0.671049952507019,0.23852010071277618,0.3158400058746338
140,1,-0.28379905223846436,0.7316989302635193,0.24276985228061676,0.3158400058746338
140,2,-0.2535521388053894,0.6736191511154175,0.23852010071277618,0.3158400058746338
140,3,-0.2764679789543152,0.7345002889633179,0.24276985228061676,0.3158400058746338
140,4,-0.29606664180755615,0.8110781908035278,0.1930786669254303,-0.3158400058746338
140,5,-0.2468033879995346,0.6761208772659302,0.23852010071277618,0.3158400058746338
140,6,-0.2691092789173126,0.7372281551361084,0.24276985228061676,0.3158400058746338
140,7,0.3170970678329468,3.955254077911377,1.9659132957458496,4.3612799644470215
140,8,0.02554074302315712,0.31857794523239136,0.015993334352970123,0.2886800169944763
140,9,0.0,0.6659666895866394,0.006659889128059149,4.802560329437256
140,10,0.0,2.293750047683716,0.0,0.7168000340461731
140,11,-2.1415655612945557,0.711585283279419,0.4106490910053253,0.7327600121498108
143,0,-0.2882663607597351,2.204927921295166,1.6213264465332031,0.0008399999933317304
153,0,2.135810613632202,4.0042338371276855,2.136512517929077,4.464320182800293
153,1,0.2772549092769623,0.9290986657142639,1.1728719472885132,4.342800140380859
155,0,3.5845987796783447,5.846628665924072,2.5813775062561035,4.5390801429748535
155,1,-3.0553386211395264,1.9618101119995117,1.4083114862442017,4.37667989730835
155,2,-1.4519691467285156,2.0774500370025635,1.5890436172485352,-4.779040336608887
158,0,-0.20050829648971558,0.6481888890266418,0.15172414481639862,-0.3158400058746338
158,1,-0.707361102104187,1.7208434343338013,0.47507748007774353,-0.6420400142669678
158,2,2.32554292678833,3.327343225479126,0.6551164984703064,0.0
158,3,0.007694486994296312,0.3846730589866638,0.0,0.28700000047683716
158,4,0.1276824027299881,3.1903576850891113,0.22386957705020905,0.35840001702308655
158,5,0.0,0.5760000348091125,0.0,0.0
158,6,-0.23545721173286438,5.883290767669678,0.0,0.0008399999933317304
158,7,0.06539089232683182,0.6517277956008911,0.0,2.569000005722046
158,8,0.06583204865455627,0.6561246514320374,0.4226667881011963,2.569000005722046
158,9,0.5967910885810852,0.4833884537220001,0.0,-8.730680465698242
158,10,0.4475933313369751,0.3625413775444031,0.0,-6.651960372924805
158,11,3.8294098377227783,3.10174298286438,0.0,-4.214839935302734
161,0,0.0,1.4832500219345093,0.0,0.0
170,0,0.31340858340263367,0.38756465911865234,0.7762570381164551,4.465440273284912
173,0,-0.8934738636016846,4.1919097900390625,0.1286206990480423,0.0
176,0,-0.30150535702705383,0.6937038898468018,0.05303416773676872,-0.3158400058746338
176,1,-0.2706889510154724,0.6402395963668823,0.013904073275625706,-0.3158400058746338
176,2,-0.2940813899040222,0.6955679059028625,0.06815040856599808,-0.3158400058746338
176,3,-0.545701265335083,2.137139320373535,1.5090069770812988,7.148680210113525
176,4,1.7688971757888794,4.303311347961426,2.1903939247131348,0.8411200046539307
180,0,-0.2892426550388336,0.7241698503494263,0.25841644406318665,0.4737600088119507
180,1,-0.30369770526885986,0.7830021977424622,0.2783127725124359,0.3158400058746338
180,2,1.7977666854858398,1.4861701726913452,0.16354387998580933,-0.3158400058746338
182,0,-0.3431434631347656,0.8116106390953064,0.07952004671096802,1.7371200323104858
182,1,1.6630504131317139,2.4838123321533203,2.4670591354370117,3.9536001682281494
191,0,0.7096015214920044,3.899562358856201,0.3976864218711853,2.153480052947998
191,1,0.3305932581424713,0.30234435200691223,0.0,-6.651400089263916
191,2,0.5455513000488281,0.5405532121658325,0.0,-5.360880374908447
191,3,0.5455513000488281,0.5405532121658325,0.0,-4.859119892120361
191,4,1.4735207557678223,1.0316191911697388,0.0,-7.584360122680664
191,5,-0.6135290861129761,1.4925721883773804,0.0,-4.154360294342041
191,6,-0.5278459191322327,1.1819937229156494,0.0,6.669600009918213
191,7,-0.7821767926216125,1.6192289590835571,0.0,-5.157320022583008
191,8,-0.6133389472961426,1.4921096563339233,0.0,-3.9393200874328613
191,9,-0.5271323323249817,1.1803958415985107,0.0,6.526240348815918
191,10,-0.8376349210739136,1.7340360879898071,0.0,-1.7883599996566772
191,11,-0.6593067646026611,1.8061790466308594,0.0,2.6549601554870605
194,0,2.4730780124664307,4.526938438415527,0.7796187996864319,-4.821599960327148
196,0,-0.12571369111537933,4.189199447631836,2.4556281566619873,-4.885159969329834
196,1,0.02554074302315712,0.31857794523239136,0.015993334352970123,0.2886800169944763
196,2,0.0,0.6659666895866394,0.006659889128059149,4.802560329437256
196,3,0.0,2.293750047683716,0.0,0.7168000340461731
196,4,-2.1415655612945557,0.711585283279419,0.4106490910053253,0.7327600121498108
203,0,0.02554074302315712,0.31857794523239136,0.015993334352970123,0.2886800169944763
203,1,0.0,0.6659666895866394,0.006659889128059149,4.802560329437256
205,0,-0.32634490728378296,2.496187925338745,0.4321340322494507,1.6654400825500488
207,0,-0.20799633860588074,0.7515456080436707,0.25841644406318665,-0.3158400058746338
207,1,-0.18503575026988983,0.6955667734146118,0.23852010071277618,-0.3158400058746338
207,2,-0.20047064125537872,0.7535879611968994,0.25841644406318665,-0.3158400058746338
209,0,-0.2186773270368576,0.7069244384765625,0.1654726266860962,3.4742400646209717
209,1,-0.22539356350898743,0.7838294506072998,0.09834358096122742,-0.3158400058746338
211,0,-0.28362467885017395,0.753513753414154,0.16320686042308807,8.401400566101074
211,1,-0.30546191334724426,0.811529278755188,0.17577269673347473,-0.3158400058746338
211,2,-0.2548195421695709,0.6980812549591064,0.15064102411270142,-7.896000385284424
215,0,-0.30106937885284424,0.8789709806442261,0.1883385181427002,0.3158400058746338
215,1,-0.27276507019996643,0.8230953216552734,0.17577269673347473,0.3158400058746338
223,0,-0.19834370911121368,0.776776909828186,0.17927564680576324,0.0
223,1,-0.19056615233421326,0.7787214517593384,0.17927564680576324,0.0
223,2,-0.1827695369720459,0.7805881500244141,0.17927564680576324,0.0
225,0,0.0,3.347750186920166,0.0,0.0
233,0,0.0,5.696000099182129,0.0,0.0
233,1,-2.18629789352417,3.0624325275421143,2.6862707138061523,-5.103000164031982
233,2,0.2298044115304947,5.742045879364014,0.4029232859611511,0.35840001702308655
235,0,-2.4968111515045166,2.0640532970428467,1.0735371112823486,3.0004801750183105
237,0,-0.23331528902053833,0.7542449235916138,0.22702619433403015,-0.3158400058746338
237,1,-0.25333330035209656,0.8189577460289001,0.21889066696166992,0.3158400058746338
237,2,1.660319209098816,2.2299818992614746,0.05561129003763199,0.3158400058746338
237,3,1.6658118963241577,2.1463749408721924,0.05434637889266014,0.3158400058746338
241,0,-0.1899288147687912,0.636463463306427,0.20546041429042816,0.3158400058746338
241,1,-0.20713919401168823,0.6941365003585815,0.2240781933069229,0.3158400058746338
241,2,-0.2401529997587204,0.8047678470611572,0.2783127725124359,-3.158400058746338
241,3,-0.16408860683441162,0.7008039951324463,0.23852010071277618,0.3158400058746338
241,4,-0.17777617275714874,0.7592620849609375,0.25841644406318665,-0.3158400058746338
241,5,-0.19146375358104706,0.8177201747894287,0.2783127725124359,0.3158400058746338
241,6,-0.17017479240894318,0.7610018253326416,0.25841644406318665,-3.3163201808929443
241,7,1.7552762031555176,1.5419713258743286,0.09350506216287613,0.3158400058746338
241,8,1.8038392066955566,1.5846327543258667,0.04802680015563965,0.3158400058746338
241,9,1.7520283460617065,1.4483593702316284,0.09097573906183243,0.3158400058746338
241,10,0.02554074302315712,0.31857794523239136,0.015993334352970123,0.2886800169944763
241,11,0.0,0.6659666895866394,0.006659889128059149,4.802560329437256
241,12,0.0,2.293635368347168,0.022937117144465446,0.7168000340461731
241,13,-2.03827166557312,2.681215524673462,1.9283918142318726,-2.437119960784912
248,0,1.752379298210144,1.5394264459609985,0.16354387998580933,-0.3158400058746338
248,1,1.8027567863464355,1.5836819410324097,0.09603439271450043,0.3158400058746338
250,0,-0.5878050327301025,1.2168489694595337,1.3638782501220703,-1.2865999937057495
250,1,-0.834527313709259,1.8687385320663452,0.08190815895795822,3.1572799682617188
250,2,-0.5486946105957031,1.135884165763855,1.2731306552886963,6.526520252227783
250,3,-0.834527313709259,1.8687385320663452,0.08190815895795822,-7.092960357666016
250,4,-0.8225069642066956,1.5798882246017456,0.19672271609306335,-0.4261600077152252
250,5,-0.7824774980545044,1.7521846294403076,0.07679951936006546,2.2971200942993164
250,6,-0.047399312257766724,4.739773273468018,2.0040442943573,-4.705120086669922
250,7,1.9770197868347168,1.3260061740875244,0.26291903853416443,-4.8815202713012695
250,8,0.0086995093151927,0.8699219822883606,0.7180139422416687,-1.5005199909210205
253,0,0.02554074302315712,0.31857794523239136,0.015993334352970123,0.2886800169944763
253,1,0.0,0.6659666895866394,0.006659889128059149,4.802560329437256
253,2,0.0,2.293750047683716,0.0,0.7168000340461731
261,0,0.0,3.848750114440918,0.0,-2.936079978942871
264,0,0.042415011674165726,1.059809684753418,1.8069525957107544,1.0617600679397583
264,1,-0.11396577954292297,0.871715784072876,0.6409895420074463,0.0008399999933317304
